customer_id,signup_date,country,acq_channel,plan,monthly_price
U13578,2022-01-01,JP,Organic,Pro,49.0
U13934,2022-01-01,US,Email,Pro,49.0
U10621,2022-01-03,US,Paid Social,Starter,19.0
U14336,2022-01-03,US,Affiliate,Business,199.0
U12225,2022-01-03,BR,Organic,Starter,19.0
U13224,2022-01-03,CA,Organic,Business,199.0
U12605,2022-01-04,US,Referral,Starter,19.0
U12873,2022-01-04,CA,Organic,Pro,49.0
U15154,2022-01-04,US,Referral,Pro,49.0
U12129,2022-01-04,US,Paid Search,Business,199.0
U10892,2022-01-04,DE,Email,Starter,19.0
U10270,2022-01-04,BR,Email,Starter,19.0
U13836,2022-01-05,CA,Paid Search,Starter,19.0
U11231,2022-01-05,US,Paid Search,Business,199.0
U10056,2022-01-05,DE,Email,Starter,19.0
U11699,2022-01-05,DE,Paid Search,Pro,49.0
U10176,2022-01-06,UK,Organic,Pro,49.0
U12632,2022-01-07,DE,Organic,Starter,19.0
U10969,2022-01-07,AU,Paid Social,Pro,49.0
U11556,2022-01-07,US,Organic,Starter,19.0
U14318,2022-01-07,US,Email,Starter,19.0
U12510,2022-01-08,FR,Affiliate,Starter,19.0
U11830,2022-01-09,US,Referral,Business,199.0
U11931,2022-01-09,DE,Email,Starter,19.0
U11313,2022-01-09,CA,Email,Starter,19.0
U12130,2022-01-10,DE,Paid Search,Starter,19.0
U13246,2022-01-11,JP,Paid Search,Pro,49.0
U13021,2022-01-11,US,Affiliate,Starter,19.0
U11248,2022-01-11,UK,Affiliate,Pro,49.0
U13191,2022-01-11,DE,Paid Search,Starter,19.0
U15459,2022-01-11,IN,Paid Social,Starter,19.0
U15425,2022-01-12,CA,Paid Search,Starter,19.0
U15511,2022-01-14,US,Paid Search,Pro,49.0
U12465,2022-01-15,US,Affiliate,Starter,19.0
U14412,2022-01-15,US,Referral,Starter,19.0
U10811,2022-01-15,FR,Affiliate,Pro,49.0
U10185,2022-01-16,DE,Paid Search,Pro,49.0
U10107,2022-01-16,CA,Paid Social,Starter,19.0
U14121,2022-01-16,US,Paid Search,Pro,49.0
U13543,2022-01-17,US,Email,Pro,49.0
U10817,2022-01-17,DE,Referral,Business,199.0
U13579,2022-01-17,JP,Organic,Pro,49.0
U15490,2022-01-17,DE,Referral,Pro,49.0
U13487,2022-01-18,US,Organic,Starter,19.0
U14359,2022-01-19,BR,Referral,Starter,19.0
U14811,2022-01-19,BR,Paid Search,Starter,19.0
U12735,2022-01-19,JP,Organic,Business,199.0
U12356,2022-01-20,US,Email,Business,199.0
U13846,2022-01-20,BR,Referral,Starter,19.0
U14864,2022-01-20,CA,Referral,Starter,19.0
U14488,2022-01-21,CA,Paid Search,Starter,19.0
U13285,2022-01-21,US,Paid Search,Business,199.0
U11374,2022-01-21,UK,Paid Search,Enterprise,599.0
U13331,2022-01-22,DE,Paid Social,Pro,49.0
U13938,2022-01-22,JP,Organic,Starter,19.0
U13678,2022-01-22,US,Organic,Starter,19.0
U10415,2022-01-22,UK,Affiliate,Pro,49.0
U12288,2022-01-22,DE,Organic,Starter,19.0
U13005,2022-01-22,UK,Organic,Starter,19.0
U10466,2022-01-23,CA,Paid Search,Pro,49.0
U10289,2022-01-23,UK,Paid Social,Starter,19.0
U11575,2022-01-23,US,Organic,Pro,49.0
U10303,2022-01-24,UK,Referral,Starter,19.0
U13080,2022-01-24,DE,Paid Social,Starter,19.0
U13898,2022-01-25,CA,Organic,Starter,19.0
U11950,2022-01-25,UK,Email,Starter,19.0
U10822,2022-01-27,US,Paid Search,Business,199.0
U15110,2022-01-27,US,Affiliate,Starter,19.0
U14165,2022-01-27,IN,Paid Search,Pro,49.0
U11278,2022-01-28,IN,Paid Search,Starter,19.0
U14921,2022-01-28,ES,Email,Starter,19.0
U12048,2022-01-29,JP,Paid Social,Starter,19.0
U15374,2022-01-30,IN,Paid Search,Starter,19.0
U10361,2022-01-30,UK,Paid Social,Business,199.0
U15524,2022-01-30,IN,Paid Social,Starter,19.0
U12830,2022-01-31,UK,Affiliate,Starter,19.0
U14876,2022-01-31,US,Affiliate,Starter,19.0
U11735,2022-01-31,US,Paid Search,Pro,49.0
U13697,2022-01-31,AU,Organic,Starter,19.0
U11471,2022-02-01,AU,Affiliate,Pro,49.0
U15092,2022-02-01,CA,Paid Social,Starter,19.0
U14337,2022-02-02,US,Paid Social,Business,199.0
U10152,2022-02-03,BR,Email,Business,199.0
U13773,2022-02-03,UK,Paid Search,Business,199.0
U10288,2022-02-03,CA,Organic,Starter,19.0
U15385,2022-02-03,US,Organic,Starter,19.0
U11646,2022-02-04,FR,Organic,Starter,19.0
U13693,2022-02-05,US,Paid Search,Pro,49.0
U14552,2022-02-05,JP,Organic,Pro,49.0
U13803,2022-02-05,AU,Paid Social,Starter,19.0
U10850,2022-02-05,US,Organic,Pro,49.0
U10508,2022-02-05,US,Organic,Pro,49.0
U15406,2022-02-05,AU,Organic,Starter,19.0
U12917,2022-02-05,JP,Paid Social,Starter,19.0
U11704,2022-02-06,US,Organic,Starter,19.0
U11584,2022-02-06,US,Organic,Starter,19.0
U12115,2022-02-06,US,Referral,Starter,19.0
U14030,2022-02-07,CA,Organic,Pro,49.0
U13973,2022-02-07,AU,Affiliate,Pro,49.0
U11233,2022-02-08,US,Organic,Business,199.0
U14827,2022-02-08,JP,Paid Search,Starter,19.0
U14360,2022-02-08,JP,Paid Search,Pro,49.0
U13055,2022-02-08,UK,Paid Search,Pro,49.0
U12003,2022-02-08,US,Paid Search,Starter,19.0
U13451,2022-02-09,BR,Paid Search,Pro,49.0
U13510,2022-02-09,US,Affiliate,Pro,49.0
U10647,2022-02-10,BR,Organic,Pro,49.0
U14058,2022-02-10,CA,Referral,Pro,49.0
U12709,2022-02-10,AU,Paid Search,Starter,19.0
U14372,2022-02-10,US,Paid Social,Starter,19.0
U10140,2022-02-11,CA,Organic,Pro,49.0
U12606,2022-02-11,AU,Email,Pro,49.0
U12539,2022-02-11,AU,Paid Search,Starter,19.0
U14350,2022-02-11,UK,Paid Search,Starter,19.0
U10674,2022-02-11,US,Paid Social,Enterprise,599.0
U15277,2022-02-11,CA,Paid Search,Pro,49.0
U12055,2022-02-12,IN,Paid Search,Starter,19.0
U14709,2022-02-12,FR,Organic,Pro,49.0
U11944,2022-02-12,US,Paid Search,Starter,19.0
U14013,2022-02-13,BR,Paid Search,Pro,49.0
U10314,2022-02-13,FR,Referral,Starter,19.0
U14701,2022-02-14,CA,Paid Search,Pro,49.0
U12918,2022-02-14,CA,Email,Starter,19.0
U15371,2022-02-15,US,Paid Search,Starter,19.0
U14310,2022-02-15,CA,Organic,Business,199.0
U10987,2022-02-15,JP,Organic,Pro,49.0
U14090,2022-02-15,CA,Paid Social,Starter,19.0
U10069,2022-02-16,US,Paid Social,Starter,19.0
U14471,2022-02-16,IN,Paid Search,Pro,49.0
U10628,2022-02-17,JP,Paid Search,Starter,19.0
U14107,2022-02-17,US,Affiliate,Starter,19.0
U13666,2022-02-18,US,Organic,Pro,49.0
U15091,2022-02-18,US,Affiliate,Starter,19.0
U12551,2022-02-19,FR,Paid Search,Pro,49.0
U10846,2022-02-19,US,Paid Search,Starter,19.0
U11757,2022-02-20,DE,Paid Search,Pro,49.0
U13228,2022-02-20,FR,Paid Social,Starter,19.0
U14370,2022-02-20,US,Organic,Pro,49.0
U11330,2022-02-20,UK,Referral,Starter,19.0
U12939,2022-02-20,US,Paid Search,Pro,49.0
U12221,2022-02-20,UK,Organic,Starter,19.0
U11768,2022-02-20,UK,Organic,Starter,19.0
U12375,2022-02-21,ES,Paid Social,Starter,19.0
U10286,2022-02-21,US,Organic,Pro,49.0
U11128,2022-02-21,AU,Paid Search,Starter,19.0
U14544,2022-02-22,UK,Paid Search,Starter,19.0
U14475,2022-02-23,IN,Paid Search,Business,199.0
U10897,2022-02-23,IN,Paid Search,Starter,19.0
U10128,2022-02-23,ES,Affiliate,Pro,49.0
U10838,2022-02-24,UK,Organic,Pro,49.0
U13086,2022-02-24,US,Referral,Starter,19.0
U12617,2022-02-24,US,Paid Search,Starter,19.0
U11433,2022-02-24,ES,Paid Social,Starter,19.0
U11544,2022-02-24,FR,Paid Search,Pro,49.0
U10246,2022-02-25,CA,Organic,Starter,19.0
U13664,2022-02-25,FR,Organic,Pro,49.0
U12404,2022-02-25,ES,Organic,Starter,19.0
U15456,2022-02-25,JP,Paid Social,Starter,19.0
U15567,2022-02-25,UK,Referral,Pro,49.0
U14040,2022-02-26,US,Organic,Pro,49.0
U14019,2022-02-26,JP,Organic,Starter,19.0
U15484,2022-02-26,DE,Organic,Starter,19.0
U10346,2022-02-26,US,Referral,Starter,19.0
U14110,2022-02-27,BR,Organic,Pro,49.0
U10941,2022-02-27,CA,Paid Search,Starter,19.0
U13932,2022-02-27,US,Organic,Pro,49.0
U12066,2022-02-27,CA,Email,Pro,49.0
U14319,2022-02-28,CA,Affiliate,Pro,49.0
U11629,2022-02-28,AU,Referral,Pro,49.0
U11401,2022-03-01,DE,Paid Search,Starter,19.0
U11334,2022-03-01,ES,Paid Search,Starter,19.0
U10794,2022-03-01,DE,Organic,Business,199.0
U14437,2022-03-01,US,Organic,Business,199.0
U15027,2022-03-02,FR,Organic,Starter,19.0
U13835,2022-03-02,UK,Affiliate,Business,199.0
U13815,2022-03-03,JP,Organic,Starter,19.0
U14822,2022-03-03,UK,Organic,Enterprise,599.0
U12991,2022-03-03,IN,Referral,Pro,49.0
U13474,2022-03-03,US,Affiliate,Starter,19.0
U14023,2022-03-04,IN,Paid Search,Enterprise,599.0
U11870,2022-03-04,IN,Paid Search,Business,199.0
U12367,2022-03-04,IN,Paid Social,Business,199.0
U12409,2022-03-04,BR,Organic,Starter,19.0
U15193,2022-03-04,CA,Paid Search,Starter,19.0
U11368,2022-03-04,UK,Paid Social,Starter,19.0
U13813,2022-03-05,US,Organic,Starter,19.0
U14692,2022-03-05,US,Paid Social,Pro,49.0
U10081,2022-03-06,IN,Paid Search,Pro,49.0
U11675,2022-03-06,US,Paid Search,Business,199.0
U12674,2022-03-07,FR,Organic,Pro,49.0
U12611,2022-03-07,CA,Referral,Starter,19.0
U12668,2022-03-07,IN,Referral,Starter,19.0
U11175,2022-03-08,DE,Organic,Business,199.0
U10133,2022-03-08,FR,Affiliate,Starter,19.0
U15401,2022-03-09,AU,Organic,Business,199.0
U10267,2022-03-09,JP,Paid Social,Starter,19.0
U10689,2022-03-09,DE,Organic,Business,199.0
U12553,2022-03-09,FR,Paid Social,Starter,19.0
U13222,2022-03-10,US,Organic,Starter,19.0
U11649,2022-03-11,US,Referral,Pro,49.0
U13471,2022-03-11,JP,Paid Search,Pro,49.0
U10948,2022-03-11,US,Paid Search,Pro,49.0
U12459,2022-03-11,UK,Paid Social,Pro,49.0
U15158,2022-03-12,UK,Paid Social,Pro,49.0
U12528,2022-03-12,BR,Referral,Starter,19.0
U11429,2022-03-12,US,Paid Search,Starter,19.0
U15015,2022-03-12,US,Paid Search,Pro,49.0
U15410,2022-03-13,CA,Paid Search,Business,199.0
U13276,2022-03-14,US,Organic,Starter,19.0
U12239,2022-03-14,FR,Email,Business,199.0
U11290,2022-03-15,UK,Paid Social,Pro,49.0
U11136,2022-03-15,FR,Referral,Starter,19.0
U12359,2022-03-15,UK,Referral,Starter,19.0
U14132,2022-03-15,IN,Referral,Enterprise,599.0
U10505,2022-03-16,IN,Paid Search,Starter,19.0
U12313,2022-03-16,AU,Paid Search,Starter,19.0
U13132,2022-03-16,UK,Affiliate,Starter,19.0
U10653,2022-03-17,CA,Paid Search,Starter,19.0
U12080,2022-03-17,ES,Organic,Starter,19.0
U10226,2022-03-17,UK,Paid Social,Pro,49.0
U10990,2022-03-18,CA,Organic,Pro,49.0
U13984,2022-03-18,BR,Paid Social,Pro,49.0
U12139,2022-03-18,US,Paid Social,Starter,19.0
U11238,2022-03-19,AU,Paid Social,Pro,49.0
U11154,2022-03-19,AU,Organic,Starter,19.0
U14606,2022-03-19,ES,Email,Starter,19.0
U12462,2022-03-19,CA,Paid Search,Business,199.0
U14523,2022-03-19,CA,Paid Social,Starter,19.0
U13752,2022-03-19,US,Email,Starter,19.0
U15427,2022-03-20,CA,Organic,Starter,19.0
U12658,2022-03-20,US,Organic,Pro,49.0
U11004,2022-03-20,FR,Paid Search,Starter,19.0
U15118,2022-03-20,CA,Referral,Starter,19.0
U10686,2022-03-20,US,Paid Social,Starter,19.0
U10800,2022-03-21,US,Paid Social,Starter,19.0
U10735,2022-03-22,UK,Paid Search,Business,199.0
U14248,2022-03-22,US,Referral,Pro,49.0
U11542,2022-03-22,FR,Paid Social,Pro,49.0
U15365,2022-03-22,UK,Paid Social,Business,199.0
U13839,2022-03-22,US,Affiliate,Starter,19.0
U13552,2022-03-23,AU,Organic,Starter,19.0
U10656,2022-03-23,CA,Organic,Starter,19.0
U11701,2022-03-24,FR,Organic,Starter,19.0
U10740,2022-03-24,CA,Paid Search,Starter,19.0
U15384,2022-03-24,CA,Paid Social,Starter,19.0
U11789,2022-03-24,UK,Paid Search,Starter,19.0
U14142,2022-03-24,US,Organic,Business,199.0
U12468,2022-03-25,UK,Paid Social,Business,199.0
U10769,2022-03-25,US,Organic,Starter,19.0
U15066,2022-03-25,US,Paid Social,Starter,19.0
U10399,2022-03-26,US,Organic,Starter,19.0
U14558,2022-03-26,FR,Referral,Business,199.0
U10880,2022-03-26,DE,Paid Search,Pro,49.0
U13790,2022-03-26,US,Organic,Starter,19.0
U14961,2022-03-27,CA,Paid Search,Pro,49.0
U11492,2022-03-27,UK,Affiliate,Business,199.0
U10159,2022-03-28,FR,Paid Search,Pro,49.0
U14986,2022-03-28,JP,Paid Search,Pro,49.0
U15442,2022-03-28,CA,Referral,Enterprise,599.0
U12158,2022-03-30,UK,Paid Search,Pro,49.0
U13913,2022-03-31,BR,Referral,Starter,19.0
U10392,2022-03-31,UK,Email,Starter,19.0
U14878,2022-04-01,UK,Organic,Business,199.0
U15283,2022-04-01,US,Referral,Starter,19.0
U10353,2022-04-02,AU,Paid Search,Pro,49.0
U13395,2022-04-02,IN,Paid Search,Business,199.0
U11852,2022-04-02,IN,Paid Search,Pro,49.0
U13184,2022-04-02,CA,Organic,Starter,19.0
U15509,2022-04-03,US,Affiliate,Pro,49.0
U10913,2022-04-03,UK,Email,Enterprise,599.0
U11700,2022-04-03,DE,Paid Social,Business,199.0
U10644,2022-04-03,BR,Organic,Starter,19.0
U14378,2022-04-04,US,Paid Social,Starter,19.0
U12006,2022-04-05,CA,Paid Social,Enterprise,599.0
U14207,2022-04-05,US,Organic,Enterprise,599.0
U15535,2022-04-05,US,Organic,Pro,49.0
U13594,2022-04-05,US,Affiliate,Business,199.0
U13712,2022-04-05,US,Paid Social,Starter,19.0
U15429,2022-04-06,BR,Paid Social,Starter,19.0
U13383,2022-04-06,FR,Organic,Starter,19.0
U11686,2022-04-06,DE,Organic,Starter,19.0
U13604,2022-04-06,UK,Paid Social,Enterprise,599.0
U12887,2022-04-06,US,Organic,Starter,19.0
U12661,2022-04-06,UK,Organic,Starter,19.0
U12237,2022-04-07,CA,Organic,Pro,49.0
U13036,2022-04-07,ES,Affiliate,Enterprise,599.0
U14224,2022-04-07,UK,Paid Search,Starter,19.0
U10302,2022-04-07,JP,Paid Social,Starter,19.0
U14995,2022-04-08,CA,Paid Search,Pro,49.0
U15171,2022-04-09,US,Affiliate,Pro,49.0
U14044,2022-04-09,FR,Affiliate,Business,199.0
U14690,2022-04-09,IN,Referral,Business,199.0
U10265,2022-04-09,US,Affiliate,Starter,19.0
U11965,2022-04-09,US,Paid Social,Pro,49.0
U15319,2022-04-10,IN,Organic,Starter,19.0
U12446,2022-04-10,IN,Organic,Pro,49.0
U13807,2022-04-10,UK,Organic,Business,199.0
U13211,2022-04-10,UK,Email,Enterprise,599.0
U13194,2022-04-10,CA,Referral,Starter,19.0
U10071,2022-04-11,IN,Paid Social,Business,199.0
U10893,2022-04-11,US,Email,Pro,49.0
U14751,2022-04-11,ES,Paid Search,Enterprise,599.0
U10486,2022-04-11,ES,Referral,Starter,19.0
U10878,2022-04-11,AU,Referral,Starter,19.0
U12001,2022-04-12,BR,Affiliate,Starter,19.0
U14268,2022-04-13,US,Organic,Pro,49.0
U11624,2022-04-13,US,Organic,Pro,49.0
U11807,2022-04-14,ES,Organic,Pro,49.0
U11539,2022-04-14,BR,Organic,Starter,19.0
U11596,2022-04-15,DE,Organic,Starter,19.0
U13741,2022-04-15,ES,Referral,Starter,19.0
U15313,2022-04-15,US,Email,Business,199.0
U13201,2022-04-15,JP,Paid Search,Starter,19.0
U14618,2022-04-16,UK,Paid Search,Enterprise,599.0
U13034,2022-04-16,UK,Paid Social,Business,199.0
U10050,2022-04-17,BR,Affiliate,Business,199.0
U11587,2022-04-17,ES,Organic,Starter,19.0
U11929,2022-04-17,IN,Organic,Business,199.0
U14291,2022-04-18,IN,Referral,Business,199.0
U13076,2022-04-18,US,Paid Search,Pro,49.0
U11730,2022-04-19,ES,Referral,Starter,19.0
U13897,2022-04-19,US,Paid Social,Starter,19.0
U14113,2022-04-19,FR,Paid Search,Starter,19.0
U13614,2022-04-19,DE,Paid Social,Business,199.0
U15195,2022-04-19,CA,Paid Social,Starter,19.0
U13235,2022-04-19,UK,Organic,Pro,49.0
U12151,2022-04-20,CA,Organic,Business,199.0
U13203,2022-04-20,US,Referral,Pro,49.0
U10679,2022-04-21,UK,Organic,Starter,19.0
U15489,2022-04-21,FR,Paid Social,Starter,19.0
U12946,2022-04-21,US,Referral,Business,199.0
U12244,2022-04-22,US,Organic,Pro,49.0
U12061,2022-04-22,DE,Paid Social,Pro,49.0
U15531,2022-04-22,UK,Organic,Pro,49.0
U11482,2022-04-23,US,Paid Search,Enterprise,599.0
U10463,2022-04-23,US,Referral,Starter,19.0
U12976,2022-04-23,DE,Referral,Pro,49.0
U14347,2022-04-23,US,Email,Pro,49.0
U13924,2022-04-23,US,Email,Pro,49.0
U15075,2022-04-24,IN,Referral,Enterprise,599.0
U10844,2022-04-24,ES,Paid Social,Pro,49.0
U12499,2022-04-24,US,Organic,Starter,19.0
U13231,2022-04-24,FR,Paid Social,Starter,19.0
U11645,2022-04-25,US,Organic,Starter,19.0
U13053,2022-04-26,ES,Organic,Starter,19.0
U12924,2022-04-26,AU,Paid Search,Business,199.0
U11899,2022-04-26,BR,Organic,Enterprise,599.0
U12847,2022-04-26,FR,Organic,Pro,49.0
U12038,2022-04-27,CA,Affiliate,Starter,19.0
U11908,2022-04-27,JP,Affiliate,Pro,49.0
U10197,2022-04-27,AU,Paid Social,Starter,19.0
U14851,2022-04-27,UK,Organic,Starter,19.0
U11634,2022-04-28,CA,Email,Starter,19.0
U15359,2022-04-28,JP,Email,Pro,49.0
U11028,2022-04-28,UK,Organic,Starter,19.0
U15037,2022-04-29,US,Organic,Starter,19.0
U11485,2022-04-29,FR,Organic,Business,199.0
U12636,2022-04-29,US,Paid Search,Starter,19.0
U11835,2022-04-30,BR,Referral,Enterprise,599.0
U10298,2022-04-30,US,Email,Starter,19.0
U13156,2022-05-01,AU,Paid Search,Pro,49.0
U11860,2022-05-01,AU,Organic,Starter,19.0
U13762,2022-05-02,US,Paid Search,Business,199.0
U13754,2022-05-02,US,Paid Search,Starter,19.0
U11954,2022-05-03,US,Paid Search,Starter,19.0
U15435,2022-05-03,ES,Paid Social,Starter,19.0
U10712,2022-05-03,FR,Paid Search,Enterprise,599.0
U10252,2022-05-04,UK,Referral,Starter,19.0
U11436,2022-05-04,US,Organic,Starter,19.0
U10275,2022-05-04,US,Paid Search,Pro,49.0
U10325,2022-05-04,BR,Organic,Business,199.0
U10556,2022-05-04,US,Paid Social,Starter,19.0
U13643,2022-05-05,DE,Paid Social,Starter,19.0
U13883,2022-05-05,ES,Paid Search,Pro,49.0
U12552,2022-05-05,US,Paid Social,Starter,19.0
U14637,2022-05-05,CA,Paid Search,Business,199.0
U10849,2022-05-06,US,Email,Starter,19.0
U10300,2022-05-06,JP,Referral,Pro,49.0
U10035,2022-05-06,US,Organic,Pro,49.0
U12884,2022-05-06,US,Organic,Business,199.0
U12741,2022-05-06,US,Email,Pro,49.0
U11337,2022-05-06,UK,Email,Pro,49.0
U14937,2022-05-06,UK,Paid Search,Business,199.0
U14930,2022-05-07,FR,Paid Search,Pro,49.0
U12901,2022-05-07,JP,Affiliate,Starter,19.0
U13894,2022-05-08,FR,Email,Starter,19.0
U15144,2022-05-08,IN,Email,Starter,19.0
U11274,2022-05-08,UK,Paid Social,Business,199.0
U11059,2022-05-08,UK,Email,Pro,49.0
U10907,2022-05-09,IN,Organic,Starter,19.0
U14172,2022-05-09,BR,Referral,Pro,49.0
U13128,2022-05-09,UK,Organic,Pro,49.0
U14277,2022-05-09,ES,Organic,Starter,19.0
U15065,2022-05-10,CA,Paid Search,Starter,19.0
U11356,2022-05-10,FR,Organic,Enterprise,599.0
U10651,2022-05-11,US,Affiliate,Starter,19.0
U13719,2022-05-11,US,Referral,Business,199.0
U14244,2022-05-11,IN,Referral,Starter,19.0
U15479,2022-05-11,DE,Paid Search,Starter,19.0
U13863,2022-05-12,UK,Paid Search,Pro,49.0
U12438,2022-05-12,AU,Affiliate,Starter,19.0
U13891,2022-05-14,BR,Paid Social,Business,199.0
U13549,2022-05-14,ES,Organic,Starter,19.0
U10932,2022-05-14,UK,Paid Search,Pro,49.0
U13755,2022-05-14,UK,Organic,Pro,49.0
U12802,2022-05-14,IN,Organic,Business,199.0
U11904,2022-05-15,US,Paid Search,Starter,19.0
U15316,2022-05-15,JP,Organic,Starter,19.0
U10154,2022-05-15,US,Organic,Pro,49.0
U11774,2022-05-15,FR,Organic,Business,199.0
U11173,2022-05-16,FR,Organic,Starter,19.0
U10484,2022-05-16,ES,Organic,Enterprise,599.0
U14745,2022-05-16,IN,Paid Search,Business,199.0
U14989,2022-05-17,US,Email,Starter,19.0
U11669,2022-05-17,AU,Paid Search,Pro,49.0
U11346,2022-05-17,CA,Paid Social,Pro,49.0
U10260,2022-05-17,US,Paid Search,Pro,49.0
U14846,2022-05-18,JP,Organic,Business,199.0
U14979,2022-05-18,UK,Referral,Pro,49.0
U12609,2022-05-18,DE,Paid Search,Enterprise,599.0
U11697,2022-05-18,UK,Organic,Business,199.0
U14179,2022-05-18,AU,Organic,Starter,19.0
U13197,2022-05-19,DE,Paid Social,Pro,49.0
U11747,2022-05-19,AU,Paid Search,Pro,49.0
U15175,2022-05-20,AU,Organic,Starter,19.0
U13035,2022-05-20,US,Organic,Pro,49.0
U14296,2022-05-20,CA,Paid Search,Pro,49.0
U13974,2022-05-20,US,Organic,Starter,19.0
U11901,2022-05-20,ES,Organic,Pro,49.0
U14892,2022-05-21,CA,Organic,Pro,49.0
U13136,2022-05-21,BR,Paid Social,Pro,49.0
U10904,2022-05-22,UK,Referral,Starter,19.0
U11121,2022-05-22,ES,Referral,Pro,49.0
U10333,2022-05-22,AU,Referral,Starter,19.0
U12578,2022-05-23,UK,Organic,Business,199.0
U13329,2022-05-23,US,Organic,Business,199.0
U14055,2022-05-23,UK,Paid Search,Enterprise,599.0
U11080,2022-05-23,JP,Paid Search,Starter,19.0
U14432,2022-05-23,UK,Organic,Pro,49.0
U15198,2022-05-24,US,Email,Starter,19.0
U10012,2022-05-24,FR,Email,Business,199.0
U10734,2022-05-24,CA,Organic,Business,199.0
U10402,2022-05-24,US,Organic,Starter,19.0
U13059,2022-05-24,US,Organic,Pro,49.0
U11115,2022-05-25,AU,Affiliate,Pro,49.0
U14585,2022-05-25,AU,Organic,Business,199.0
U12482,2022-05-25,UK,Referral,Pro,49.0
U14820,2022-05-25,CA,Paid Social,Pro,49.0
U14492,2022-05-25,CA,Paid Social,Starter,19.0
U11966,2022-05-25,IN,Paid Search,Pro,49.0
U10113,2022-05-25,US,Email,Business,199.0
U10818,2022-05-26,US,Paid Search,Starter,19.0
U14965,2022-05-26,UK,Organic,Pro,49.0
U10238,2022-05-28,US,Paid Social,Enterprise,599.0
U11016,2022-05-28,BR,Organic,Business,199.0
U11864,2022-05-28,UK,Paid Social,Enterprise,599.0
U13684,2022-05-28,FR,Organic,Business,199.0
U11445,2022-05-28,US,Affiliate,Pro,49.0
U14813,2022-05-29,US,Organic,Starter,19.0
U10803,2022-05-29,AU,Organic,Starter,19.0
U14163,2022-05-29,US,Organic,Pro,49.0
U11731,2022-05-30,JP,Organic,Starter,19.0
U10783,2022-05-30,US,Paid Social,Enterprise,599.0
U13316,2022-05-30,JP,Paid Social,Starter,19.0
U13255,2022-05-30,US,Paid Search,Starter,19.0
U14717,2022-05-31,CA,Organic,Starter,19.0
U14888,2022-05-31,US,Organic,Starter,19.0
U14053,2022-05-31,US,Paid Search,Enterprise,599.0
U12131,2022-05-31,FR,Email,Pro,49.0
U14836,2022-05-31,CA,Organic,Starter,19.0
U14324,2022-06-01,UK,Organic,Pro,49.0
U10805,2022-06-01,IN,Organic,Starter,19.0
U10359,2022-06-01,UK,Email,Enterprise,599.0
U13404,2022-06-01,FR,Organic,Pro,49.0
U11103,2022-06-02,US,Paid Social,Enterprise,599.0
U13377,2022-06-03,US,Email,Business,199.0
U12943,2022-06-03,FR,Paid Social,Starter,19.0
U11174,2022-06-03,US,Paid Social,Starter,19.0
U11291,2022-06-03,ES,Paid Social,Pro,49.0
U14230,2022-06-04,US,Organic,Starter,19.0
U12043,2022-06-04,FR,Email,Pro,49.0
U12781,2022-06-04,AU,Paid Social,Starter,19.0
U10037,2022-06-05,DE,Organic,Starter,19.0
U13018,2022-06-05,UK,Paid Search,Starter,19.0
U11440,2022-06-05,BR,Email,Business,199.0
U13958,2022-06-06,US,Referral,Pro,49.0
U12519,2022-06-06,AU,Organic,Starter,19.0
U14953,2022-06-07,US,Paid Social,Starter,19.0
U10848,2022-06-07,US,Email,Pro,49.0
U12267,2022-06-08,BR,Affiliate,Starter,19.0
U12739,2022-06-08,ES,Paid Social,Business,199.0
U14710,2022-06-08,US,Organic,Starter,19.0
U14732,2022-06-09,DE,Organic,Starter,19.0
U10121,2022-06-09,JP,Paid Search,Business,199.0
U15364,2022-06-10,US,Paid Social,Pro,49.0
U10504,2022-06-10,US,Affiliate,Business,199.0
U11812,2022-06-12,BR,Paid Search,Business,199.0
U15304,2022-06-12,FR,Organic,Business,199.0
U12824,2022-06-12,BR,Email,Pro,49.0
U13214,2022-06-13,IN,Paid Search,Starter,19.0
U14842,2022-06-13,UK,Organic,Pro,49.0
U15412,2022-06-14,US,Organic,Starter,19.0
U13761,2022-06-14,US,Organic,Pro,49.0
U14756,2022-06-14,ES,Organic,Starter,19.0
U13909,2022-06-14,FR,Paid Search,Business,199.0
U10099,2022-06-15,ES,Affiliate,Pro,49.0
U14990,2022-06-15,US,Paid Social,Business,199.0
U12985,2022-06-15,US,Organic,Pro,49.0
U13903,2022-06-15,DE,Referral,Business,199.0
U13447,2022-06-15,US,Paid Search,Starter,19.0
U12094,2022-06-15,US,Paid Social,Starter,19.0
U15061,2022-06-16,UK,Organic,Starter,19.0
U13725,2022-06-16,ES,Email,Business,199.0
U15322,2022-06-16,DE,Paid Search,Starter,19.0
U13077,2022-06-16,CA,Organic,Pro,49.0
U13668,2022-06-17,US,Paid Social,Starter,19.0
U10989,2022-06-17,JP,Email,Starter,19.0
U12346,2022-06-17,IN,Paid Search,Starter,19.0
U10324,2022-06-17,US,Email,Starter,19.0
U12379,2022-06-17,US,Paid Search,Enterprise,599.0
U11212,2022-06-18,AU,Paid Search,Starter,19.0
U11664,2022-06-19,CA,Email,Business,199.0
U10059,2022-06-19,FR,Paid Search,Pro,49.0
U15558,2022-06-19,UK,Paid Search,Starter,19.0
U12021,2022-06-19,AU,Paid Social,Starter,19.0
U13051,2022-06-19,US,Organic,Pro,49.0
U13828,2022-06-19,US,Referral,Business,199.0
U11987,2022-06-20,FR,Organic,Starter,19.0
U11047,2022-06-21,UK,Paid Search,Pro,49.0
U14619,2022-06-21,US,Organic,Starter,19.0
U11146,2022-06-21,US,Paid Social,Business,199.0
U11197,2022-06-23,CA,Referral,Starter,19.0
U12787,2022-06-23,JP,Paid Search,Pro,49.0
U10211,2022-06-23,US,Paid Search,Starter,19.0
U15230,2022-06-23,US,Organic,Business,199.0
U11122,2022-06-24,US,Paid Search,Starter,19.0
U13133,2022-06-24,US,Paid Search,Starter,19.0
U12054,2022-06-24,ES,Paid Search,Starter,19.0
U13419,2022-06-25,CA,Paid Search,Starter,19.0
U10033,2022-06-25,AU,Affiliate,Pro,49.0
U12250,2022-06-26,FR,Organic,Starter,19.0
U15286,2022-06-26,IN,Paid Social,Starter,19.0
U11679,2022-06-26,ES,Paid Search,Starter,19.0
U10832,2022-06-26,US,Paid Search,Starter,19.0
U12835,2022-06-27,ES,Paid Search,Starter,19.0
U12754,2022-06-27,BR,Paid Social,Pro,49.0
U10371,2022-06-27,US,Email,Starter,19.0
U12386,2022-06-27,DE,Organic,Pro,49.0
U10228,2022-06-28,US,Paid Search,Starter,19.0
U10820,2022-06-28,ES,Organic,Starter,19.0
U10821,2022-06-28,AU,Email,Starter,19.0
U12472,2022-06-29,FR,Referral,Starter,19.0
U10365,2022-06-29,UK,Paid Search,Starter,19.0
U14088,2022-06-29,CA,Email,Enterprise,599.0
U15278,2022-06-29,US,Paid Social,Starter,19.0
U10536,2022-06-30,FR,Affiliate,Starter,19.0
U10398,2022-06-30,US,Paid Search,Starter,19.0
U10813,2022-06-30,FR,Organic,Starter,19.0
U14289,2022-06-30,US,Email,Starter,19.0
U12729,2022-07-01,IN,Affiliate,Starter,19.0
U14615,2022-07-01,US,Organic,Starter,19.0
U10299,2022-07-01,BR,Organic,Starter,19.0
U11641,2022-07-02,JP,Paid Search,Starter,19.0
U13852,2022-07-02,IN,Referral,Business,199.0
U14933,2022-07-02,US,Organic,Pro,49.0
U14220,2022-07-02,AU,Email,Pro,49.0
U14469,2022-07-02,CA,Affiliate,Enterprise,599.0
U11762,2022-07-03,BR,Paid Social,Starter,19.0
U14613,2022-07-03,ES,Organic,Starter,19.0
U12349,2022-07-03,AU,Paid Search,Business,199.0
U14984,2022-07-03,UK,Organic,Business,199.0
U10530,2022-07-03,IN,Organic,Pro,49.0
U10682,2022-07-03,UK,Referral,Starter,19.0
U10930,2022-07-03,IN,Paid Search,Starter,19.0
U15246,2022-07-04,IN,Email,Starter,19.0
U13400,2022-07-04,JP,Email,Starter,19.0
U13093,2022-07-05,DE,Paid Search,Starter,19.0
U14954,2022-07-05,FR,Referral,Business,199.0
U11691,2022-07-05,UK,Organic,Business,199.0
U10607,2022-07-06,US,Organic,Starter,19.0
U12819,2022-07-06,JP,Paid Social,Starter,19.0
U10287,2022-07-06,US,Paid Search,Starter,19.0
U11818,2022-07-07,ES,Organic,Starter,19.0
U13031,2022-07-08,US,Paid Search,Pro,49.0
U10946,2022-07-09,CA,Paid Social,Starter,19.0
U13441,2022-07-09,CA,Paid Search,Starter,19.0
U13694,2022-07-10,AU,Paid Social,Starter,19.0
U13260,2022-07-10,US,Organic,Starter,19.0
U13075,2022-07-10,AU,Affiliate,Pro,49.0
U12934,2022-07-11,CA,Referral,Business,199.0
U11026,2022-07-11,US,Organic,Pro,49.0
U12532,2022-07-12,US,Paid Social,Pro,49.0
U12728,2022-07-12,IN,Paid Social,Pro,49.0
U11491,2022-07-12,JP,Referral,Pro,49.0
U11549,2022-07-12,IN,Paid Social,Business,199.0
U13827,2022-07-13,US,Organic,Starter,19.0
U10490,2022-07-13,ES,Email,Starter,19.0
U11300,2022-07-13,UK,Organic,Starter,19.0
U15284,2022-07-14,ES,Paid Search,Pro,49.0
U11979,2022-07-14,FR,Organic,Pro,49.0
U11423,2022-07-14,IN,Paid Search,Starter,19.0
U13591,2022-07-15,CA,Paid Search,Starter,19.0
U15055,2022-07-15,BR,Organic,Business,199.0
U14537,2022-07-15,US,Paid Search,Pro,49.0
U12898,2022-07-15,FR,Affiliate,Starter,19.0
U14532,2022-07-15,AU,Organic,Starter,19.0
U10489,2022-07-15,US,Organic,Business,199.0
U15305,2022-07-16,FR,Organic,Pro,49.0
U12888,2022-07-16,US,Paid Social,Pro,49.0
U10553,2022-07-16,IN,Organic,Starter,19.0
U12889,2022-07-17,BR,Paid Social,Starter,19.0
U12399,2022-07-17,BR,Paid Search,Starter,19.0
U10416,2022-07-18,JP,Affiliate,Starter,19.0
U14671,2022-07-19,AU,Referral,Starter,19.0
U15386,2022-07-19,AU,Email,Pro,49.0
U10551,2022-07-19,BR,Organic,Starter,19.0
U15069,2022-07-19,DE,Email,Business,199.0
U13177,2022-07-20,US,Paid Search,Business,199.0
U10713,2022-07-20,UK,Paid Social,Business,199.0
U15320,2022-07-20,FR,Paid Search,Pro,49.0
U14148,2022-07-21,US,Organic,Starter,19.0
U10826,2022-07-21,AU,Paid Search,Pro,49.0
U13069,2022-07-21,IN,Paid Search,Starter,19.0
U11213,2022-07-21,US,Referral,Starter,19.0
U13120,2022-07-21,IN,Referral,Pro,49.0
U14314,2022-07-22,FR,Organic,Starter,19.0
U11771,2022-07-22,UK,Organic,Pro,49.0
U13642,2022-07-22,US,Organic,Starter,19.0
U10891,2022-07-23,US,Email,Starter,19.0
U10063,2022-07-23,US,Paid Social,Starter,19.0
U13364,2022-07-23,AU,Organic,Business,199.0
U14885,2022-07-23,US,Paid Social,Starter,19.0
U12504,2022-07-24,ES,Referral,Business,199.0
U14656,2022-07-24,JP,Paid Search,Pro,49.0
U11974,2022-07-24,IN,Email,Business,199.0
U14631,2022-07-24,ES,Paid Social,Business,199.0
U13850,2022-07-25,JP,Paid Search,Starter,19.0
U15554,2022-07-25,US,Paid Search,Starter,19.0
U10294,2022-07-25,ES,Paid Search,Starter,19.0
U11822,2022-07-25,JP,Referral,Pro,49.0
U13618,2022-07-25,DE,Organic,Business,199.0
U15300,2022-07-25,US,Organic,Starter,19.0
U11218,2022-07-26,FR,Organic,Enterprise,599.0
U15333,2022-07-26,BR,Paid Search,Starter,19.0
U11447,2022-07-26,FR,Organic,Starter,19.0
U13158,2022-07-27,FR,Email,Pro,49.0
U11630,2022-07-27,BR,Organic,Starter,19.0
U11964,2022-07-27,IN,Email,Business,199.0
U15220,2022-07-27,AU,Organic,Enterprise,599.0
U15415,2022-07-27,UK,Email,Starter,19.0
U10766,2022-07-28,CA,Organic,Business,199.0
U12163,2022-07-28,DE,Paid Search,Pro,49.0
U10498,2022-07-28,JP,Email,Starter,19.0
U13738,2022-07-28,AU,Referral,Business,199.0
U15122,2022-07-29,US,Email,Enterprise,599.0
U13165,2022-07-29,DE,Paid Search,Business,199.0
U11042,2022-07-30,DE,Paid Search,Pro,49.0
U13779,2022-07-30,US,Paid Search,Pro,49.0
U10378,2022-07-30,US,Referral,Business,199.0
U10123,2022-07-30,FR,Paid Social,Starter,19.0
U14428,2022-07-30,AU,Paid Search,Starter,19.0
U12325,2022-07-30,UK,Organic,Pro,49.0
U12297,2022-07-31,AU,Paid Search,Starter,19.0
U11612,2022-07-31,US,Paid Search,Starter,19.0
U15056,2022-07-31,CA,Paid Social,Starter,19.0
U14170,2022-07-31,US,Paid Social,Starter,19.0
U10194,2022-07-31,JP,Paid Search,Pro,49.0
U12378,2022-07-31,US,Email,Business,199.0
U12969,2022-08-01,US,Affiliate,Pro,49.0
U11361,2022-08-01,DE,Organic,Business,199.0
U12083,2022-08-02,US,Paid Social,Pro,49.0
U12469,2022-08-02,US,Referral,Starter,19.0
U12018,2022-08-02,BR,Paid Search,Pro,49.0
U13347,2022-08-02,US,Affiliate,Business,199.0
U13462,2022-08-02,US,Paid Social,Pro,49.0
U13339,2022-08-02,US,Organic,Starter,19.0
U15279,2022-08-03,US,Paid Search,Starter,19.0
U15178,2022-08-03,AU,Organic,Pro,49.0
U13547,2022-08-03,CA,Paid Social,Pro,49.0
U14993,2022-08-03,IN,Organic,Starter,19.0
U11074,2022-08-03,FR,Organic,Enterprise,599.0
U10660,2022-08-03,JP,Affiliate,Starter,19.0
U13071,2022-08-04,US,Organic,Starter,19.0
U11599,2022-08-04,CA,Paid Social,Pro,49.0
U14436,2022-08-04,US,Affiliate,Starter,19.0
U11118,2022-08-04,AU,Paid Social,Starter,19.0
U12036,2022-08-04,FR,Organic,Enterprise,599.0
U15483,2022-08-04,US,Organic,Starter,19.0
U15017,2022-08-04,CA,Organic,Starter,19.0
U10741,2022-08-05,UK,Organic,Starter,19.0
U12266,2022-08-05,UK,Affiliate,Pro,49.0
U10339,2022-08-05,UK,Organic,Starter,19.0
U15095,2022-08-05,IN,Organic,Pro,49.0
U11329,2022-08-05,DE,Affiliate,Starter,19.0
U12463,2022-08-06,CA,Organic,Starter,19.0
U13037,2022-08-07,DE,Paid Search,Pro,49.0
U11315,2022-08-07,US,Organic,Starter,19.0
U14855,2022-08-07,US,Organic,Enterprise,599.0
U12724,2022-08-07,JP,Organic,Pro,49.0
U10864,2022-08-07,DE,Paid Social,Pro,49.0
U11217,2022-08-08,IN,Paid Search,Starter,19.0
U13369,2022-08-08,ES,Referral,Pro,49.0
U11432,2022-08-08,AU,Email,Starter,19.0
U12165,2022-08-08,UK,Paid Search,Starter,19.0
U10927,2022-08-09,IN,Paid Search,Starter,19.0
U12821,2022-08-09,IN,Paid Search,Enterprise,599.0
U15237,2022-08-09,IN,Paid Social,Starter,19.0
U14126,2022-08-09,BR,Organic,Pro,49.0
U14743,2022-08-09,JP,Organic,Enterprise,599.0
U11845,2022-08-09,CA,Organic,Business,199.0
U11425,2022-08-10,CA,Paid Social,Enterprise,599.0
U15090,2022-08-10,CA,Paid Search,Starter,19.0
U10209,2022-08-10,AU,Paid Search,Business,199.0
U11237,2022-08-10,BR,Paid Social,Pro,49.0
U15285,2022-08-10,BR,Paid Search,Business,199.0
U13519,2022-08-10,DE,Organic,Starter,19.0
U10245,2022-08-11,ES,Paid Search,Pro,49.0
U13980,2022-08-11,US,Organic,Starter,19.0
U14391,2022-08-12,US,Organic,Starter,19.0
U12935,2022-08-12,US,Organic,Enterprise,599.0
U11960,2022-08-12,JP,Email,Starter,19.0
U12412,2022-08-13,DE,Paid Search,Pro,49.0
U12434,2022-08-13,CA,Paid Search,Pro,49.0
U13300,2022-08-13,CA,Paid Social,Pro,49.0
U15504,2022-08-13,BR,Email,Pro,49.0
U11244,2022-08-13,US,Paid Social,Pro,49.0
U11452,2022-08-14,US,Paid Search,Starter,19.0
U12915,2022-08-14,US,Organic,Starter,19.0
U12509,2022-08-14,US,Organic,Pro,49.0
U11608,2022-08-14,US,Referral,Pro,49.0
U14636,2022-08-14,AU,Paid Social,Starter,19.0
U11702,2022-08-15,AU,Email,Starter,19.0
U13130,2022-08-16,US,Referral,Pro,49.0
U14348,2022-08-16,US,Paid Search,Starter,19.0
U14460,2022-08-16,UK,Paid Social,Starter,19.0
U10563,2022-08-16,JP,Paid Search,Starter,19.0
U14781,2022-08-16,CA,Referral,Business,199.0
U14000,2022-08-17,JP,Paid Search,Starter,19.0
U12858,2022-08-17,US,Referral,Starter,19.0
U10388,2022-08-17,US,Paid Search,Business,199.0
U13853,2022-08-17,US,Affiliate,Starter,19.0
U14317,2022-08-18,US,Affiliate,Starter,19.0
U14321,2022-08-19,US,Paid Search,Business,199.0
U12856,2022-08-19,CA,Email,Starter,19.0
U12587,2022-08-20,DE,Affiliate,Starter,19.0
U13775,2022-08-20,IN,Organic,Starter,19.0
U11504,2022-08-20,US,Paid Search,Starter,19.0
U13424,2022-08-20,BR,Paid Search,Starter,19.0
U12479,2022-08-20,UK,Organic,Starter,19.0
U14485,2022-08-20,ES,Paid Social,Business,199.0
U11120,2022-08-20,UK,Paid Search,Pro,49.0
U14898,2022-08-20,JP,Paid Social,Enterprise,599.0
U12607,2022-08-21,CA,Paid Search,Pro,49.0
U14214,2022-08-21,US,Paid Search,Starter,19.0
U13550,2022-08-21,JP,Affiliate,Pro,49.0
U10247,2022-08-22,BR,Organic,Starter,19.0
U10137,2022-08-22,BR,Organic,Pro,49.0
U11171,2022-08-22,JP,Affiliate,Starter,19.0
U12870,2022-08-22,US,Referral,Starter,19.0
U11399,2022-08-23,IN,Paid Social,Business,199.0
U14155,2022-08-23,US,Email,Pro,49.0
U14834,2022-08-23,DE,Paid Search,Starter,19.0
U10950,2022-08-23,JP,Paid Social,Pro,49.0
U10031,2022-08-24,JP,Organic,Starter,19.0
U10364,2022-08-24,US,Paid Search,Starter,19.0
U12219,2022-08-24,US,Email,Business,199.0
U14887,2022-08-24,IN,Referral,Pro,49.0
U15019,2022-08-24,BR,Organic,Starter,19.0
U12251,2022-08-25,US,Paid Social,Starter,19.0
U12968,2022-08-25,AU,Affiliate,Starter,19.0
U11156,2022-08-25,ES,Organic,Starter,19.0
U15228,2022-08-26,FR,Paid Social,Business,199.0
U11078,2022-08-26,US,Paid Social,Business,199.0
U14413,2022-08-26,CA,Affiliate,Pro,49.0
U11167,2022-08-27,IN,Organic,Pro,49.0
U14673,2022-08-27,FR,Organic,Starter,19.0
U10796,2022-08-27,CA,Organic,Starter,19.0
U15146,2022-08-27,FR,Paid Search,Starter,19.0
U12549,2022-08-27,US,Organic,Starter,19.0
U14001,2022-08-27,ES,Paid Search,Starter,19.0
U10617,2022-08-28,ES,Paid Search,Starter,19.0
U14605,2022-08-28,FR,Referral,Starter,19.0
U12501,2022-08-28,ES,Referral,Business,199.0
U14948,2022-08-28,IN,Organic,Business,199.0
U10207,2022-08-28,US,Organic,Business,199.0
U13651,2022-08-29,FR,Organic,Pro,49.0
U12147,2022-08-29,US,Organic,Starter,19.0
U11260,2022-08-29,BR,Organic,Starter,19.0
U15002,2022-08-30,US,Organic,Pro,49.0
U12678,2022-08-31,UK,Paid Search,Enterprise,599.0
U12180,2022-08-31,US,Affiliate,Enterprise,599.0
U14643,2022-08-31,FR,Organic,Pro,49.0
U13234,2022-08-31,ES,Email,Starter,19.0
U13823,2022-08-31,DE,Referral,Starter,19.0
U13685,2022-09-01,AU,Paid Search,Pro,49.0
U10659,2022-09-01,US,Paid Search,Starter,19.0
U13483,2022-09-01,AU,Email,Starter,19.0
U13426,2022-09-02,UK,Affiliate,Starter,19.0
U10736,2022-09-02,UK,Affiliate,Pro,49.0
U13307,2022-09-02,UK,Organic,Pro,49.0
U14564,2022-09-02,US,Referral,Starter,19.0
U12228,2022-09-03,IN,Organic,Enterprise,599.0
U14419,2022-09-03,ES,Affiliate,Enterprise,599.0
U14586,2022-09-03,AU,Organic,Business,199.0
U13945,2022-09-04,FR,Organic,Pro,49.0
U10006,2022-09-04,US,Paid Search,Pro,49.0
U13108,2022-09-04,UK,Affiliate,Starter,19.0
U14411,2022-09-05,FR,Referral,Starter,19.0
U10085,2022-09-05,BR,Paid Search,Starter,19.0
U11083,2022-09-05,UK,Referral,Pro,49.0
U10193,2022-09-05,US,Email,Starter,19.0
U10619,2022-09-05,FR,Organic,Business,199.0
U12891,2022-09-05,UK,Affiliate,Business,199.0
U10525,2022-09-06,US,Organic,Starter,19.0
U10738,2022-09-06,AU,Paid Social,Pro,49.0
U14457,2022-09-07,US,Organic,Pro,49.0
U14959,2022-09-07,IN,Organic,Business,199.0
U14267,2022-09-07,US,Paid Search,Pro,49.0
U10899,2022-09-08,DE,Affiliate,Business,199.0
U13569,2022-09-08,ES,Referral,Starter,19.0
U14445,2022-09-08,FR,Email,Starter,19.0
U12028,2022-09-08,ES,Organic,Starter,19.0
U12358,2022-09-09,US,Email,Business,199.0
U13988,2022-09-09,US,Referral,Starter,19.0
U12235,2022-09-09,US,Email,Starter,19.0
U10560,2022-09-10,UK,Paid Search,Starter,19.0
U13168,2022-09-10,CA,Paid Social,Business,199.0
U14963,2022-09-10,UK,Referral,Starter,19.0
U14160,2022-09-11,US,Organic,Pro,49.0
U13778,2022-09-11,IN,Organic,Starter,19.0
U14944,2022-09-11,US,Affiliate,Starter,19.0
U12633,2022-09-11,DE,Paid Search,Pro,49.0
U12494,2022-09-12,ES,Paid Search,Business,199.0
U12656,2022-09-12,US,Paid Search,Starter,19.0
U14174,2022-09-12,IN,Paid Search,Starter,19.0
U10801,2022-09-12,US,Organic,Starter,19.0
U11955,2022-09-13,BR,Organic,Starter,19.0
U13955,2022-09-13,US,Organic,Starter,19.0
U13478,2022-09-13,US,Paid Search,Pro,49.0
U13047,2022-09-13,IN,Organic,Starter,19.0
U11184,2022-09-13,FR,Organic,Starter,19.0
U13245,2022-09-14,CA,Paid Search,Pro,49.0
U13208,2022-09-14,US,Paid Search,Business,199.0
U10992,2022-09-14,CA,Paid Social,Enterprise,599.0
U15493,2022-09-14,CA,Paid Search,Pro,49.0
U12081,2022-09-14,AU,Organic,Pro,49.0
U10972,2022-09-14,US,Referral,Business,199.0
U13851,2022-09-15,CA,Organic,Starter,19.0
U12686,2022-09-15,US,Referral,Pro,49.0
U14652,2022-09-15,US,Organic,Starter,19.0
U13944,2022-09-15,BR,Paid Social,Pro,49.0
U12799,2022-09-16,UK,Paid Search,Enterprise,599.0
U15153,2022-09-16,CA,Paid Search,Starter,19.0
U11850,2022-09-16,US,Paid Social,Pro,49.0
U12959,2022-09-16,BR,Affiliate,Business,199.0
U10623,2022-09-16,US,Paid Search,Starter,19.0
U13239,2022-09-16,US,Organic,Pro,49.0
U11770,2022-09-17,ES,Paid Social,Pro,49.0
U12160,2022-09-17,ES,Email,Starter,19.0
U14184,2022-09-17,UK,Organic,Pro,49.0
U12091,2022-09-18,US,Affiliate,Pro,49.0
U12785,2022-09-18,US,Paid Search,Business,199.0
U13862,2022-09-18,US,Paid Search,Pro,49.0
U15508,2022-09-18,DE,Organic,Pro,49.0
U15336,2022-09-19,IN,Referral,Business,199.0
U14081,2022-09-19,DE,Email,Pro,49.0
U13923,2022-09-19,DE,Referral,Starter,19.0
U15143,2022-09-19,ES,Organic,Pro,49.0
U12416,2022-09-20,UK,Referral,Business,199.0
U12798,2022-09-20,US,Paid Search,Business,199.0
U10138,2022-09-20,CA,Organic,Starter,19.0
U13385,2022-09-21,US,Organic,Starter,19.0
U12950,2022-09-21,CA,Email,Starter,19.0
U12529,2022-09-21,CA,Organic,Business,199.0
U13936,2022-09-21,US,Referral,Pro,49.0
U14455,2022-09-22,CA,Referral,Pro,49.0
U14399,2022-09-22,IN,Paid Social,Business,199.0
U14198,2022-09-22,DE,Email,Pro,49.0
U13686,2022-09-23,UK,Paid Search,Pro,49.0
U12217,2022-09-23,US,Email,Pro,49.0
U11810,2022-09-23,US,Organic,Business,199.0
U13969,2022-09-24,JP,Paid Social,Pro,49.0
U14420,2022-09-24,AU,Paid Search,Starter,19.0
U12076,2022-09-24,BR,Affiliate,Pro,49.0
U11345,2022-09-24,UK,Affiliate,Pro,49.0
U13509,2022-09-24,CA,Referral,Starter,19.0
U14386,2022-09-24,AU,Organic,Starter,19.0
U10072,2022-09-25,US,Paid Social,Starter,19.0
U11070,2022-09-25,IN,Paid Search,Starter,19.0
U11305,2022-09-25,BR,Paid Social,Pro,49.0
U13540,2022-09-25,US,Paid Search,Pro,49.0
U12912,2022-09-25,ES,Email,Business,199.0
U11905,2022-09-26,DE,Paid Social,Starter,19.0
U10759,2022-09-26,FR,Paid Social,Starter,19.0
U10126,2022-09-26,US,Referral,Business,199.0
U11250,2022-09-26,US,Organic,Starter,19.0
U13679,2022-09-27,US,Organic,Starter,19.0
U10723,2022-09-27,CA,Organic,Business,199.0
U10760,2022-09-27,US,Paid Search,Business,199.0
U11863,2022-09-27,ES,Organic,Enterprise,599.0
U13774,2022-09-27,CA,Paid Social,Starter,19.0
U15267,2022-09-28,UK,Paid Social,Business,199.0
U10522,2022-09-28,US,Paid Search,Starter,19.0
U13553,2022-09-28,UK,Paid Search,Starter,19.0
U12572,2022-09-28,US,Paid Search,Pro,49.0
U11710,2022-09-28,US,Organic,Pro,49.0
U10387,2022-09-28,US,Paid Search,Starter,19.0
U12324,2022-09-29,DE,Organic,Pro,49.0
U10048,2022-09-29,IN,Email,Business,199.0
U10227,2022-09-29,JP,Paid Search,Starter,19.0
U13117,2022-09-29,AU,Paid Social,Starter,19.0
U10514,2022-09-29,UK,Paid Search,Business,199.0
U14004,2022-09-29,ES,Paid Social,Starter,19.0
U12408,2022-09-29,DE,Paid Search,Starter,19.0
U14766,2022-09-29,CA,Paid Social,Starter,19.0
U15556,2022-09-29,DE,Paid Social,Enterprise,599.0
U10716,2022-09-29,BR,Organic,Pro,49.0
U13499,2022-09-30,AU,Paid Social,Enterprise,599.0
U14658,2022-09-30,CA,Referral,Starter,19.0
U10292,2022-09-30,DE,Referral,Starter,19.0
U15560,2022-09-30,US,Organic,Starter,19.0
U15082,2022-09-30,CA,Paid Search,Pro,49.0
U11934,2022-10-01,US,Paid Social,Pro,49.0
U14929,2022-10-01,US,Organic,Pro,49.0
U14832,2022-10-01,ES,Affiliate,Starter,19.0
U10709,2022-10-01,CA,Email,Business,199.0
U11035,2022-10-01,CA,Affiliate,Starter,19.0
U12716,2022-10-01,US,Paid Social,Starter,19.0
U12396,2022-10-01,IN,Organic,Pro,49.0
U10232,2022-10-02,FR,Paid Search,Pro,49.0
U11840,2022-10-03,US,Email,Starter,19.0
U11367,2022-10-03,JP,Paid Search,Starter,19.0
U12874,2022-10-03,CA,Paid Search,Starter,19.0
U14748,2022-10-04,CA,Paid Search,Starter,19.0
U14981,2022-10-04,UK,Paid Social,Starter,19.0
U10291,2022-10-04,UK,Paid Search,Pro,49.0
U12210,2022-10-04,ES,Organic,Starter,19.0
U13298,2022-10-04,CA,Organic,Business,199.0
U10520,2022-10-04,US,Organic,Starter,19.0
U10554,2022-10-04,US,Paid Social,Starter,19.0
U15238,2022-10-04,US,Affiliate,Business,199.0
U11101,2022-10-05,US,Paid Search,Pro,49.0
U11206,2022-10-05,UK,Organic,Starter,19.0
U14379,2022-10-05,BR,Referral,Starter,19.0
U12284,2022-10-06,US,Organic,Starter,19.0
U12603,2022-10-07,FR,Referral,Starter,19.0
U11750,2022-10-07,AU,Organic,Pro,49.0
U14534,2022-10-07,AU,Organic,Starter,19.0
U10775,2022-10-08,UK,Paid Search,Starter,19.0
U10483,2022-10-08,IN,Organic,Business,199.0
U11570,2022-10-08,BR,Paid Search,Starter,19.0
U12867,2022-10-08,FR,Organic,Starter,19.0
U13495,2022-10-08,US,Organic,Pro,49.0
U14388,2022-10-09,US,Paid Search,Pro,49.0
U12069,2022-10-09,ES,Email,Starter,19.0
U13829,2022-10-09,BR,Paid Search,Starter,19.0
U12788,2022-10-09,DE,Affiliate,Pro,49.0
U15084,2022-10-09,DE,Organic,Pro,49.0
U10797,2022-10-09,UK,Paid Social,Starter,19.0
U13309,2022-10-10,BR,Paid Social,Starter,19.0
U11411,2022-10-10,AU,Email,Starter,19.0
U14755,2022-10-11,IN,Referral,Business,199.0
U10290,2022-10-11,ES,Organic,Starter,19.0
U13068,2022-10-11,CA,Referral,Starter,19.0
U15424,2022-10-11,US,Paid Social,Starter,19.0
U10506,2022-10-11,CA,Organic,Pro,49.0
U11088,2022-10-11,BR,Referral,Pro,49.0
U12988,2022-10-11,FR,Organic,Business,199.0
U11902,2022-10-12,DE,Paid Search,Pro,49.0
U12995,2022-10-12,UK,Organic,Pro,49.0
U13229,2022-10-12,DE,Paid Social,Pro,49.0
U15426,2022-10-12,AU,Organic,Starter,19.0
U12703,2022-10-12,FR,Referral,Starter,19.0
U14826,2022-10-12,CA,Paid Social,Starter,19.0
U10539,2022-10-13,IN,Email,Starter,19.0
U11280,2022-10-13,JP,Paid Search,Business,199.0
U13437,2022-10-13,BR,Paid Social,Pro,49.0
U10871,2022-10-13,US,Paid Social,Starter,19.0
U11872,2022-10-14,UK,Paid Social,Starter,19.0
U13523,2022-10-15,BR,Affiliate,Pro,49.0
U14784,2022-10-15,JP,Email,Starter,19.0
U12846,2022-10-15,US,Paid Search,Pro,49.0
U13190,2022-10-15,US,Paid Search,Pro,49.0
U12203,2022-10-16,BR,Paid Social,Starter,19.0
U11443,2022-10-16,US,Organic,Starter,19.0
U14908,2022-10-16,JP,Organic,Starter,19.0
U11841,2022-10-17,FR,Organic,Business,199.0
U12460,2022-10-17,ES,Email,Starter,19.0
U13572,2022-10-17,AU,Paid Social,Business,199.0
U12326,2022-10-18,DE,Affiliate,Starter,19.0
U14512,2022-10-18,DE,Paid Social,Business,199.0
U11712,2022-10-18,JP,Paid Social,Starter,19.0
U14340,2022-10-18,US,Referral,Starter,19.0
U15339,2022-10-19,US,Paid Search,Starter,19.0
U10045,2022-10-19,ES,Paid Social,Starter,19.0
U14451,2022-10-19,UK,Referral,Enterprise,599.0
U11601,2022-10-19,US,Organic,Pro,49.0
U14313,2022-10-19,CA,Paid Search,Starter,19.0
U10538,2022-10-19,CA,Paid Search,Starter,19.0
U13728,2022-10-19,ES,Paid Social,Business,199.0
U12176,2022-10-20,US,Email,Starter,19.0
U14588,2022-10-20,CA,Paid Social,Starter,19.0
U15258,2022-10-20,JP,Referral,Business,199.0
U14149,2022-10-21,ES,Paid Search,Pro,49.0
U14368,2022-10-21,IN,Email,Pro,49.0
U12157,2022-10-21,US,Affiliate,Starter,19.0
U12299,2022-10-21,ES,Paid Social,Pro,49.0
U12277,2022-10-22,ES,Organic,Business,199.0
U14341,2022-10-22,ES,Paid Search,Business,199.0
U13388,2022-10-22,JP,Organic,Business,199.0
U13318,2022-10-22,US,Referral,Pro,49.0
U12369,2022-10-22,US,Referral,Starter,19.0
U12662,2022-10-22,FR,Paid Search,Starter,19.0
U13920,2022-10-22,US,Paid Search,Pro,49.0
U14454,2022-10-22,JP,Paid Search,Pro,49.0
U11442,2022-10-23,US,Affiliate,Starter,19.0
U14430,2022-10-23,UK,Paid Search,Starter,19.0
U15272,2022-10-23,US,Affiliate,Pro,49.0
U14590,2022-10-23,BR,Organic,Starter,19.0
U11402,2022-10-23,IN,Paid Search,Pro,49.0
U12982,2022-10-24,BR,Paid Social,Starter,19.0
U15523,2022-10-24,FR,Organic,Starter,19.0
U13922,2022-10-24,US,Email,Starter,19.0
U14922,2022-10-25,US,Email,Starter,19.0
U14727,2022-10-25,JP,Paid Search,Pro,49.0
U10205,2022-10-25,US,Paid Social,Pro,49.0
U12440,2022-10-25,FR,Organic,Starter,19.0
U13615,2022-10-25,UK,Email,Pro,49.0
U14917,2022-10-25,ES,Paid Search,Starter,19.0
U14039,2022-10-25,US,Paid Search,Starter,19.0
U10954,2022-10-26,CA,Paid Search,Business,199.0
U12317,2022-10-26,FR,Paid Search,Starter,19.0
U14796,2022-10-26,US,Referral,Starter,19.0
U12322,2022-10-26,US,Paid Search,Starter,19.0
U14015,2022-10-27,US,Referral,Pro,49.0
U14308,2022-10-27,CA,Referral,Pro,49.0
U15420,2022-10-29,CA,Organic,Pro,49.0
U12876,2022-10-29,FR,Paid Social,Pro,49.0
U14402,2022-10-29,US,Paid Search,Starter,19.0
U12099,2022-10-30,ES,Referral,Pro,49.0
U14218,2022-10-30,AU,Referral,Business,199.0
U15519,2022-10-30,IN,Paid Search,Business,199.0
U14968,2022-10-31,CA,Organic,Business,199.0
U15529,2022-10-31,ES,Paid Search,Pro,49.0
U12234,2022-10-31,UK,Paid Search,Business,199.0
U14625,2022-11-01,US,Paid Search,Pro,49.0
U13881,2022-11-01,UK,Organic,Business,199.0
U15360,2022-11-01,US,Referral,Business,199.0
U11665,2022-11-01,BR,Email,Starter,19.0
U10886,2022-11-01,FR,Referral,Starter,19.0
U10017,2022-11-01,AU,Affiliate,Pro,49.0
U10938,2022-11-02,US,Paid Search,Starter,19.0
U10606,2022-11-02,AU,Organic,Starter,19.0
U14292,2022-11-02,US,Organic,Starter,19.0
U12439,2022-11-02,US,Organic,Starter,19.0
U10165,2022-11-03,DE,Paid Search,Starter,19.0
U11809,2022-11-04,JP,Referral,Business,199.0
U13279,2022-11-04,FR,Paid Social,Enterprise,599.0
U10120,2022-11-04,CA,Email,Starter,19.0
U13831,2022-11-04,US,Paid Social,Pro,49.0
U10725,2022-11-04,JP,Paid Search,Pro,49.0
U14628,2022-11-05,FR,Organic,Starter,19.0
U14960,2022-11-05,US,Organic,Starter,19.0
U15498,2022-11-05,UK,Affiliate,Pro,49.0
U13787,2022-11-06,FR,Organic,Enterprise,599.0
U10808,2022-11-07,JP,Organic,Pro,49.0
U14958,2022-11-07,CA,Paid Search,Starter,19.0
U15555,2022-11-07,US,Email,Pro,49.0
U11921,2022-11-07,AU,Paid Search,Pro,49.0
U15062,2022-11-07,IN,Referral,Pro,49.0
U11657,2022-11-08,US,Email,Starter,19.0
U14970,2022-11-08,US,Referral,Starter,19.0
U12700,2022-11-08,AU,Organic,Pro,49.0
U11075,2022-11-08,CA,Organic,Starter,19.0
U10661,2022-11-08,US,Paid Search,Starter,19.0
U12771,2022-11-08,US,Email,Business,199.0
U11528,2022-11-08,US,Referral,Starter,19.0
U15149,2022-11-09,US,Referral,Starter,19.0
U11229,2022-11-10,US,Referral,Starter,19.0
U11220,2022-11-10,US,Paid Search,Starter,19.0
U13595,2022-11-11,DE,Paid Search,Starter,19.0
U14566,2022-11-11,BR,Email,Starter,19.0
U11395,2022-11-11,BR,Organic,Starter,19.0
U15114,2022-11-12,ES,Referral,Enterprise,599.0
U10944,2022-11-12,DE,Paid Search,Starter,19.0
U11922,2022-11-12,US,Paid Social,Pro,49.0
U14880,2022-11-13,US,Referral,Starter,19.0
U13151,2022-11-13,AU,Paid Search,Starter,19.0
U11567,2022-11-13,US,Paid Search,Starter,19.0
U15145,2022-11-13,US,Paid Social,Business,199.0
U10772,2022-11-13,JP,Paid Social,Pro,49.0
U10518,2022-11-14,JP,Organic,Business,199.0
U14440,2022-11-14,US,Email,Starter,19.0
U12371,2022-11-14,BR,Paid Search,Starter,19.0
U15221,2022-11-14,FR,Paid Search,Pro,49.0
U11435,2022-11-15,US,Referral,Starter,19.0
U10765,2022-11-15,FR,Referral,Pro,49.0
U10681,2022-11-15,JP,Paid Search,Starter,19.0
U12702,2022-11-15,US,Paid Search,Starter,19.0
U13889,2022-11-15,BR,Paid Search,Pro,49.0
U15142,2022-11-16,FR,Organic,Business,199.0
U11588,2022-11-16,UK,Referral,Starter,19.0
U12531,2022-11-16,US,Referral,Starter,19.0
U11928,2022-11-17,UK,Affiliate,Pro,49.0
U10715,2022-11-17,DE,Email,Pro,49.0
U13399,2022-11-18,IN,Organic,Starter,19.0
U12339,2022-11-18,US,Organic,Starter,19.0
U14889,2022-11-18,ES,Email,Starter,19.0
U11600,2022-11-18,UK,Paid Search,Business,199.0
U10604,2022-11-18,BR,Referral,Pro,49.0
U14117,2022-11-19,CA,Email,Starter,19.0
U12064,2022-11-19,CA,Paid Search,Starter,19.0
U13220,2022-11-19,US,Organic,Starter,19.0
U11918,2022-11-19,ES,Affiliate,Business,199.0
U14263,2022-11-20,FR,Organic,Pro,49.0
U11380,2022-11-20,CA,Referral,Starter,19.0
U13332,2022-11-20,FR,Paid Search,Starter,19.0
U10586,2022-11-20,US,Referral,Starter,19.0
U13352,2022-11-20,CA,Paid Social,Starter,19.0
U15176,2022-11-20,US,Organic,Starter,19.0
U12512,2022-11-20,JP,Paid Social,Business,199.0
U13281,2022-11-21,FR,Affiliate,Starter,19.0
U11199,2022-11-21,BR,Referral,Starter,19.0
U15135,2022-11-21,US,Paid Search,Starter,19.0
U12695,2022-11-21,BR,Paid Search,Pro,49.0
U13219,2022-11-22,US,Email,Enterprise,599.0
U13119,2022-11-22,ES,Affiliate,Business,199.0
U14103,2022-11-22,IN,Organic,Starter,19.0
U10285,2022-11-22,US,Email,Pro,49.0
U13746,2022-11-22,US,Referral,Pro,49.0
U12334,2022-11-22,CA,Paid Search,Pro,49.0
U12116,2022-11-22,US,Paid Search,Pro,49.0
U13046,2022-11-22,UK,Paid Search,Starter,19.0
U14256,2022-11-23,US,Paid Search,Pro,49.0
U11790,2022-11-23,US,Email,Pro,49.0
U15087,2022-11-24,US,Affiliate,Pro,49.0
U12792,2022-11-24,US,Referral,Starter,19.0
U10248,2022-11-24,US,Email,Pro,49.0
U12190,2022-11-24,JP,Paid Social,Starter,19.0
U10108,2022-11-25,FR,Paid Search,Starter,19.0
U11106,2022-11-25,JP,Organic,Starter,19.0
U13278,2022-11-25,BR,Organic,Business,199.0
U14999,2022-11-25,CA,Email,Enterprise,599.0
U14742,2022-11-25,CA,Paid Social,Starter,19.0
U14904,2022-11-25,UK,Paid Social,Pro,49.0
U10007,2022-11-25,US,Email,Starter,19.0
U12302,2022-11-25,FR,Paid Search,Business,199.0
U12362,2022-11-26,US,Paid Social,Business,199.0
U10326,2022-11-26,ES,Referral,Starter,19.0
U14555,2022-11-26,IN,Paid Search,Business,199.0
U15076,2022-11-26,JP,Paid Search,Enterprise,599.0
U10593,2022-11-27,JP,Organic,Starter,19.0
U12023,2022-11-27,ES,Email,Starter,19.0
U11947,2022-11-27,DE,Referral,Starter,19.0
U13531,2022-11-27,US,Paid Social,Pro,49.0
U11158,2022-11-27,US,Email,Starter,19.0
U13757,2022-11-27,US,Organic,Pro,49.0
U11659,2022-11-27,US,Paid Search,Starter,19.0
U14883,2022-11-28,US,Paid Search,Pro,49.0
U11749,2022-11-28,JP,Organic,Enterprise,599.0
U12710,2022-11-28,UK,Referral,Pro,49.0
U11663,2022-11-28,US,Organic,Pro,49.0
U14326,2022-11-28,BR,Paid Search,Pro,49.0
U10016,2022-11-28,AU,Paid Search,Enterprise,599.0
U12902,2022-11-28,US,Organic,Starter,19.0
U11187,2022-11-29,UK,Paid Search,Starter,19.0
U15008,2022-11-29,US,Affiliate,Pro,49.0
U13842,2022-11-29,JP,Referral,Business,199.0
U14630,2022-11-30,AU,Paid Search,Business,199.0
U10332,2022-11-30,US,Organic,Starter,19.0
U14206,2022-11-30,DE,Email,Enterprise,599.0
U14269,2022-12-01,CA,Paid Social,Starter,19.0
U10296,2022-12-01,UK,Organic,Pro,49.0
U12022,2022-12-01,CA,Referral,Pro,49.0
U10410,2022-12-02,JP,Organic,Business,199.0
U10774,2022-12-02,CA,Paid Search,Pro,49.0
U14580,2022-12-02,DE,Paid Social,Starter,19.0
U12690,2022-12-02,JP,Paid Search,Pro,49.0
U12020,2022-12-03,FR,Email,Business,199.0
U10175,2022-12-03,CA,Referral,Pro,49.0
U14342,2022-12-05,US,Organic,Business,199.0
U12726,2022-12-05,US,Paid Search,Starter,19.0
U11463,2022-12-05,FR,Email,Business,199.0
U10419,2022-12-05,FR,Organic,Pro,49.0
U14065,2022-12-05,FR,Organic,Starter,19.0
U14075,2022-12-06,DE,Organic,Pro,49.0
U10200,2022-12-06,UK,Referral,Pro,49.0
U13596,2022-12-06,JP,Paid Search,Starter,19.0
U11362,2022-12-06,US,Paid Social,Enterprise,599.0
U11310,2022-12-07,DE,Referral,Starter,19.0
U14802,2022-12-07,US,Referral,Pro,49.0
U13096,2022-12-07,AU,Paid Social,Pro,49.0
U11062,2022-12-07,US,Referral,Business,199.0
U15330,2022-12-07,ES,Paid Search,Starter,19.0
U15071,2022-12-07,BR,Email,Starter,19.0
U15181,2022-12-07,ES,Referral,Starter,19.0
U12540,2022-12-07,IN,Paid Social,Pro,49.0
U14635,2022-12-08,US,Paid Search,Pro,49.0
U13459,2022-12-08,JP,Organic,Starter,19.0
U14568,2022-12-08,FR,Paid Search,Enterprise,599.0
U10451,2022-12-08,US,Organic,Starter,19.0
U14621,2022-12-08,FR,Email,Business,199.0
U10511,2022-12-08,IN,Organic,Starter,19.0
U12415,2022-12-09,DE,Organic,Starter,19.0
U14746,2022-12-09,DE,Affiliate,Pro,49.0
U12780,2022-12-09,US,Affiliate,Starter,19.0
U13001,2022-12-09,US,Organic,Pro,49.0
U13247,2022-12-09,IN,Organic,Starter,19.0
U14957,2022-12-09,US,Organic,Starter,19.0
U14893,2022-12-09,DE,Organic,Pro,49.0
U10509,2022-12-10,US,Organic,Starter,19.0
U13717,2022-12-10,UK,Organic,Pro,49.0
U14998,2022-12-10,FR,Organic,Starter,19.0
U13804,2022-12-10,US,Email,Pro,49.0
U12445,2022-12-11,US,Affiliate,Starter,19.0
U10355,2022-12-11,US,Referral,Starter,19.0
U14284,2022-12-11,US,Paid Search,Starter,19.0
U10905,2022-12-11,IN,Organic,Starter,19.0
U13581,2022-12-11,DE,Paid Search,Starter,19.0
U15016,2022-12-12,CA,Organic,Business,199.0
U15557,2022-12-12,BR,Referral,Starter,19.0
U12230,2022-12-12,US,Paid Search,Starter,19.0
U12627,2022-12-12,AU,Organic,Enterprise,599.0
U10572,2022-12-12,AU,Organic,Starter,19.0
U11530,2022-12-13,US,Paid Search,Business,199.0
U11324,2022-12-13,US,Paid Search,Starter,19.0
U11020,2022-12-13,FR,Organic,Pro,49.0
U10754,2022-12-13,CA,Email,Business,199.0
U15477,2022-12-14,ES,Paid Social,Starter,19.0
U14868,2022-12-14,US,Email,Starter,19.0
U10729,2022-12-14,JP,Organic,Pro,49.0
U11880,2022-12-14,US,Paid Search,Starter,19.0
U11483,2022-12-15,CA,Organic,Pro,49.0
U10323,2022-12-15,UK,Paid Search,Starter,19.0
U12992,2022-12-15,DE,Paid Social,Starter,19.0
U15275,2022-12-15,US,Organic,Pro,49.0
U11909,2022-12-16,FR,Organic,Starter,19.0
U13859,2022-12-16,BR,Referral,Starter,19.0
U13992,2022-12-16,ES,Paid Search,Pro,49.0
U14335,2022-12-16,AU,Email,Starter,19.0
U11696,2022-12-17,DE,Paid Search,Starter,19.0
U10985,2022-12-17,US,Organic,Starter,19.0
U12513,2022-12-17,UK,Organic,Starter,19.0
U10784,2022-12-18,JP,Referral,Pro,49.0
U13438,2022-12-18,IN,Referral,Business,199.0
U15261,2022-12-18,BR,Paid Search,Pro,49.0
U14153,2022-12-18,ES,Paid Search,Starter,19.0
U13043,2022-12-18,FR,Paid Social,Starter,19.0
U14593,2022-12-18,ES,Paid Social,Business,199.0
U13856,2022-12-18,ES,Paid Search,Starter,19.0
U12628,2022-12-18,US,Paid Search,Starter,19.0
U11494,2022-12-19,US,Affiliate,Pro,49.0
U11477,2022-12-19,US,Referral,Business,199.0
U12186,2022-12-19,CA,Paid Social,Pro,49.0
U13876,2022-12-19,FR,Paid Search,Starter,19.0
U10147,2022-12-19,DE,Paid Search,Starter,19.0
U13124,2022-12-19,JP,Affiliate,Enterprise,599.0
U15116,2022-12-19,US,Organic,Starter,19.0
U11192,2022-12-20,FR,Referral,Enterprise,599.0
U12231,2022-12-20,AU,Paid Search,Starter,19.0
U14940,2022-12-20,US,Referral,Pro,49.0
U13564,2022-12-20,BR,Affiliate,Business,199.0
U10084,2022-12-20,DE,Organic,Business,199.0
U14927,2022-12-21,BR,Paid Search,Pro,49.0
U12869,2022-12-21,ES,Email,Enterprise,599.0
U14376,2022-12-21,US,Organic,Business,199.0
U12717,2022-12-21,IN,Affiliate,Starter,19.0
U15578,2022-12-21,US,Organic,Pro,49.0
U10998,2022-12-21,FR,Organic,Starter,19.0
U12740,2022-12-22,UK,Affiliate,Enterprise,599.0
U11603,2022-12-22,DE,Organic,Pro,49.0
U13078,2022-12-22,US,Organic,Starter,19.0
U14531,2022-12-23,UK,Affiliate,Pro,49.0
U13529,2022-12-23,US,Referral,Pro,49.0
U15024,2022-12-24,US,Email,Starter,19.0
U14159,2022-12-24,DE,Organic,Starter,19.0
U12474,2022-12-24,US,Email,Starter,19.0
U12478,2022-12-24,DE,Affiliate,Starter,19.0
U13392,2022-12-24,US,Paid Social,Pro,49.0
U11878,2022-12-24,US,Paid Search,Starter,19.0
U11746,2022-12-25,ES,Affiliate,Starter,19.0
U14009,2022-12-25,FR,Paid Search,Starter,19.0
U10352,2022-12-25,AU,Affiliate,Enterprise,599.0
U15315,2022-12-25,BR,Paid Social,Pro,49.0
U14920,2022-12-25,DE,Organic,Starter,19.0
U12919,2022-12-26,JP,Organic,Pro,49.0
U14554,2022-12-26,US,Email,Business,199.0
U13146,2022-12-27,US,Paid Social,Pro,49.0
U11553,2022-12-27,IN,Organic,Starter,19.0
U10600,2022-12-27,CA,Affiliate,Pro,49.0
U14897,2022-12-27,US,Paid Social,Pro,49.0
U12964,2022-12-28,US,Organic,Starter,19.0
U13912,2022-12-28,BR,Paid Search,Starter,19.0
U11371,2022-12-28,IN,Email,Starter,19.0
U10389,2022-12-28,CA,Referral,Pro,49.0
U13682,2022-12-29,US,Affiliate,Business,199.0
U11885,2022-12-29,ES,Paid Search,Pro,49.0
U12254,2022-12-29,IN,Paid Search,Starter,19.0
U14404,2022-12-29,BR,Paid Search,Pro,49.0
U15081,2022-12-29,JP,Email,Pro,49.0
U12107,2022-12-29,CA,Email,Business,199.0
U12595,2022-12-29,BR,Organic,Business,199.0
U11089,2022-12-29,US,Email,Starter,19.0
U14444,2022-12-29,FR,Paid Social,Pro,49.0
U10837,2022-12-29,BR,Paid Social,Pro,49.0
U12502,2022-12-30,CA,Paid Social,Pro,49.0
U14934,2022-12-30,US,Organic,Business,199.0
U11127,2022-12-30,IN,Paid Search,Starter,19.0
U12635,2022-12-30,JP,Referral,Business,199.0
U12261,2022-12-30,CA,Paid Search,Pro,49.0
U10242,2022-12-31,IN,Referral,Starter,19.0
U14660,2022-12-31,US,Paid Social,Enterprise,599.0
U13704,2022-12-31,CA,Paid Search,Enterprise,599.0
U12577,2022-12-31,BR,Organic,Starter,19.0
U11269,2022-12-31,CA,Organic,Starter,19.0
U13566,2022-12-31,AU,Organic,Pro,49.0
U11849,2022-12-31,CA,Email,Starter,19.0
U10427,2023-01-01,CA,Organic,Starter,19.0
U12293,2023-01-02,AU,Affiliate,Starter,19.0
U12625,2023-01-02,AU,Organic,Starter,19.0
U10625,2023-01-02,JP,Paid Search,Starter,19.0
U12207,2023-01-03,UK,Paid Search,Pro,49.0
U11267,2023-01-03,CA,Referral,Starter,19.0
U14097,2023-01-03,US,Referral,Starter,19.0
U13508,2023-01-03,BR,Organic,Pro,49.0
U12026,2023-01-03,IN,Paid Social,Business,199.0
U12922,2023-01-03,JP,Affiliate,Business,199.0
U14119,2023-01-03,CA,Organic,Pro,49.0
U15166,2023-01-03,JP,Email,Business,199.0
U12818,2023-01-04,ES,Referral,Enterprise,599.0
U10879,2023-01-04,DE,Paid Social,Pro,49.0
U13570,2023-01-04,IN,Email,Business,199.0
U12058,2023-01-05,US,Referral,Business,199.0
U11986,2023-01-05,US,Paid Search,Enterprise,599.0
U12168,2023-01-05,IN,Email,Pro,49.0
U10573,2023-01-05,US,Paid Social,Business,199.0
U13460,2023-01-05,BR,Paid Search,Starter,19.0
U13825,2023-01-05,JP,Paid Search,Pro,49.0
U10690,2023-01-06,FR,Organic,Starter,19.0
U14852,2023-01-06,AU,Affiliate,Pro,49.0
U10477,2023-01-06,AU,Email,Starter,19.0
U10321,2023-01-06,AU,Email,Pro,49.0
U13227,2023-01-07,UK,Paid Search,Starter,19.0
U10555,2023-01-07,CA,Paid Search,Starter,19.0
U13931,2023-01-07,CA,Affiliate,Pro,49.0
U11913,2023-01-07,JP,Paid Social,Pro,49.0
U10592,2023-01-07,US,Organic,Starter,19.0
U11652,2023-01-08,UK,Organic,Pro,49.0
U10458,2023-01-08,AU,Organic,Business,199.0
U13463,2023-01-08,JP,Paid Social,Enterprise,599.0
U15123,2023-01-09,US,Paid Social,Starter,19.0
U12126,2023-01-09,FR,Referral,Business,199.0
U12669,2023-01-09,US,Paid Social,Starter,19.0
U12544,2023-01-09,UK,Organic,Pro,49.0
U13198,2023-01-09,CA,Paid Search,Pro,49.0
U10028,2023-01-09,US,Paid Search,Pro,49.0
U14976,2023-01-09,CA,Paid Search,Starter,19.0
U11716,2023-01-10,AU,Referral,Starter,19.0
U15335,2023-01-10,US,Paid Search,Business,199.0
U14270,2023-01-12,FR,Paid Social,Starter,19.0
U14135,2023-01-12,JP,Referral,Starter,19.0
U10714,2023-01-12,US,Paid Social,Starter,19.0
U10795,2023-01-12,ES,Email,Pro,49.0
U11116,2023-01-12,US,Email,Starter,19.0
U15340,2023-01-12,JP,Paid Search,Pro,49.0
U15510,2023-01-12,DE,Email,Starter,19.0
U15147,2023-01-13,UK,Organic,Pro,49.0
U10393,2023-01-13,IN,Paid Search,Pro,49.0
U13780,2023-01-14,IN,Paid Social,Starter,19.0
U10771,2023-01-14,AU,Organic,Starter,19.0
U10199,2023-01-14,BR,Organic,Starter,19.0
U12923,2023-01-15,US,Organic,Starter,19.0
U13592,2023-01-15,US,Referral,Pro,49.0
U15097,2023-01-15,DE,Affiliate,Pro,49.0
U15547,2023-01-15,UK,Paid Social,Business,199.0
U10360,2023-01-15,CA,Email,Business,199.0
U15260,2023-01-15,DE,Referral,Starter,19.0
U12489,2023-01-16,JP,Paid Search,Pro,49.0
U14020,2023-01-16,JP,Paid Search,Starter,19.0
U15162,2023-01-16,US,Organic,Starter,19.0
U12100,2023-01-17,IN,Organic,Starter,19.0
U10964,2023-01-17,BR,Email,Starter,19.0
U12120,2023-01-17,ES,Paid Search,Business,199.0
U12897,2023-01-18,AU,Organic,Pro,49.0
U14486,2023-01-18,ES,Paid Search,Pro,49.0
U12541,2023-01-18,UK,Paid Search,Pro,49.0
U14815,2023-01-18,BR,Organic,Starter,19.0
U14351,2023-01-18,US,Paid Search,Business,199.0
U12040,2023-01-18,CA,Organic,Pro,49.0
U11408,2023-01-19,CA,Paid Search,Starter,19.0
U11133,2023-01-19,ES,Paid Search,Starter,19.0
U15512,2023-01-21,US,Paid Search,Pro,49.0
U14638,2023-01-21,US,Organic,Pro,49.0
U14524,2023-01-21,US,Affiliate,Business,199.0
U11996,2023-01-21,BR,Email,Starter,19.0
U13115,2023-01-22,IN,Organic,Starter,19.0
U14769,2023-01-22,JP,Organic,Starter,19.0
U14298,2023-01-22,IN,Paid Search,Starter,19.0
U10721,2023-01-22,US,Paid Social,Starter,19.0
U11911,2023-01-23,US,Paid Social,Business,199.0
U14809,2023-01-23,US,Paid Social,Pro,49.0
U13341,2023-01-23,JP,Paid Search,Starter,19.0
U15471,2023-01-23,CA,Organic,Starter,19.0
U15301,2023-01-24,FR,Paid Search,Starter,19.0
U13254,2023-01-24,UK,Referral,Pro,49.0
U12970,2023-01-24,IN,Referral,Starter,19.0
U11898,2023-01-24,JP,Referral,Pro,49.0
U12122,2023-01-24,US,Organic,Pro,49.0
U10168,2023-01-25,US,Organic,Starter,19.0
U11311,2023-01-25,US,Organic,Business,199.0
U12525,2023-01-25,ES,Paid Social,Pro,49.0
U10951,2023-01-26,UK,Paid Search,Starter,19.0
U13358,2023-01-26,CA,Paid Social,Starter,19.0
U11084,2023-01-26,CA,Paid Social,Starter,19.0
U12841,2023-01-26,US,Affiliate,Starter,19.0
U12583,2023-01-27,CA,Affiliate,Business,199.0
U15298,2023-01-27,BR,Paid Social,Starter,19.0
U10841,2023-01-27,DE,Referral,Starter,19.0
U12118,2023-01-27,BR,Paid Search,Starter,19.0
U12283,2023-01-27,US,Paid Search,Starter,19.0
U12341,2023-01-28,BR,Referral,Pro,49.0
U11728,2023-01-28,DE,Organic,Starter,19.0
U10101,2023-01-28,ES,Organic,Business,199.0
U13087,2023-01-28,ES,Paid Search,Starter,19.0
U11571,2023-01-28,AU,Paid Search,Starter,19.0
U14494,2023-01-29,US,Paid Social,Starter,19.0
U11821,2023-01-29,US,Email,Pro,49.0
U10806,2023-01-29,US,Email,Starter,19.0
U15134,2023-01-30,IN,Paid Social,Starter,19.0
U12534,2023-01-30,AU,Paid Search,Pro,49.0
U12616,2023-01-30,UK,Email,Business,199.0
U12644,2023-01-30,UK,Affiliate,Pro,49.0
U14079,2023-01-30,JP,Paid Social,Starter,19.0
U12401,2023-01-30,UK,Paid Search,Business,199.0
U11312,2023-01-31,UK,Paid Search,Starter,19.0
U15380,2023-01-31,CA,Paid Search,Pro,49.0
U15303,2023-01-31,CA,Referral,Pro,49.0
U14991,2023-01-31,UK,Organic,Starter,19.0
U12779,2023-01-31,BR,Organic,Pro,49.0
U11343,2023-01-31,FR,Affiliate,Pro,49.0
U11906,2023-02-01,US,Organic,Business,199.0
U14345,2023-02-01,FR,Paid Search,Business,199.0
U10351,2023-02-01,CA,Organic,Starter,19.0
U14082,2023-02-01,US,Paid Search,Starter,19.0
U14495,2023-02-02,IN,Paid Social,Pro,49.0
U14683,2023-02-02,ES,Paid Search,Pro,49.0
U14474,2023-02-02,US,Referral,Business,199.0
U10471,2023-02-02,CA,Affiliate,Starter,19.0
U10761,2023-02-02,FR,Organic,Enterprise,599.0
U13032,2023-02-02,UK,Email,Starter,19.0
U12289,2023-02-02,DE,Affiliate,Starter,19.0
U10196,2023-02-02,US,Paid Social,Starter,19.0
U15576,2023-02-03,US,Affiliate,Starter,19.0
U11744,2023-02-03,DE,Paid Social,Starter,19.0
U15102,2023-02-03,UK,Paid Social,Starter,19.0
U13919,2023-02-03,US,Organic,Pro,49.0
U11862,2023-02-03,IN,Paid Social,Starter,19.0
U12563,2023-02-03,US,Organic,Pro,49.0
U12328,2023-02-03,IN,Organic,Pro,49.0
U14641,2023-02-04,US,Email,Starter,19.0
U11754,2023-02-04,US,Organic,Pro,49.0
U14049,2023-02-04,US,Organic,Starter,19.0
U13950,2023-02-04,AU,Paid Search,Pro,49.0
U12751,2023-02-05,CA,Paid Search,Starter,19.0
U12171,2023-02-05,DE,Organic,Starter,19.0
U13634,2023-02-05,BR,Paid Social,Starter,19.0
U15210,2023-02-05,IN,Organic,Business,199.0
U11959,2023-02-05,FR,Affiliate,Pro,49.0
U12141,2023-02-05,IN,Paid Social,Business,199.0
U11925,2023-02-05,US,Organic,Business,199.0
U12318,2023-02-05,ES,Paid Search,Business,199.0
U13062,2023-02-06,FR,Email,Starter,19.0
U11871,2023-02-06,FR,Paid Search,Pro,49.0
U13849,2023-02-06,BR,Paid Search,Starter,19.0
U13760,2023-02-06,US,Organic,Starter,19.0
U15191,2023-02-06,US,Paid Search,Starter,19.0
U11548,2023-02-07,UK,Organic,Starter,19.0
U10919,2023-02-07,CA,Paid Search,Starter,19.0
U14576,2023-02-07,ES,Paid Search,Pro,49.0
U12748,2023-02-07,IN,Paid Social,Starter,19.0
U13004,2023-02-08,US,Paid Social,Starter,19.0
U13379,2023-02-08,IN,Organic,Starter,19.0
U11991,2023-02-08,CA,Organic,Starter,19.0
U10973,2023-02-09,AU,Paid Search,Business,199.0
U14095,2023-02-09,FR,Organic,Business,199.0
U14084,2023-02-09,CA,Referral,Pro,49.0
U14685,2023-02-09,DE,Paid Social,Business,199.0
U15058,2023-02-10,DE,Organic,Starter,19.0
U14600,2023-02-10,CA,Referral,Pro,49.0
U11941,2023-02-10,UK,Paid Social,Pro,49.0
U13706,2023-02-10,FR,Referral,Pro,49.0
U12910,2023-02-10,JP,Paid Search,Business,199.0
U15098,2023-02-10,JP,Paid Search,Starter,19.0
U11149,2023-02-10,DE,Organic,Starter,19.0
U12473,2023-02-10,JP,Referral,Starter,19.0
U15552,2023-02-11,ES,Affiliate,Starter,19.0
U14196,2023-02-11,JP,Paid Social,Starter,19.0
U12743,2023-02-12,AU,Organic,Starter,19.0
U12773,2023-02-12,AU,Email,Pro,49.0
U10150,2023-02-12,IN,Organic,Starter,19.0
U11558,2023-02-12,UK,Paid Search,Business,199.0
U11022,2023-02-12,AU,Referral,Starter,19.0
U10383,2023-02-12,US,Email,Starter,19.0
U14435,2023-02-13,UK,Paid Social,Enterprise,599.0
U12224,2023-02-13,ES,Paid Search,Pro,49.0
U15548,2023-02-13,US,Referral,Starter,19.0
U11162,2023-02-13,CA,Paid Search,Starter,19.0
U11180,2023-02-14,IN,Paid Social,Starter,19.0
U11689,2023-02-14,ES,Paid Social,Starter,19.0
U13039,2023-02-14,JP,Organic,Pro,49.0
U12348,2023-02-14,US,Referral,Pro,49.0
U12323,2023-02-14,FR,Organic,Pro,49.0
U10481,2023-02-15,CA,Organic,Business,199.0
U11292,2023-02-15,DE,Paid Search,Starter,19.0
U14716,2023-02-15,US,Organic,Starter,19.0
U13648,2023-02-15,US,Organic,Starter,19.0
U13834,2023-02-16,CA,Affiliate,Starter,19.0
U13325,2023-02-16,AU,Paid Search,Business,199.0
U14812,2023-02-16,US,Referral,Starter,19.0
U11740,2023-02-16,US,Organic,Starter,19.0
U11836,2023-02-17,FR,Organic,Starter,19.0
U10313,2023-02-17,AU,Referral,Starter,19.0
U10134,2023-02-17,FR,Organic,Starter,19.0
U14806,2023-02-17,IN,Organic,Pro,49.0
U14776,2023-02-17,JP,Organic,Starter,19.0
U10762,2023-02-17,US,Organic,Business,199.0
U13448,2023-02-17,UK,Email,Enterprise,599.0
U10728,2023-02-17,DE,Organic,Business,199.0
U13159,2023-02-18,DE,Paid Search,Starter,19.0
U14700,2023-02-18,US,Paid Social,Starter,19.0
U11889,2023-02-19,US,Email,Starter,19.0
U11761,2023-02-19,FR,Paid Search,Pro,49.0
U15086,2023-02-19,JP,Paid Search,Starter,19.0
U15236,2023-02-19,CA,Paid Social,Starter,19.0
U10928,2023-02-19,US,Paid Social,Business,199.0
U10890,2023-02-19,UK,Paid Search,Starter,19.0
U15132,2023-02-19,IN,Paid Search,Pro,49.0
U14601,2023-02-20,US,Referral,Pro,49.0
U12857,2023-02-20,FR,Paid Search,Pro,49.0
U10089,2023-02-20,AU,Paid Search,Pro,49.0
U11406,2023-02-20,ES,Paid Search,Starter,19.0
U10370,2023-02-20,FR,Email,Business,199.0
U15308,2023-02-20,DE,Paid Social,Business,199.0
U12252,2023-02-20,US,Organic,Starter,19.0
U10047,2023-02-20,ES,Email,Starter,19.0
U11876,2023-02-20,US,Paid Social,Pro,49.0
U13956,2023-02-20,US,Paid Social,Pro,49.0
U13216,2023-02-21,DE,Paid Search,Pro,49.0
U13994,2023-02-21,ES,Organic,Starter,19.0
U14906,2023-02-22,US,Affiliate,Business,199.0
U13680,2023-02-22,BR,Organic,Starter,19.0
U10086,2023-02-22,FR,Paid Social,Starter,19.0
U14581,2023-02-23,DE,Paid Social,Starter,19.0
U13960,2023-02-23,IN,Organic,Pro,49.0
U10609,2023-02-23,DE,Paid Social,Business,199.0
U14482,2023-02-23,BR,Paid Search,Business,199.0
U12953,2023-02-23,CA,Organic,Starter,19.0
U12241,2023-02-23,JP,Organic,Pro,49.0
U14238,2023-02-24,UK,Paid Search,Pro,49.0
U13163,2023-02-24,CA,Paid Social,Pro,49.0
U12527,2023-02-25,JP,Affiliate,Pro,49.0
U14764,2023-02-25,US,Paid Social,Pro,49.0
U13942,2023-02-25,DE,Paid Search,Pro,49.0
U11034,2023-02-25,US,Paid Social,Starter,19.0
U11883,2023-02-25,JP,Paid Social,Business,199.0
U14541,2023-02-25,FR,Paid Search,Business,199.0
U12260,2023-02-25,CA,Paid Search,Business,199.0
U10780,2023-02-25,JP,Affiliate,Pro,49.0
U13636,2023-02-25,CA,Paid Search,Pro,49.0
U12212,2023-02-25,UK,Organic,Pro,49.0
U13139,2023-02-26,US,Organic,Business,199.0
U11232,2023-02-26,DE,Organic,Pro,49.0
U13935,2023-02-26,FR,Paid Social,Pro,49.0
U15111,2023-02-26,UK,Paid Social,Starter,19.0
U14239,2023-02-26,AU,Referral,Starter,19.0
U12591,2023-02-26,US,Paid Search,Starter,19.0
U11523,2023-02-27,IN,Organic,Pro,49.0
U11893,2023-02-27,FR,Paid Social,Starter,19.0
U10341,2023-02-27,US,Affiliate,Pro,49.0
U12720,2023-02-27,US,Affiliate,Starter,19.0
U13905,2023-02-27,FR,Paid Social,Starter,19.0
U15347,2023-02-27,IN,Organic,Starter,19.0
U14393,2023-02-27,US,Paid Social,Starter,19.0
U13574,2023-02-27,ES,Email,Business,199.0
U11172,2023-02-27,US,Paid Search,Starter,19.0
U10862,2023-02-28,US,Paid Search,Business,199.0
U11251,2023-02-28,CA,Paid Social,Pro,49.0
U15033,2023-02-28,DE,Paid Search,Starter,19.0
U11842,2023-02-28,US,Email,Enterprise,599.0
U12363,2023-02-28,UK,Paid Search,Starter,19.0
U14574,2023-03-01,US,Paid Search,Starter,19.0
U11875,2023-03-01,JP,Organic,Starter,19.0
U12025,2023-03-01,US,Paid Social,Pro,49.0
U11713,2023-03-01,FR,Organic,Business,199.0
U10083,2023-03-01,CA,Paid Search,Pro,49.0
U10472,2023-03-01,US,Paid Social,Business,199.0
U13858,2023-03-02,AU,Affiliate,Pro,49.0
U13296,2023-03-02,AU,Referral,Starter,19.0
U14199,2023-03-02,US,Referral,Enterprise,599.0
U14048,2023-03-03,US,Organic,Starter,19.0
U11131,2023-03-03,US,Organic,Pro,49.0
U10510,2023-03-03,BR,Paid Social,Starter,19.0
U11098,2023-03-03,US,Email,Starter,19.0
U14800,2023-03-03,US,Paid Social,Business,199.0
U14203,2023-03-03,BR,Paid Social,Business,199.0
U10701,2023-03-03,FR,Email,Pro,49.0
U15007,2023-03-04,UK,Paid Social,Pro,49.0
U14992,2023-03-04,ES,Email,Starter,19.0
U11498,2023-03-04,US,Paid Search,Business,199.0
U12093,2023-03-05,ES,Organic,Business,199.0
U15136,2023-03-05,JP,Organic,Pro,49.0
U13102,2023-03-05,US,Organic,Business,199.0
U12571,2023-03-06,DE,Referral,Pro,49.0
U10091,2023-03-06,CA,Organic,Pro,49.0
U12763,2023-03-06,CA,Organic,Starter,19.0
U13654,2023-03-06,DE,Paid Social,Starter,19.0
U11617,2023-03-06,CA,Paid Search,Starter,19.0
U11781,2023-03-06,AU,Paid Search,Starter,19.0
U10957,2023-03-07,US,Paid Social,Starter,19.0
U11988,2023-03-07,US,Paid Social,Starter,19.0
U13489,2023-03-07,UK,Paid Search,Starter,19.0
U12002,2023-03-07,FR,Affiliate,Pro,49.0
U10523,2023-03-08,IN,Email,Starter,19.0
U13770,2023-03-08,UK,Paid Search,Enterprise,599.0
U12449,2023-03-08,UK,Paid Social,Business,199.0
U14801,2023-03-08,UK,Paid Social,Starter,19.0
U12229,2023-03-08,IN,Organic,Starter,19.0
U14422,2023-03-08,UK,Paid Search,Business,199.0
U13983,2023-03-09,IN,Email,Starter,19.0
U12027,2023-03-09,IN,Affiliate,Business,199.0
U13349,2023-03-09,UK,Referral,Pro,49.0
U14254,2023-03-09,AU,Organic,Starter,19.0
U13878,2023-03-09,UK,Paid Search,Starter,19.0
U10198,2023-03-09,US,Paid Social,Pro,49.0
U10450,2023-03-09,CA,Organic,Starter,19.0
U13946,2023-03-09,ES,Organic,Business,199.0
U11948,2023-03-09,DE,Paid Search,Starter,19.0
U13333,2023-03-10,CA,Referral,Business,199.0
U10776,2023-03-10,UK,Organic,Starter,19.0
U14782,2023-03-10,US,Organic,Business,199.0
U13921,2023-03-10,UK,Organic,Starter,19.0
U10793,2023-03-10,IN,Email,Pro,49.0
U15106,2023-03-10,CA,Affiliate,Pro,49.0
U10869,2023-03-10,DE,Organic,Business,199.0
U14602,2023-03-11,CA,Referral,Starter,19.0
U12287,2023-03-11,US,Paid Social,Enterprise,599.0
U13465,2023-03-11,AU,Organic,Pro,49.0
U13655,2023-03-11,FR,Organic,Starter,19.0
U15130,2023-03-11,JP,Paid Search,Pro,49.0
U14231,2023-03-11,JP,Organic,Pro,49.0
U13916,2023-03-11,BR,Paid Search,Starter,19.0
U11365,2023-03-13,UK,Paid Search,Starter,19.0
U11692,2023-03-13,DE,Affiliate,Starter,19.0
U15219,2023-03-14,US,Paid Search,Starter,19.0
U11560,2023-03-15,BR,Organic,Pro,49.0
U14266,2023-03-15,US,Paid Search,Starter,19.0
U13982,2023-03-15,ES,Organic,Starter,19.0
U10812,2023-03-15,UK,Organic,Starter,19.0
U11163,2023-03-15,US,Paid Social,Starter,19.0
U14569,2023-03-15,IN,Email,Starter,19.0
U14104,2023-03-16,CA,Organic,Starter,19.0
U14924,2023-03-16,DE,Referral,Starter,19.0
U10088,2023-03-16,DE,Organic,Starter,19.0
U12852,2023-03-16,UK,Organic,Starter,19.0
U12146,2023-03-16,US,Paid Search,Starter,19.0
U13620,2023-03-17,BR,Organic,Starter,19.0
U10102,2023-03-17,UK,Paid Social,Starter,19.0
U15289,2023-03-17,AU,Organic,Pro,49.0
U10646,2023-03-17,IN,Paid Search,Starter,19.0
U12800,2023-03-17,DE,Paid Search,Starter,19.0
U11092,2023-03-19,CA,Paid Social,Starter,19.0
U10986,2023-03-19,US,Affiliate,Starter,19.0
U13181,2023-03-19,US,Paid Search,Starter,19.0
U14863,2023-03-20,BR,Organic,Pro,49.0
U13129,2023-03-20,CA,Paid Social,Business,199.0
U14047,2023-03-20,CA,Affiliate,Business,199.0
U12015,2023-03-20,DE,Referral,Starter,19.0
U13433,2023-03-20,FR,Paid Social,Starter,19.0
U13962,2023-03-20,US,Paid Search,Starter,19.0
U14050,2023-03-21,JP,Paid Search,Starter,19.0
U13727,2023-03-21,US,Email,Starter,19.0
U14181,2023-03-21,FR,Affiliate,Starter,19.0
U14603,2023-03-21,AU,Paid Search,Starter,19.0
U12257,2023-03-21,FR,Organic,Starter,19.0
U12601,2023-03-21,US,Affiliate,Business,199.0
U12042,2023-03-22,FR,Email,Starter,19.0
U12484,2023-03-22,JP,Email,Starter,19.0
U13675,2023-03-22,CA,Organic,Starter,19.0
U13918,2023-03-22,UK,Organic,Business,199.0
U11085,2023-03-22,DE,Paid Social,Pro,49.0
U14373,2023-03-22,US,Paid Search,Pro,49.0
U14911,2023-03-22,CA,Organic,Starter,19.0
U11674,2023-03-23,US,Email,Starter,19.0
U10637,2023-03-24,US,Paid Social,Pro,49.0
U12332,2023-03-24,FR,Paid Search,Pro,49.0
U13406,2023-03-25,JP,Organic,Starter,19.0
U11606,2023-03-25,US,Organic,Pro,49.0
U13900,2023-03-25,JP,Paid Social,Pro,49.0
U11534,2023-03-25,CA,Paid Social,Starter,19.0
U13118,2023-03-25,US,Referral,Pro,49.0
U15109,2023-03-26,US,Paid Search,Starter,19.0
U15004,2023-03-26,US,Organic,Pro,49.0
U10136,2023-03-26,BR,Email,Pro,49.0
U15250,2023-03-26,US,Affiliate,Starter,19.0
U13135,2023-03-26,US,Referral,Starter,19.0
U11462,2023-03-26,IN,Affiliate,Starter,19.0
U14332,2023-03-26,ES,Organic,Starter,19.0
U12629,2023-03-26,US,Referral,Business,199.0
U11169,2023-03-27,JP,Organic,Starter,19.0
U10223,2023-03-27,US,Paid Search,Starter,19.0
U10269,2023-03-27,JP,Organic,Enterprise,599.0
U14875,2023-03-27,US,Affiliate,Starter,19.0
U11150,2023-03-27,US,Organic,Pro,49.0
U13646,2023-03-27,US,Organic,Business,199.0
U13997,2023-03-28,US,Paid Social,Starter,19.0
U14098,2023-03-28,FR,Email,Starter,19.0
U10263,2023-03-28,BR,Organic,Pro,49.0
U12805,2023-03-29,IN,Affiliate,Starter,19.0
U13253,2023-03-30,US,Organic,Starter,19.0
U11358,2023-03-30,CA,Organic,Business,199.0
U14587,2023-03-30,FR,Paid Social,Starter,19.0
U10620,2023-03-31,US,Affiliate,Business,199.0
U11514,2023-03-31,UK,Paid Social,Pro,49.0
U13213,2023-03-31,US,Paid Social,Pro,49.0
U14371,2023-04-01,DE,Paid Social,Business,199.0
U12429,2023-04-01,FR,Organic,Pro,49.0
U10627,2023-04-02,CA,Referral,Pro,49.0
U12376,2023-04-02,UK,Paid Search,Pro,49.0
U14062,2023-04-02,US,Referral,Pro,49.0
U14519,2023-04-03,AU,Organic,Starter,19.0
U10881,2023-04-03,US,Email,Starter,19.0
U10943,2023-04-03,IN,Paid Social,Enterprise,599.0
U11473,2023-04-03,UK,Organic,Starter,19.0
U11110,2023-04-03,US,Paid Search,Enterprise,599.0
U14612,2023-04-03,US,Referral,Starter,19.0
U15078,2023-04-04,US,Referral,Pro,49.0
U12769,2023-04-04,US,Paid Search,Starter,19.0
U15139,2023-04-04,US,Paid Search,Pro,49.0
U14063,2023-04-05,CA,Paid Search,Starter,19.0
U10459,2023-04-05,FR,Email,Starter,19.0
U14941,2023-04-06,IN,Organic,Starter,19.0
U13575,2023-04-06,BR,Organic,Starter,19.0
U14481,2023-04-06,IN,Organic,Starter,19.0
U10711,2023-04-06,US,Organic,Business,199.0
U14607,2023-04-06,US,Paid Search,Pro,49.0
U12095,2023-04-07,US,Paid Social,Starter,19.0
U13824,2023-04-07,CA,Paid Search,Starter,19.0
U11258,2023-04-07,DE,Paid Social,Business,199.0
U14427,2023-04-07,DE,Paid Social,Starter,19.0
U11794,2023-04-07,US,Paid Search,Starter,19.0
U15226,2023-04-08,US,Referral,Starter,19.0
U12650,2023-04-08,CA,Paid Search,Starter,19.0
U14557,2023-04-08,US,Paid Search,Enterprise,599.0
U11412,2023-04-08,US,Paid Search,Starter,19.0
U12734,2023-04-09,US,Organic,Enterprise,599.0
U10903,2023-04-09,ES,Organic,Starter,19.0
U13521,2023-04-10,CA,Paid Search,Pro,49.0
U14295,2023-04-10,BR,Affiliate,Pro,49.0
U11512,2023-04-10,CA,Paid Social,Starter,19.0
U10887,2023-04-10,IN,Paid Search,Pro,49.0
U13986,2023-04-10,US,Paid Social,Starter,19.0
U12777,2023-04-11,IN,Paid Search,Starter,19.0
U11631,2023-04-11,DE,Paid Search,Business,199.0
U10526,2023-04-11,JP,Paid Search,Pro,49.0
U12666,2023-04-11,US,Organic,Starter,19.0
U14598,2023-04-12,US,Organic,Business,199.0
U15332,2023-04-12,UK,Paid Search,Starter,19.0
U14527,2023-04-12,UK,Affiliate,Pro,49.0
U10220,2023-04-13,DE,Organic,Starter,19.0
U12882,2023-04-13,US,Organic,Starter,19.0
U12253,2023-04-13,CA,Referral,Pro,49.0
U13584,2023-04-13,AU,Paid Search,Pro,49.0
U12639,2023-04-13,DE,Affiliate,Starter,19.0
U12833,2023-04-13,CA,Email,Starter,19.0
U13485,2023-04-14,FR,Paid Search,Starter,19.0
U12226,2023-04-14,US,Referral,Starter,19.0
U11495,2023-04-14,UK,Organic,Starter,19.0
U10158,2023-04-14,US,Paid Search,Business,199.0
U11266,2023-04-15,DE,Referral,Pro,49.0
U15475,2023-04-15,US,Paid Search,Starter,19.0
U10978,2023-04-15,CA,Organic,Pro,49.0
U15577,2023-04-15,CA,Organic,Pro,49.0
U11369,2023-04-15,AU,Organic,Starter,19.0
U11450,2023-04-16,US,Paid Social,Starter,19.0
U14133,2023-04-16,CA,Referral,Starter,19.0
U12426,2023-04-16,US,Referral,Business,199.0
U14255,2023-04-17,AU,Organic,Starter,19.0
U10717,2023-04-17,FR,Organic,Starter,19.0
U15188,2023-04-17,IN,Organic,Pro,49.0
U13753,2023-04-18,DE,Email,Pro,49.0
U13784,2023-04-18,CA,Paid Social,Starter,19.0
U12019,2023-04-19,DE,Paid Social,Starter,19.0
U12680,2023-04-19,IN,Paid Search,Starter,19.0
U11920,2023-04-19,US,Paid Search,Pro,49.0
U11140,2023-04-19,US,Organic,Starter,19.0
U11359,2023-04-19,FR,Email,Starter,19.0
U15151,2023-04-19,US,Organic,Starter,19.0
U10618,2023-04-20,FR,Affiliate,Pro,49.0
U11186,2023-04-20,AU,Organic,Starter,19.0
U12866,2023-04-20,BR,Paid Social,Starter,19.0
U10161,2023-04-20,CA,Paid Search,Starter,19.0
U11460,2023-04-20,US,Paid Social,Starter,19.0
U12319,2023-04-21,US,Organic,Starter,19.0
U14222,2023-04-21,UK,Organic,Pro,49.0
U11555,2023-04-21,IN,Organic,Enterprise,599.0
U14057,2023-04-22,DE,Referral,Pro,49.0
U10485,2023-04-22,US,Organic,Pro,49.0
U11242,2023-04-22,IN,Referral,Pro,49.0
U11340,2023-04-22,FR,Paid Search,Pro,49.0
U14623,2023-04-23,CA,Paid Search,Starter,19.0
U12813,2023-04-23,IN,Paid Social,Business,199.0
U11815,2023-04-23,IN,Organic,Pro,49.0
U12809,2023-04-23,AU,Email,Starter,19.0
U11561,2023-04-24,UK,Referral,Starter,19.0
U10308,2023-04-24,BR,Organic,Starter,19.0
U13153,2023-04-24,JP,Paid Search,Pro,49.0
U15241,2023-04-24,CA,Paid Search,Starter,19.0
U12522,2023-04-24,ES,Referral,Starter,19.0
U12331,2023-04-25,JP,Paid Search,Pro,49.0
U13215,2023-04-25,CA,Paid Search,Pro,49.0
U13470,2023-04-25,US,Organic,Starter,19.0
U10799,2023-04-25,DE,Paid Social,Pro,49.0
U14668,2023-04-25,DE,Paid Social,Pro,49.0
U15391,2023-04-25,UK,Affiliate,Business,199.0
U11417,2023-04-25,US,Paid Search,Pro,49.0
U11105,2023-04-25,DE,Referral,Starter,19.0
U12565,2023-04-26,US,Affiliate,Starter,19.0
U13145,2023-04-26,FR,Paid Search,Pro,49.0
U14035,2023-04-26,BR,Organic,Pro,49.0
U13758,2023-04-26,DE,Paid Search,Starter,19.0
U13161,2023-04-26,IN,Paid Search,Business,199.0
U13444,2023-04-26,BR,Affiliate,Pro,49.0
U12174,2023-04-26,IN,Email,Pro,49.0
U14185,2023-04-26,CA,Paid Social,Starter,19.0
U12671,2023-04-27,FR,Email,Pro,49.0
U15352,2023-04-27,US,Affiliate,Starter,19.0
U12585,2023-04-27,CA,Organic,Starter,19.0
U10093,2023-04-27,US,Organic,Starter,19.0
U13794,2023-04-27,UK,Paid Search,Starter,19.0
U11060,2023-04-28,IN,Paid Social,Pro,49.0
U12342,2023-04-28,FR,Paid Search,Pro,49.0
U15103,2023-04-28,JP,Email,Starter,19.0
U14529,2023-04-28,FR,Organic,Starter,19.0
U15173,2023-04-29,IN,Organic,Pro,49.0
U12273,2023-04-29,IN,Paid Social,Starter,19.0
U13901,2023-04-29,FR,Paid Search,Business,199.0
U10566,2023-04-30,UK,Paid Search,Enterprise,599.0
U15157,2023-04-30,US,Email,Starter,19.0
U11637,2023-05-01,US,Email,Starter,19.0
U13346,2023-05-01,US,Organic,Starter,19.0
U11825,2023-05-01,US,Paid Search,Pro,49.0
U11795,2023-05-02,CA,Referral,Starter,19.0
U13511,2023-05-02,UK,Paid Social,Pro,49.0
U13401,2023-05-02,FR,Paid Social,Pro,49.0
U12768,2023-05-02,US,Paid Social,Starter,19.0
U10208,2023-05-02,US,Affiliate,Pro,49.0
U12975,2023-05-02,AU,Affiliate,Starter,19.0
U14374,2023-05-03,JP,Paid Search,Starter,19.0
U15025,2023-05-03,JP,Paid Social,Enterprise,599.0
U13788,2023-05-03,US,Organic,Business,199.0
U10457,2023-05-03,US,Organic,Starter,19.0
U10036,2023-05-03,BR,Paid Social,Starter,19.0
U12037,2023-05-03,FR,Organic,Business,199.0
U10758,2023-05-03,FR,Referral,Starter,19.0
U10094,2023-05-04,UK,Referral,Pro,49.0
U14162,2023-05-04,US,Organic,Starter,19.0
U10494,2023-05-04,ES,Organic,Starter,19.0
U14708,2023-05-04,DE,Paid Search,Pro,49.0
U13939,2023-05-04,JP,Organic,Starter,19.0
U10696,2023-05-05,US,Paid Search,Starter,19.0
U13688,2023-05-05,FR,Affiliate,Pro,49.0
U15466,2023-05-05,FR,Organic,Pro,49.0
U10512,2023-05-05,IN,Organic,Pro,49.0
U11857,2023-05-05,US,Email,Starter,19.0
U11102,2023-05-05,FR,Email,Pro,49.0
U13303,2023-05-06,US,Paid Social,Starter,19.0
U12904,2023-05-06,JP,Paid Search,Starter,19.0
U10883,2023-05-06,JP,Affiliate,Starter,19.0
U12624,2023-05-06,FR,Organic,Pro,49.0
U12183,2023-05-06,UK,Referral,Pro,49.0
U11170,2023-05-06,JP,Referral,Starter,19.0
U13714,2023-05-06,UK,Organic,Pro,49.0
U13291,2023-05-06,US,Referral,Starter,19.0
U11874,2023-05-06,CA,Paid Social,Starter,19.0
U14734,2023-05-07,AU,Organic,Enterprise,599.0
U13314,2023-05-07,UK,Email,Enterprise,599.0
U14093,2023-05-07,BR,Paid Search,Pro,49.0
U11613,2023-05-07,CA,Organic,Starter,19.0
U13111,2023-05-07,CA,Paid Social,Pro,49.0
U11573,2023-05-07,DE,Organic,Starter,19.0
U10827,2023-05-08,JP,Organic,Pro,49.0
U13565,2023-05-09,AU,Email,Pro,49.0
U13095,2023-05-09,CA,Affiliate,Pro,49.0
U13711,2023-05-09,DE,Email,Enterprise,599.0
U10440,2023-05-09,UK,Paid Social,Enterprise,599.0
U12458,2023-05-10,US,Paid Search,Starter,19.0
U13204,2023-05-10,UK,Organic,Starter,19.0
U13975,2023-05-10,ES,Paid Social,Pro,49.0
U12150,2023-05-10,CA,Email,Starter,19.0
U12427,2023-05-10,US,Paid Search,Business,199.0
U12333,2023-05-11,AU,Email,Pro,49.0
U13328,2023-05-11,CA,Email,Pro,49.0
U11157,2023-05-11,DE,Referral,Starter,19.0
U11298,2023-05-11,CA,Organic,Business,199.0
U10420,2023-05-12,US,Paid Search,Starter,19.0
U10344,2023-05-12,IN,Organic,Starter,19.0
U12423,2023-05-12,CA,Organic,Starter,19.0
U11595,2023-05-12,DE,Paid Search,Pro,49.0
U10981,2023-05-12,AU,Email,Starter,19.0
U10499,2023-05-13,CA,Paid Social,Pro,49.0
U15326,2023-05-13,US,Paid Search,Starter,19.0
U12050,2023-05-13,IN,Referral,Pro,49.0
U10665,2023-05-13,US,Organic,Pro,49.0
U12403,2023-05-13,US,Paid Social,Starter,19.0
U15306,2023-05-13,US,Email,Business,199.0
U10949,2023-05-13,FR,Organic,Business,199.0
U10515,2023-05-14,JP,Organic,Starter,19.0
U10373,2023-05-15,DE,Paid Social,Starter,19.0
U14033,2023-05-15,ES,Organic,Pro,49.0
U10258,2023-05-15,DE,Paid Social,Business,199.0
U13967,2023-05-15,UK,Paid Social,Starter,19.0
U15107,2023-05-16,US,Organic,Pro,49.0
U10391,2023-05-16,US,Paid Search,Enterprise,599.0
U13625,2023-05-16,AU,Referral,Starter,19.0
U12075,2023-05-16,US,Paid Social,Starter,19.0
U12506,2023-05-17,DE,Referral,Starter,19.0
U14847,2023-05-17,BR,Organic,Enterprise,599.0
U12807,2023-05-17,BR,Email,Starter,19.0
U10819,2023-05-17,BR,Organic,Starter,19.0
U10750,2023-05-17,BR,Paid Search,Starter,19.0
U14501,2023-05-17,CA,Organic,Pro,49.0
U12270,2023-05-17,FR,Paid Search,Pro,49.0
U11008,2023-05-18,UK,Paid Search,Starter,19.0
U14945,2023-05-18,CA,Organic,Starter,19.0
U11137,2023-05-18,DE,Paid Search,Starter,19.0
U13731,2023-05-18,DE,Organic,Business,199.0
U15405,2023-05-18,US,Paid Social,Starter,19.0
U15093,2023-05-19,ES,Organic,Starter,19.0
U11888,2023-05-19,FR,Organic,Pro,49.0
U14279,2023-05-19,US,Paid Search,Pro,49.0
U12259,2023-05-19,JP,Email,Starter,19.0
U11585,2023-05-19,US,Organic,Pro,49.0
U15209,2023-05-19,CA,Organic,Starter,19.0
U11797,2023-05-19,US,Organic,Starter,19.0
U12065,2023-05-20,US,Organic,Pro,49.0
U15540,2023-05-20,CA,Paid Search,Business,199.0
U12849,2023-05-20,UK,Paid Search,Pro,49.0
U12201,2023-05-20,JP,Paid Search,Pro,49.0
U11981,2023-05-21,US,Email,Starter,19.0
U14331,2023-05-21,JP,Paid Search,Starter,19.0
U13356,2023-05-21,JP,Organic,Business,199.0
U14389,2023-05-21,US,Paid Search,Business,199.0
U15294,2023-05-21,US,Organic,Pro,49.0
U13732,2023-05-21,CA,Paid Social,Starter,19.0
U10613,2023-05-21,AU,Affiliate,Pro,49.0
U15018,2023-05-22,US,Organic,Starter,19.0
U11993,2023-05-22,US,Referral,Starter,19.0
U12579,2023-05-22,IN,Organic,Pro,49.0
U15452,2023-05-22,US,Paid Search,Starter,19.0
U11967,2023-05-22,US,Organic,Enterprise,599.0
U13270,2023-05-22,IN,Organic,Starter,19.0
U11625,2023-05-22,CA,Paid Search,Pro,49.0
U11457,2023-05-23,UK,Referral,Pro,49.0
U14377,2023-05-23,IN,Affiliate,Starter,19.0
U12691,2023-05-23,IN,Paid Social,Starter,19.0
U13639,2023-05-24,US,Paid Search,Starter,19.0
U14711,2023-05-24,DE,Referral,Starter,19.0
U11958,2023-05-24,UK,Organic,Starter,19.0
U13908,2023-05-24,DE,Paid Social,Starter,19.0
U11082,2023-05-24,US,Organic,Business,199.0
U14078,2023-05-25,IN,Paid Social,Starter,19.0
U13355,2023-05-25,UK,Organic,Starter,19.0
U11389,2023-05-25,US,Organic,Starter,19.0
U11526,2023-05-25,ES,Paid Search,Pro,49.0
U13602,2023-05-25,CA,Referral,Pro,49.0
U12978,2023-05-25,US,Organic,Starter,19.0
U10030,2023-05-26,AU,Paid Social,Enterprise,599.0
U10671,2023-05-26,UK,Referral,Pro,49.0
U13729,2023-05-26,UK,Affiliate,Starter,19.0
U10357,2023-05-26,US,Organic,Starter,19.0
U10685,2023-05-26,AU,Referral,Starter,19.0
U10744,2023-05-26,ES,Organic,Pro,49.0
U12697,2023-05-27,US,Affiliate,Starter,19.0
U14346,2023-05-27,CA,Paid Social,Starter,19.0
U11805,2023-05-27,BR,Paid Social,Starter,19.0
U13155,2023-05-27,AU,Paid Social,Pro,49.0
U15140,2023-05-28,BR,Paid Social,Pro,49.0
U12956,2023-05-28,BR,Paid Search,Pro,49.0
U10316,2023-05-28,CA,Paid Search,Enterprise,599.0
U10014,2023-05-28,FR,Paid Social,Starter,19.0
U14560,2023-05-28,CA,Paid Social,Starter,19.0
U15396,2023-05-28,FR,Paid Search,Pro,49.0
U14626,2023-05-28,AU,Paid Search,Business,199.0
U13847,2023-05-29,US,Email,Business,199.0
U12588,2023-05-29,CA,Affiliate,Starter,19.0
U10940,2023-05-29,US,Paid Social,Starter,19.0
U11179,2023-05-29,US,Referral,Starter,19.0
U14946,2023-05-29,DE,Paid Social,Starter,19.0
U15327,2023-05-30,AU,Paid Search,Starter,19.0
U10979,2023-05-30,DE,Paid Social,Business,199.0
U12646,2023-05-30,US,Referral,Pro,49.0
U12653,2023-05-30,UK,Affiliate,Starter,19.0
U12827,2023-05-30,US,Organic,Pro,49.0
U11643,2023-05-31,US,Affiliate,Starter,19.0
U12757,2023-05-31,AU,Email,Pro,49.0
U14215,2023-05-31,CA,Paid Search,Pro,49.0
U13233,2023-05-31,US,Organic,Pro,49.0
U14175,2023-05-31,FR,Referral,Pro,49.0
U13367,2023-06-01,CA,Referral,Pro,49.0
U13420,2023-06-01,JP,Organic,Business,199.0
U11480,2023-06-01,CA,Organic,Pro,49.0
U12829,2023-06-02,CA,Affiliate,Pro,49.0
U14041,2023-06-02,US,Organic,Starter,19.0
U13090,2023-06-03,BR,Paid Social,Pro,49.0
U15307,2023-06-03,US,Paid Social,Business,199.0
U10746,2023-06-03,IN,Paid Social,Starter,19.0
U10507,2023-06-03,BR,Referral,Pro,49.0
U14007,2023-06-03,AU,Paid Search,Pro,49.0
U10961,2023-06-04,US,Organic,Pro,49.0
U13692,2023-06-04,BR,Paid Social,Pro,49.0
U13809,2023-06-04,US,Affiliate,Business,199.0
U10815,2023-06-04,CA,Paid Search,Starter,19.0
U13641,2023-06-05,UK,Paid Search,Business,199.0
U11113,2023-06-05,CA,Organic,Starter,19.0
U10636,2023-06-05,IN,Paid Social,Starter,19.0
U13456,2023-06-05,CA,Organic,Business,199.0
U12815,2023-06-05,ES,Affiliate,Enterprise,599.0
U13701,2023-06-06,UK,Email,Starter,19.0
U15208,2023-06-06,US,Email,Starter,19.0
U10460,2023-06-06,IN,Email,Starter,19.0
U14011,2023-06-06,CA,Paid Social,Starter,19.0
U14219,2023-06-07,ES,Organic,Starter,19.0
U10146,2023-06-07,US,Organic,Starter,19.0
U11681,2023-06-07,BR,Organic,Starter,19.0
U15448,2023-06-07,IN,Email,Starter,19.0
U11052,2023-06-07,US,Referral,Pro,49.0
U14522,2023-06-07,CA,Paid Search,Starter,19.0
U14773,2023-06-08,US,Affiliate,Starter,19.0
U15218,2023-06-08,JP,Paid Social,Starter,19.0
U12998,2023-06-08,FR,Email,Starter,19.0
U11223,2023-06-09,JP,Paid Social,Business,199.0
U12395,2023-06-09,UK,Paid Search,Pro,49.0
U13455,2023-06-09,US,Paid Social,Pro,49.0
U14559,2023-06-09,US,Paid Search,Starter,19.0
U12725,2023-06-09,US,Affiliate,Starter,19.0
U10256,2023-06-09,ES,Organic,Starter,19.0
U14281,2023-06-09,US,Paid Search,Starter,19.0
U11668,2023-06-10,ES,Email,Starter,19.0
U13673,2023-06-10,CA,Affiliate,Pro,49.0
U12845,2023-06-10,UK,Paid Social,Pro,49.0
U14246,2023-06-11,US,Paid Search,Starter,19.0
U12535,2023-06-11,US,Organic,Pro,49.0
U15318,2023-06-11,US,Paid Search,Pro,49.0
U13013,2023-06-11,CA,Paid Search,Pro,49.0
U13098,2023-06-11,CA,Organic,Starter,19.0
U15334,2023-06-11,JP,Referral,Pro,49.0
U14477,2023-06-11,US,Organic,Pro,49.0
U10546,2023-06-11,ES,Paid Social,Starter,19.0
U12205,2023-06-11,CA,Paid Search,Business,199.0
U11804,2023-06-12,US,Paid Search,Starter,19.0
U11065,2023-06-13,UK,Paid Social,Business,199.0
U13082,2023-06-13,BR,Organic,Business,199.0
U11068,2023-06-13,DE,Referral,Business,199.0
U11611,2023-06-13,IN,Paid Search,Starter,19.0
U13113,2023-06-13,DE,Organic,Pro,49.0
U15527,2023-06-13,FR,Paid Social,Starter,19.0
U11923,2023-06-13,JP,Paid Social,Pro,49.0
U12692,2023-06-14,US,Email,Enterprise,599.0
U13533,2023-06-14,CA,Affiliate,Pro,49.0
U14306,2023-06-15,US,Paid Search,Starter,19.0
U15500,2023-06-15,IN,Organic,Starter,19.0
U10534,2023-06-15,CA,Organic,Business,199.0
U14434,2023-06-15,FR,Organic,Starter,19.0
U15378,2023-06-15,ES,Paid Search,Starter,19.0
U12987,2023-06-16,BR,Paid Search,Starter,19.0
U13030,2023-06-16,UK,Referral,Pro,49.0
U10188,2023-06-16,US,Organic,Starter,19.0
U15309,2023-06-17,US,Organic,Business,199.0
U12622,2023-06-17,AU,Email,Business,199.0
U14462,2023-06-18,ES,Organic,Enterprise,599.0
U11048,2023-06-18,CA,Paid Social,Pro,49.0
U12402,2023-06-18,US,Email,Starter,19.0
U12631,2023-06-19,CA,Organic,Starter,19.0
U13386,2023-06-19,US,Referral,Starter,19.0
U13843,2023-06-19,US,Affiliate,Enterprise,599.0
U11363,2023-06-19,FR,Organic,Pro,49.0
U11877,2023-06-19,CA,Paid Search,Pro,49.0
U10787,2023-06-19,US,Referral,Pro,49.0
U10937,2023-06-20,ES,Organic,Pro,49.0
U10970,2023-06-20,JP,Paid Social,Enterprise,599.0
U10055,2023-06-20,CA,Paid Social,Pro,49.0
U15009,2023-06-20,IN,Referral,Pro,49.0
U12072,2023-06-20,FR,Referral,Pro,49.0
U12538,2023-06-21,BR,Paid Search,Starter,19.0
U13868,2023-06-21,US,Paid Social,Starter,19.0
U14589,2023-06-21,US,Organic,Business,199.0
U11670,2023-06-21,JP,Affiliate,Business,199.0
U14168,2023-06-21,CA,Paid Search,Business,199.0
U11010,2023-06-22,JP,Organic,Starter,19.0
U14936,2023-06-22,US,Organic,Enterprise,599.0
U10757,2023-06-22,US,Organic,Starter,19.0
U15248,2023-06-22,CA,Organic,Starter,19.0
U12903,2023-06-22,US,Organic,Pro,49.0
U13624,2023-06-22,US,Paid Search,Pro,49.0
U11072,2023-06-22,JP,Paid Search,Starter,19.0
U13612,2023-06-23,UK,Organic,Pro,49.0
U14760,2023-06-23,DE,Organic,Starter,19.0
U11989,2023-06-23,US,Paid Search,Starter,19.0
U13138,2023-06-23,US,Affiliate,Starter,19.0
U12634,2023-06-23,CA,Organic,Pro,49.0
U12430,2023-06-24,DE,Affiliate,Pro,49.0
U11387,2023-06-24,FR,Referral,Starter,19.0
U10731,2023-06-25,DE,Email,Business,199.0
U13202,2023-06-25,US,Email,Pro,49.0
U10704,2023-06-25,ES,Paid Search,Starter,19.0
U14886,2023-06-25,IN,Paid Search,Business,199.0
U15239,2023-06-26,FR,Referral,Pro,49.0
U10739,2023-06-26,US,Organic,Starter,19.0
U14758,2023-06-26,DE,Organic,Pro,49.0
U15088,2023-06-26,BR,Affiliate,Business,199.0
U14008,2023-06-26,JP,Organic,Starter,19.0
U14227,2023-06-26,US,Email,Starter,19.0
U14599,2023-06-27,DE,Organic,Starter,19.0
U15417,2023-06-27,US,Organic,Enterprise,599.0
U12166,2023-06-27,FR,Paid Search,Pro,49.0
U15268,2023-06-27,UK,Organic,Pro,49.0
U15297,2023-06-27,US,Paid Social,Pro,49.0
U11100,2023-06-27,IN,Organic,Starter,19.0
U15029,2023-06-28,JP,Paid Social,Starter,19.0
U12965,2023-06-28,FR,Paid Search,Business,199.0
U11907,2023-06-28,FR,Paid Search,Starter,19.0
U15559,2023-06-28,IN,Referral,Starter,19.0
U14703,2023-06-28,JP,Organic,Starter,19.0
U12752,2023-06-28,IN,Affiliate,Starter,19.0
U14264,2023-06-28,ES,Referral,Pro,49.0
U13515,2023-06-29,IN,Email,Starter,19.0
U10046,2023-06-29,US,Organic,Pro,49.0
U12264,2023-06-29,US,Organic,Pro,49.0
U10109,2023-06-29,IN,Organic,Starter,19.0
U10567,2023-06-29,CA,Affiliate,Starter,19.0
U10802,2023-06-29,FR,Email,Starter,19.0
U12400,2023-06-29,ES,Referral,Enterprise,599.0
U12082,2023-06-29,US,Organic,Starter,19.0
U14395,2023-06-29,CA,Paid Search,Starter,19.0
U12811,2023-06-29,UK,Email,Pro,49.0
U15536,2023-06-29,UK,Referral,Pro,49.0
U15395,2023-06-29,US,Referral,Starter,19.0
U13981,2023-06-29,US,Paid Social,Enterprise,599.0
U11043,2023-06-30,BR,Paid Search,Enterprise,599.0
U13457,2023-06-30,CA,Paid Search,Pro,49.0
U14366,2023-06-30,DE,Email,Starter,19.0
U12507,2023-06-30,CA,Referral,Business,199.0
U10338,2023-06-30,UK,Organic,Starter,19.0
U14136,2023-06-30,ES,Referral,Business,199.0
U13635,2023-06-30,IN,Organic,Starter,19.0
U13236,2023-06-30,ES,Paid Search,Pro,49.0
U11671,2023-06-30,AU,Organic,Pro,49.0
U11191,2023-07-01,ES,Affiliate,Starter,19.0
U12664,2023-07-01,JP,Paid Search,Pro,49.0
U11073,2023-07-01,US,Email,Starter,19.0
U12467,2023-07-01,US,Referral,Starter,19.0
U14453,2023-07-01,US,Paid Social,Starter,19.0
U12393,2023-07-01,AU,Paid Social,Starter,19.0
U12892,2023-07-02,US,Paid Search,Pro,49.0
U15200,2023-07-02,US,Paid Search,Starter,19.0
U11632,2023-07-02,AU,Affiliate,Business,199.0
U11760,2023-07-02,ES,Affiliate,Starter,19.0
U10010,2023-07-02,IN,Email,Starter,19.0
U15501,2023-07-02,US,Organic,Pro,49.0
U13582,2023-07-02,CA,Paid Social,Starter,19.0
U13015,2023-07-03,US,Organic,Starter,19.0
U12000,2023-07-03,BR,Paid Search,Business,199.0
U14068,2023-07-03,ES,Paid Search,Enterprise,599.0
U15290,2023-07-03,DE,Paid Search,Starter,19.0
U10403,2023-07-04,DE,Organic,Starter,19.0
U13736,2023-07-04,US,Paid Search,Enterprise,599.0
U14614,2023-07-04,FR,Paid Search,Business,199.0
U13621,2023-07-04,ES,Referral,Pro,49.0
U12419,2023-07-04,US,Organic,Starter,19.0
U14699,2023-07-04,DE,Paid Social,Starter,19.0
U11183,2023-07-05,IN,Organic,Business,199.0
U11185,2023-07-05,UK,Organic,Starter,19.0
U11318,2023-07-05,DE,Affiliate,Starter,19.0
U14424,2023-07-05,DE,Paid Social,Starter,19.0
U10528,2023-07-06,FR,Paid Search,Business,199.0
U14912,2023-07-06,FR,Paid Search,Starter,19.0
U15329,2023-07-06,DE,Organic,Pro,49.0
U10912,2023-07-06,UK,Referral,Pro,49.0
U13002,2023-07-06,UK,Referral,Starter,19.0
U12947,2023-07-06,US,Paid Search,Pro,49.0
U11328,2023-07-06,US,Paid Search,Starter,19.0
U11338,2023-07-06,US,Organic,Starter,19.0
U11378,2023-07-06,US,Organic,Pro,49.0
U10020,2023-07-07,US,Email,Starter,19.0
U15252,2023-07-07,DE,Paid Social,Business,199.0
U14357,2023-07-07,CA,Paid Search,Business,199.0
U11763,2023-07-07,BR,Organic,Pro,49.0
U15043,2023-07-07,JP,Referral,Starter,19.0
U14722,2023-07-07,FR,Organic,Business,199.0
U14872,2023-07-08,CA,Paid Social,Business,199.0
U15182,2023-07-08,US,Paid Social,Starter,19.0
U12016,2023-07-08,US,Email,Starter,19.0
U12905,2023-07-08,CA,Email,Starter,19.0
U14787,2023-07-08,IN,Paid Search,Pro,49.0
U15112,2023-07-09,JP,Email,Starter,19.0
U12564,2023-07-09,CA,Organic,Enterprise,599.0
U13060,2023-07-09,JP,Paid Social,Business,199.0
U10565,2023-07-09,FR,Paid Social,Pro,49.0
U10955,2023-07-09,AU,Referral,Starter,19.0
U11182,2023-07-10,FR,Referral,Business,199.0
U11759,2023-07-10,ES,Affiliate,Business,199.0
U12548,2023-07-10,CA,Affiliate,Business,199.0
U11999,2023-07-11,US,Organic,Starter,19.0
U11843,2023-07-11,DE,Paid Social,Pro,49.0
U10075,2023-07-11,CA,Organic,Starter,19.0
U13488,2023-07-11,UK,Organic,Starter,19.0
U11071,2023-07-11,US,Organic,Pro,49.0
U11239,2023-07-11,FR,Referral,Enterprise,599.0
U10825,2023-07-12,AU,Organic,Business,199.0
U14363,2023-07-12,US,Paid Search,Starter,19.0
U10022,2023-07-12,US,Paid Search,Pro,49.0
U12011,2023-07-12,CA,Organic,Pro,49.0
U11655,2023-07-12,US,Organic,Enterprise,599.0
U12981,2023-07-12,ES,Paid Search,Starter,19.0
U13261,2023-07-12,AU,Paid Social,Business,199.0
U12854,2023-07-13,US,Organic,Starter,19.0
U14982,2023-07-13,JP,Organic,Starter,19.0
U10720,2023-07-13,FR,Paid Search,Pro,49.0
U10064,2023-07-13,CA,Organic,Starter,19.0
U15562,2023-07-13,US,Organic,Starter,19.0
U11688,2023-07-14,US,Referral,Starter,19.0
U11336,2023-07-14,IN,Paid Search,Starter,19.0
U11500,2023-07-14,JP,Organic,Starter,19.0
U11618,2023-07-15,DE,Email,Starter,19.0
U15115,2023-07-15,BR,Referral,Pro,49.0
U10191,2023-07-16,US,Organic,Enterprise,599.0
U12248,2023-07-16,US,Paid Social,Starter,19.0
U10868,2023-07-16,JP,Paid Social,Pro,49.0
U12167,2023-07-16,IN,Referral,Business,199.0
U10663,2023-07-17,US,Organic,Starter,19.0
U13461,2023-07-17,US,Organic,Pro,49.0
U13979,2023-07-17,FR,Paid Search,Starter,19.0
U13049,2023-07-17,US,Paid Social,Starter,19.0
U10044,2023-07-17,US,Organic,Starter,19.0
U10576,2023-07-17,ES,Paid Search,Starter,19.0
U12913,2023-07-17,ES,Paid Social,Starter,19.0
U14938,2023-07-17,US,Paid Social,Pro,49.0
U15440,2023-07-17,US,Organic,Starter,19.0
U10605,2023-07-18,BR,Paid Social,Pro,49.0
U10038,2023-07-18,BR,Paid Search,Business,199.0
U13915,2023-07-18,UK,Paid Social,Starter,19.0
U14212,2023-07-18,JP,Paid Search,Starter,19.0
U14250,2023-07-19,DE,Organic,Starter,19.0
U13397,2023-07-19,US,Paid Search,Starter,19.0
U10543,2023-07-20,IN,Organic,Enterprise,599.0
U15443,2023-07-20,UK,Organic,Business,199.0
U10909,2023-07-20,US,Paid Social,Starter,19.0
U13294,2023-07-20,US,Paid Search,Business,199.0
U13708,2023-07-20,CA,Paid Social,Business,199.0
U14677,2023-07-20,US,Organic,Starter,19.0
U15460,2023-07-21,ES,Organic,Business,199.0
U12374,2023-07-21,UK,Organic,Starter,19.0
U11510,2023-07-21,CA,Paid Social,Pro,49.0
U12321,2023-07-21,IN,Referral,Pro,49.0
U13659,2023-07-22,CA,Paid Search,Enterprise,599.0
U13504,2023-07-22,ES,Paid Social,Starter,19.0
U13953,2023-07-22,US,Paid Social,Starter,19.0
U11636,2023-07-22,US,Organic,Starter,19.0
U13476,2023-07-22,CA,Organic,Pro,49.0
U15245,2023-07-23,FR,Paid Social,Enterprise,599.0
U13750,2023-07-23,AU,Organic,Starter,19.0
U10429,2023-07-23,US,Organic,Pro,49.0
U13555,2023-07-23,US,Email,Pro,49.0
U11288,2023-07-23,US,Paid Social,Business,199.0
U13293,2023-07-23,US,Paid Social,Enterprise,599.0
U10169,2023-07-23,IN,Paid Search,Pro,49.0
U14140,2023-07-23,US,Email,Pro,49.0
U12657,2023-07-23,UK,Paid Social,Starter,19.0
U10229,2023-07-23,IN,Organic,Pro,49.0
U15398,2023-07-24,ES,Affiliate,Pro,49.0
U14101,2023-07-24,BR,Referral,Starter,19.0
U11272,2023-07-24,FR,Paid Search,Pro,49.0
U11431,2023-07-25,UK,Organic,Pro,49.0
U12812,2023-07-25,US,Paid Search,Pro,49.0
U10213,2023-07-25,JP,Organic,Starter,19.0
U11227,2023-07-25,AU,Organic,Starter,19.0
U15387,2023-07-25,AU,Organic,Starter,19.0
U12562,2023-07-26,US,Email,Starter,19.0
U10971,2023-07-26,BR,Paid Social,Enterprise,599.0
U13484,2023-07-26,US,Organic,Business,199.0
U12243,2023-07-26,DE,Paid Search,Pro,49.0
U11736,2023-07-26,UK,Organic,Enterprise,599.0
U12914,2023-07-26,AU,Email,Starter,19.0
U13321,2023-07-27,BR,Organic,Starter,19.0
U11188,2023-07-27,US,Organic,Business,199.0
U11798,2023-07-27,BR,Email,Pro,49.0
U10640,2023-07-28,US,Referral,Starter,19.0
U11268,2023-07-28,FR,Organic,Starter,19.0
U14721,2023-07-28,US,Email,Starter,19.0
U10282,2023-07-28,UK,Paid Search,Starter,19.0
U12086,2023-07-28,DE,Organic,Starter,19.0
U10160,2023-07-28,ES,Paid Search,Starter,19.0
U11050,2023-07-28,CA,Email,Pro,49.0
U10995,2023-07-28,ES,Email,Starter,19.0
U10382,2023-07-29,AU,Organic,Pro,49.0
U14130,2023-07-29,FR,Paid Search,Starter,19.0
U11844,2023-07-29,CA,Paid Social,Starter,19.0
U13739,2023-07-29,BR,Organic,Enterprise,599.0
U14910,2023-07-29,CA,Organic,Starter,19.0
U12944,2023-07-30,DE,Organic,Starter,19.0
U10956,2023-07-30,DE,Paid Search,Starter,19.0
U15428,2023-07-30,ES,Organic,Starter,19.0
U12614,2023-07-30,JP,Organic,Business,199.0
U15465,2023-07-30,CA,Affiliate,Starter,19.0
U14899,2023-07-31,AU,Email,Starter,19.0
U10540,2023-07-31,US,Referral,Starter,19.0
U12772,2023-07-31,BR,Email,Pro,49.0
U15099,2023-07-31,IN,Paid Search,Starter,19.0
U11780,2023-07-31,AU,Paid Search,Starter,19.0
U14243,2023-07-31,US,Paid Social,Starter,19.0
U12973,2023-08-01,CA,Email,Starter,19.0
U12673,2023-08-01,CA,Organic,Pro,49.0
U11488,2023-08-02,US,Affiliate,Pro,49.0
U15247,2023-08-02,AU,Organic,Pro,49.0
U11648,2023-08-02,ES,Referral,Business,199.0
U13265,2023-08-02,BR,Organic,Pro,49.0
U14407,2023-08-03,JP,Paid Social,Business,199.0
U15432,2023-08-03,BR,Paid Search,Starter,19.0
U14143,2023-08-03,FR,Referral,Starter,19.0
U13844,2023-08-04,JP,Organic,Starter,19.0
U13154,2023-08-04,US,Paid Search,Starter,19.0
U12962,2023-08-04,JP,Paid Search,Business,199.0
U14853,2023-08-04,UK,Affiliate,Pro,49.0
U11547,2023-08-04,UK,Paid Social,Starter,19.0
U14919,2023-08-04,US,Paid Search,Starter,19.0
U12305,2023-08-05,UK,Organic,Pro,49.0
U12954,2023-08-05,IN,Email,Starter,19.0
U14080,2023-08-05,IN,Paid Search,Starter,19.0
U12608,2023-08-05,AU,Paid Search,Business,199.0
U15253,2023-08-05,IN,Organic,Business,199.0
U14257,2023-08-05,UK,Referral,Starter,19.0
U13781,2023-08-05,JP,Paid Search,Business,199.0
U10629,2023-08-06,UK,Referral,Starter,19.0
U12103,2023-08-06,US,Referral,Starter,19.0
U13943,2023-08-06,IN,Paid Social,Starter,19.0
U15573,2023-08-06,US,Paid Search,Starter,19.0
U14779,2023-08-06,DE,Organic,Pro,49.0
U13269,2023-08-06,IN,Paid Social,Starter,19.0
U10753,2023-08-06,JP,Email,Pro,49.0
U12596,2023-08-06,US,Paid Search,Starter,19.0
U11776,2023-08-07,IN,Paid Search,Starter,19.0
U10112,2023-08-07,FR,Paid Social,Starter,19.0
U13258,2023-08-07,IN,Email,Starter,19.0
U14116,2023-08-07,DE,Paid Search,Pro,49.0
U12173,2023-08-08,UK,Organic,Starter,19.0
U10060,2023-08-08,BR,Organic,Starter,19.0
U13192,2023-08-08,CA,Email,Starter,19.0
U11410,2023-08-08,UK,Paid Social,Starter,19.0
U10424,2023-08-08,UK,Paid Social,Pro,49.0
U12411,2023-08-08,JP,Paid Search,Starter,19.0
U11040,2023-08-08,FR,Organic,Starter,19.0
U12101,2023-08-09,CA,Organic,Pro,49.0
U11011,2023-08-09,US,Paid Social,Starter,19.0
U13185,2023-08-09,UK,Referral,Business,199.0
U10491,2023-08-09,AU,Affiliate,Business,199.0
U13206,2023-08-10,US,Referral,Starter,19.0
U12452,2023-08-10,ES,Organic,Starter,19.0
U12074,2023-08-10,FR,Paid Search,Pro,49.0
U13965,2023-08-10,US,Referral,Starter,19.0
U14754,2023-08-10,FR,Referral,Starter,19.0
U11372,2023-08-10,US,Paid Search,Starter,19.0
U12097,2023-08-10,AU,Organic,Pro,49.0
U11096,2023-08-11,US,Paid Social,Business,199.0
U10434,2023-08-11,US,Organic,Pro,49.0
U14091,2023-08-11,DE,Paid Social,Starter,19.0
U10547,2023-08-11,ES,Referral,Pro,49.0
U14106,2023-08-11,US,Email,Business,199.0
U11506,2023-08-11,CA,Paid Social,Pro,49.0
U13058,2023-08-11,AU,Referral,Business,199.0
U15185,2023-08-11,FR,Paid Social,Starter,19.0
U12599,2023-08-11,AU,Referral,Pro,49.0
U15574,2023-08-11,US,Paid Social,Starter,19.0
U15457,2023-08-11,US,Paid Social,Starter,19.0
U13656,2023-08-12,BR,Paid Search,Starter,19.0
U13007,2023-08-12,US,Paid Search,Starter,19.0
U13879,2023-08-12,US,Affiliate,Business,199.0
U13538,2023-08-13,IN,Organic,Pro,49.0
U10639,2023-08-13,CA,Email,Starter,19.0
U11517,2023-08-13,AU,Paid Social,Pro,49.0
U14860,2023-08-13,JP,Organic,Pro,49.0
U12327,2023-08-13,BR,Email,Starter,19.0
U12615,2023-08-13,CA,Affiliate,Business,199.0
U10385,2023-08-14,US,Paid Search,Starter,19.0
U15367,2023-08-14,JP,Paid Search,Pro,49.0
U15397,2023-08-14,US,Organic,Starter,19.0
U14849,2023-08-14,US,Paid Search,Starter,19.0
U12300,2023-08-14,US,Paid Search,Pro,49.0
U14774,2023-08-14,IN,Organic,Starter,19.0
U15411,2023-08-14,UK,Paid Social,Starter,19.0
U11366,2023-08-14,FR,Paid Search,Starter,19.0
U11376,2023-08-15,US,Paid Search,Pro,49.0
U14547,2023-08-15,US,Paid Search,Pro,49.0
U13546,2023-08-15,DE,Paid Search,Starter,19.0
U14575,2023-08-15,DE,Paid Search,Starter,19.0
U11973,2023-08-16,US,Paid Search,Starter,19.0
U11479,2023-08-16,US,Paid Search,Enterprise,599.0
U10073,2023-08-16,US,Organic,Starter,19.0
U11024,2023-08-17,US,Organic,Starter,19.0
U12143,2023-08-17,IN,Affiliate,Starter,19.0
U10462,2023-08-17,JP,Affiliate,Pro,49.0
U14333,2023-08-17,CA,Paid Social,Pro,49.0
U11405,2023-08-17,FR,Paid Social,Enterprise,599.0
U15039,2023-08-17,US,Referral,Pro,49.0
U12178,2023-08-17,DE,Referral,Starter,19.0
U14526,2023-08-17,US,Referral,Enterprise,599.0
U15001,2023-08-17,BR,Paid Social,Starter,19.0
U11865,2023-08-17,US,Email,Pro,49.0
U15165,2023-08-17,FR,Paid Search,Pro,49.0
U14509,2023-08-19,ES,Paid Social,Starter,19.0
U14500,2023-08-19,FR,Paid Social,Business,199.0
U13110,2023-08-19,US,Organic,Starter,19.0
U12464,2023-08-19,UK,Paid Search,Pro,49.0
U15366,2023-08-19,US,Email,Starter,19.0
U11591,2023-08-19,US,Email,Starter,19.0
U13819,2023-08-19,DE,Paid Social,Starter,19.0
U13012,2023-08-19,BR,Paid Social,Pro,49.0
U15389,2023-08-19,UK,Paid Search,Pro,49.0
U11018,2023-08-20,CA,Paid Search,Starter,19.0
U15361,2023-08-20,UK,Paid Search,Starter,19.0
U11718,2023-08-20,IN,Paid Search,Starter,19.0
U10568,2023-08-21,US,Paid Search,Starter,19.0
U14251,2023-08-21,ES,Affiliate,Starter,19.0
U11769,2023-08-21,JP,Paid Search,Starter,19.0
U11067,2023-08-22,US,Paid Social,Starter,19.0
U11782,2023-08-22,UK,Organic,Pro,49.0
U14038,2023-08-22,JP,Referral,Business,199.0
U11275,2023-08-23,CA,Paid Search,Business,199.0
U10096,2023-08-23,DE,Email,Starter,19.0
U12834,2023-08-23,BR,Organic,Business,199.0
U10145,2023-08-23,IN,Organic,Business,199.0
U10465,2023-08-24,US,Paid Search,Starter,19.0
U13690,2023-08-24,CA,Referral,Starter,19.0
U11545,2023-08-25,CA,Paid Search,Starter,19.0
U11577,2023-08-25,BR,Paid Social,Pro,49.0
U11007,2023-08-26,US,Email,Pro,49.0
U14753,2023-08-26,JP,Referral,Pro,49.0
U11235,2023-08-26,JP,Referral,Business,199.0
U11616,2023-08-26,US,Paid Social,Starter,19.0
U10910,2023-08-26,US,Organic,Pro,49.0
U13410,2023-08-26,US,Organic,Pro,49.0
U13416,2023-08-26,DE,Paid Search,Pro,49.0
U15311,2023-08-26,US,Paid Social,Pro,49.0
U14932,2023-08-26,US,Organic,Pro,49.0
U10654,2023-08-27,AU,Email,Business,199.0
U14171,2023-08-27,DE,Paid Social,Starter,19.0
U14464,2023-08-27,CA,Paid Search,Business,199.0
U13608,2023-08-27,UK,Affiliate,Starter,19.0
U13024,2023-08-27,IN,Paid Search,Starter,19.0
U15376,2023-08-27,CA,Organic,Starter,19.0
U15528,2023-08-27,BR,Organic,Starter,19.0
U12573,2023-08-27,US,Paid Search,Pro,49.0
U12045,2023-08-28,US,Referral,Starter,19.0
U11481,2023-08-28,US,Paid Search,Starter,19.0
U12309,2023-08-28,JP,Affiliate,Pro,49.0
U10127,2023-08-28,US,Organic,Enterprise,599.0
U15036,2023-08-29,BR,Email,Pro,49.0
U13225,2023-08-29,IN,Organic,Pro,49.0
U14604,2023-08-29,FR,Organic,Starter,19.0
U13771,2023-08-29,US,Email,Starter,19.0
U12154,2023-08-29,AU,Organic,Pro,49.0
U12052,2023-08-30,IN,Affiliate,Pro,49.0
U10021,2023-08-30,ES,Paid Search,Starter,19.0
U13940,2023-08-30,US,Email,Pro,49.0
U15469,2023-08-30,AU,Organic,Pro,49.0
U10669,2023-08-30,AU,Paid Social,Business,199.0
U12682,2023-08-31,CA,Paid Search,Pro,49.0
U11823,2023-08-31,CA,Paid Search,Pro,49.0
U13740,2023-08-31,UK,Paid Social,Starter,19.0
U14487,2023-08-31,US,Organic,Starter,19.0
U14096,2023-09-01,ES,Paid Search,Starter,19.0
U14653,2023-09-01,BR,Paid Social,Starter,19.0
U10884,2023-09-01,US,Paid Social,Starter,19.0
U12523,2023-09-01,FR,Referral,Starter,19.0
U11695,2023-09-01,IN,Organic,Starter,19.0
U14824,2023-09-02,UK,Organic,Starter,19.0
U14830,2023-09-02,BR,Paid Social,Pro,49.0
U12652,2023-09-02,ES,Paid Search,Pro,49.0
U15392,2023-09-02,BR,Email,Starter,19.0
U10705,2023-09-03,JP,Paid Search,Pro,49.0
U13242,2023-09-04,US,Email,Starter,19.0
U11214,2023-09-04,FR,Referral,Pro,49.0
U10680,2023-09-04,UK,Paid Search,Starter,19.0
U13430,2023-09-04,JP,Organic,Pro,49.0
U12365,2023-09-04,US,Affiliate,Starter,19.0
U15563,2023-09-04,ES,Organic,Pro,49.0
U13928,2023-09-05,BR,Paid Search,Starter,19.0
U12526,2023-09-05,FR,Organic,Pro,49.0
U11027,2023-09-05,DE,Email,Starter,19.0
U12242,2023-09-05,DE,Paid Social,Starter,19.0
U15028,2023-09-05,FR,Organic,Starter,19.0
U14496,2023-09-05,DE,Paid Search,Enterprise,599.0
U13998,2023-09-05,UK,Affiliate,Starter,19.0
U13589,2023-09-05,JP,Email,Starter,19.0
U12721,2023-09-05,DE,Referral,Pro,49.0
U11734,2023-09-05,JP,Organic,Starter,19.0
U14010,2023-09-05,US,Paid Search,Starter,19.0
U15049,2023-09-06,CA,Email,Business,199.0
U13667,2023-09-06,JP,Organic,Pro,49.0
U13663,2023-09-06,CA,Paid Search,Business,199.0
U13914,2023-09-07,IN,Paid Search,Business,199.0
U10100,2023-09-07,UK,Paid Search,Starter,19.0
U12140,2023-09-07,BR,Referral,Pro,49.0
U14354,2023-09-07,FR,Organic,Starter,19.0
U15463,2023-09-07,UK,Email,Starter,19.0
U12753,2023-09-07,US,Organic,Enterprise,599.0
U15192,2023-09-07,US,Referral,Starter,19.0
U10934,2023-09-07,FR,Paid Search,Starter,19.0
U13961,2023-09-08,UK,Referral,Starter,19.0
U14489,2023-09-08,UK,Organic,Pro,49.0
U14947,2023-09-08,UK,Paid Search,Starter,19.0
U11490,2023-09-08,IN,Email,Starter,19.0
U13866,2023-09-08,US,Organic,Pro,49.0
U14952,2023-09-09,BR,Email,Pro,49.0
U10122,2023-09-09,DE,Referral,Pro,49.0
U13408,2023-09-09,UK,Organic,Pro,49.0
U11890,2023-09-09,US,Paid Search,Business,199.0
U15377,2023-09-09,FR,Email,Business,199.0
U14060,2023-09-09,US,Paid Search,Pro,49.0
U15473,2023-09-09,US,Referral,Starter,19.0
U12810,2023-09-10,UK,Affiliate,Starter,19.0
U13598,2023-09-10,IN,Affiliate,Starter,19.0
U11139,2023-09-10,UK,Paid Search,Pro,49.0
U11813,2023-09-10,US,Paid Search,Pro,49.0
U10366,2023-09-10,UK,Paid Search,Starter,19.0
U11503,2023-09-10,IN,Paid Social,Pro,49.0
U15538,2023-09-11,IN,Organic,Enterprise,599.0
U11178,2023-09-11,UK,Paid Social,Starter,19.0
U15433,2023-09-11,CA,Paid Search,Starter,19.0
U15345,2023-09-11,US,Paid Search,Starter,19.0
U14242,2023-09-12,UK,Paid Search,Pro,49.0
U10974,2023-09-12,CA,Organic,Starter,19.0
U12285,2023-09-12,ES,Organic,Pro,49.0
U14726,2023-09-12,FR,Paid Social,Starter,19.0
U12496,2023-09-13,AU,Paid Search,Starter,19.0
U11484,2023-09-13,IN,Organic,Pro,49.0
U13393,2023-09-13,FR,Paid Search,Starter,19.0
U15231,2023-09-13,CA,Referral,Starter,19.0
U12883,2023-09-14,US,Paid Search,Starter,19.0
U10143,2023-09-14,FR,Organic,Enterprise,599.0
U14608,2023-09-14,US,Paid Search,Starter,19.0
U10991,2023-09-14,JP,Organic,Business,199.0
U13121,2023-09-14,FR,Referral,Business,199.0
U10531,2023-09-15,BR,Referral,Pro,49.0
U10718,2023-09-15,UK,Paid Search,Pro,49.0
U13243,2023-09-15,US,Email,Pro,49.0
U12641,2023-09-15,US,Paid Search,Pro,49.0
U13357,2023-09-15,US,Email,Business,199.0
U15197,2023-09-16,CA,Paid Social,Pro,49.0
U13271,2023-09-16,BR,Paid Social,Pro,49.0
U10132,2023-09-16,JP,Paid Search,Starter,19.0
U15041,2023-09-16,US,Referral,Starter,19.0
U14681,2023-09-16,CA,Email,Starter,19.0
U15569,2023-09-16,CA,Affiliate,Business,199.0
U11554,2023-09-16,AU,Email,Enterprise,599.0
U14164,2023-09-17,BR,Affiliate,Starter,19.0
U15446,2023-09-17,UK,Referral,Starter,19.0
U15314,2023-09-17,JP,Organic,Starter,19.0
U10863,2023-09-17,FR,Organic,Starter,19.0
U14365,2023-09-17,US,Organic,Pro,49.0
U11475,2023-09-17,IN,Organic,Enterprise,599.0
U12681,2023-09-18,UK,Referral,Starter,19.0
U11520,2023-09-18,US,Email,Starter,19.0
U13315,2023-09-19,CA,Paid Search,Starter,19.0
U13142,2023-09-19,BR,Referral,Starter,19.0
U13073,2023-09-20,US,Paid Social,Pro,49.0
U10203,2023-09-20,US,Affiliate,Starter,19.0
U12014,2023-09-20,AU,Paid Search,Business,199.0
U14302,2023-09-20,AU,Organic,Starter,19.0
U15541,2023-09-20,DE,Referral,Starter,19.0
U10312,2023-09-21,CA,Referral,Business,199.0
U10340,2023-09-21,FR,Paid Search,Starter,19.0
U12388,2023-09-21,US,Paid Search,Pro,49.0
U12794,2023-09-21,CA,Organic,Pro,49.0
U14410,2023-09-22,ES,Organic,Starter,19.0
U15280,2023-09-22,US,Organic,Enterprise,599.0
U14654,2023-09-22,BR,Email,Starter,19.0
U10492,2023-09-22,UK,Paid Search,Starter,19.0
U13020,2023-09-22,BR,Email,Starter,19.0
U12993,2023-09-23,US,Email,Pro,49.0
U10610,2023-09-23,UK,Email,Business,199.0
U12961,2023-09-23,JP,Organic,Starter,19.0
U11355,2023-09-23,US,Paid Search,Starter,19.0
U10177,2023-09-23,US,Paid Search,Starter,19.0
U13695,2023-09-23,DE,Paid Search,Starter,19.0
U11855,2023-09-23,US,Paid Social,Pro,49.0
U15550,2023-09-24,UK,Paid Social,Starter,19.0
U15461,2023-09-24,CA,Organic,Business,199.0
U14145,2023-09-24,US,Referral,Starter,19.0
U15224,2023-09-24,US,Email,Pro,49.0
U14914,2023-09-24,UK,Organic,Starter,19.0
U12645,2023-09-25,JP,Organic,Starter,19.0
U11204,2023-09-25,US,Organic,Starter,19.0
U14086,2023-09-25,US,Referral,Starter,19.0
U12295,2023-09-26,IN,Email,Starter,19.0
U15048,2023-09-26,US,Paid Search,Pro,49.0
U12545,2023-09-26,AU,Organic,Business,199.0
U10320,2023-09-26,DE,Paid Social,Starter,19.0
U10004,2023-09-26,AU,Paid Social,Pro,49.0
U13884,2023-09-26,CA,Paid Social,Starter,19.0
U12960,2023-09-26,US,Paid Search,Starter,19.0
U13137,2023-09-26,JP,Paid Search,Pro,49.0
U10994,2023-09-27,FR,Paid Search,Pro,49.0
U11332,2023-09-27,JP,Organic,Starter,19.0
U13439,2023-09-27,JP,Organic,Starter,19.0
U11414,2023-09-27,IN,Organic,Pro,49.0
U15338,2023-09-27,US,Email,Starter,19.0
U13874,2023-09-27,ES,Referral,Starter,19.0
U10396,2023-09-27,US,Email,Starter,19.0
U11015,2023-09-27,UK,Paid Search,Starter,19.0
U15281,2023-09-27,IN,Paid Search,Enterprise,599.0
U15287,2023-09-27,US,Paid Search,Pro,49.0
U11919,2023-09-28,BR,Paid Search,Pro,49.0
U10218,2023-09-28,US,Email,Pro,49.0
U12878,2023-09-28,AU,Organic,Pro,49.0
U14543,2023-09-28,IN,Paid Search,Starter,19.0
U11394,2023-09-29,FR,Paid Search,Starter,19.0
U15108,2023-09-29,CA,Paid Search,Pro,49.0
U10724,2023-09-29,DE,Paid Social,Starter,19.0
U11590,2023-09-30,CA,Organic,Starter,19.0
U14275,2023-09-30,US,Paid Search,Pro,49.0
U14077,2023-09-30,AU,Paid Search,Starter,19.0
U13964,2023-09-30,AU,Paid Social,Starter,19.0
U12013,2023-10-01,AU,Email,Enterprise,599.0
U10131,2023-10-01,US,Paid Search,Starter,19.0
U14194,2023-10-01,DE,Paid Search,Business,199.0
U15434,2023-10-01,US,Paid Social,Pro,49.0
U11449,2023-10-01,UK,Organic,Business,199.0
U12676,2023-10-02,AU,Organic,Business,199.0
U14161,2023-10-02,CA,Paid Search,Pro,49.0
U12698,2023-10-02,DE,Affiliate,Starter,19.0
U15518,2023-10-02,US,Organic,Pro,49.0
U10710,2023-10-02,CA,Organic,Business,199.0
U15402,2023-10-03,IN,Paid Search,Starter,19.0
U12733,2023-10-03,DE,Referral,Starter,19.0
U11824,2023-10-04,ES,Email,Enterprise,599.0
U13241,2023-10-04,US,Email,Pro,49.0
U13556,2023-10-04,US,Email,Pro,49.0
U14640,2023-10-04,US,Paid Social,Starter,19.0
U12392,2023-10-04,BR,Email,Pro,49.0
U13748,2023-10-04,DE,Email,Starter,19.0
U11086,2023-10-05,BR,Organic,Pro,49.0
U11245,2023-10-05,CA,Referral,Business,199.0
U11633,2023-10-05,UK,Paid Search,Starter,19.0
U10836,2023-10-05,CA,Paid Search,Starter,19.0
U12206,2023-10-05,BR,Email,Starter,19.0
U15270,2023-10-05,US,Paid Search,Starter,19.0
U14942,2023-10-05,BR,Organic,Starter,19.0
U13707,2023-10-05,UK,Organic,Starter,19.0
U14513,2023-10-05,IN,Paid Social,Pro,49.0
U13910,2023-10-06,ES,Paid Search,Starter,19.0
U14865,2023-10-06,US,Organic,Starter,19.0
U14480,2023-10-06,US,Paid Social,Pro,49.0
U14283,2023-10-06,US,Paid Search,Starter,19.0
U13112,2023-10-07,UK,Email,Starter,19.0
U15553,2023-10-07,US,Affiliate,Pro,49.0
U12542,2023-10-07,US,Email,Pro,49.0
U12286,2023-10-07,DE,Referral,Pro,49.0
U11054,2023-10-07,UK,Paid Social,Pro,49.0
U14076,2023-10-08,US,Referral,Starter,19.0
U11210,2023-10-08,US,Organic,Pro,49.0
U12437,2023-10-08,IN,Paid Social,Business,199.0
U14032,2023-10-08,IN,Organic,Pro,49.0
U15155,2023-10-08,BR,Organic,Starter,19.0
U11003,2023-10-08,US,Organic,Pro,49.0
U12232,2023-10-09,UK,Paid Social,Starter,19.0
U10092,2023-10-09,AU,Paid Search,Pro,49.0
U10164,2023-10-09,ES,Paid Social,Enterprise,599.0
U10297,2023-10-09,JP,Organic,Pro,49.0
U14579,2023-10-09,US,Email,Pro,49.0
U10376,2023-10-09,UK,Paid Search,Business,199.0
U11605,2023-10-10,ES,Referral,Business,199.0
U14831,2023-10-11,US,Organic,Pro,49.0
U11582,2023-10-11,IN,Referral,Starter,19.0
U12521,2023-10-11,US,Organic,Starter,19.0
U15021,2023-10-11,US,Paid Search,Pro,49.0
U10603,2023-10-11,JP,Organic,Pro,49.0
U14915,2023-10-12,US,Affiliate,Starter,19.0
U14338,2023-10-12,JP,Referral,Starter,19.0
U15422,2023-10-12,BR,Organic,Pro,49.0
U10658,2023-10-12,UK,Organic,Pro,49.0
U12832,2023-10-13,UK,Paid Search,Pro,49.0
U12826,2023-10-13,UK,Organic,Business,199.0
U13505,2023-10-13,US,Organic,Enterprise,599.0
U10790,2023-10-13,BR,Email,Starter,19.0
U14862,2023-10-14,US,Email,Starter,19.0
U10965,2023-10-14,IN,Organic,Pro,49.0
U11249,2023-10-14,US,Organic,Starter,19.0
U14152,2023-10-14,US,Paid Social,Pro,49.0
U12872,2023-10-14,BR,Paid Social,Starter,19.0
U10257,2023-10-14,IN,Organic,Starter,19.0
U14193,2023-10-14,ES,Paid Social,Starter,19.0
U15515,2023-10-14,FR,Paid Social,Pro,49.0
U13371,2023-10-14,UK,Organic,Starter,19.0
U14258,2023-10-14,CA,Paid Search,Business,199.0
U12119,2023-10-14,JP,Email,Starter,19.0
U13131,2023-10-14,IN,Organic,Starter,19.0
U13432,2023-10-15,FR,Referral,Starter,19.0
U12444,2023-10-15,UK,Paid Social,Starter,19.0
U15085,2023-10-15,AU,Paid Search,Pro,49.0
U15034,2023-10-16,US,Email,Starter,19.0
U11997,2023-10-16,AU,Referral,Starter,19.0
U10598,2023-10-16,CA,Email,Starter,19.0
U13721,2023-10-16,IN,Email,Enterprise,599.0
U12648,2023-10-16,FR,Referral,Starter,19.0
U13971,2023-10-16,US,Referral,Starter,19.0
U12255,2023-10-16,US,Organic,Starter,19.0
U11628,2023-10-17,CA,Referral,Business,199.0
U11753,2023-10-17,UK,Paid Search,Starter,19.0
U14837,2023-10-17,US,Email,Pro,49.0
U11806,2023-10-17,US,Paid Search,Starter,19.0
U12558,2023-10-17,IN,Organic,Starter,19.0
U14211,2023-10-17,CA,Email,Enterprise,599.0
U14686,2023-10-17,JP,Email,Pro,49.0
U11580,2023-10-17,US,Organic,Starter,19.0
U10080,2023-10-18,CA,Affiliate,Business,199.0
U13442,2023-10-18,FR,Organic,Business,199.0
U12820,2023-10-18,IN,Organic,Starter,19.0
U13041,2023-10-18,JP,Email,Starter,19.0
U10873,2023-10-18,AU,Organic,Starter,19.0
U15546,2023-10-18,FR,Referral,Pro,49.0
U13793,2023-10-18,FR,Paid Search,Starter,19.0
U13724,2023-10-19,US,Organic,Starter,19.0
U11654,2023-10-19,US,Paid Social,Starter,19.0
U14647,2023-10-19,US,Referral,Starter,19.0
U11969,2023-10-19,CA,Referral,Pro,49.0
U10574,2023-10-19,US,Paid Social,Starter,19.0
U15113,2023-10-20,US,Email,Pro,49.0
U10840,2023-10-20,US,Paid Search,Pro,49.0
U13619,2023-10-21,CA,Referral,Starter,19.0
U15211,2023-10-21,CA,Paid Social,Starter,19.0
U14988,2023-10-21,US,Organic,Business,199.0
U11319,2023-10-22,US,Referral,Starter,19.0
U11107,2023-10-22,US,Affiliate,Pro,49.0
U11145,2023-10-22,US,Email,Starter,19.0
U12679,2023-10-22,US,Paid Social,Pro,49.0
U13378,2023-10-22,US,Paid Search,Pro,49.0
U11398,2023-10-22,BR,Affiliate,Starter,19.0
U10449,2023-10-23,FR,Paid Social,Starter,19.0
U13084,2023-10-23,US,Organic,Starter,19.0
U12413,2023-10-24,US,Referral,Starter,19.0
U12839,2023-10-24,US,Affiliate,Pro,49.0
U10254,2023-10-24,UK,Paid Search,Starter,19.0
U13166,2023-10-24,US,Referral,Starter,19.0
U15003,2023-10-24,UK,Paid Search,Business,199.0
U14994,2023-10-25,CA,Paid Search,Business,199.0
U11221,2023-10-25,US,Paid Search,Business,199.0
U15408,2023-10-25,AU,Paid Social,Pro,49.0
U14987,2023-10-25,US,Paid Social,Pro,49.0
U11541,2023-10-25,JP,Affiliate,Starter,19.0
U11676,2023-10-25,BR,Paid Search,Starter,19.0
U11287,2023-10-25,AU,Organic,Starter,19.0
U12598,2023-10-26,JP,Paid Search,Starter,19.0
U13479,2023-10-26,US,Paid Social,Starter,19.0
U13670,2023-10-26,ES,Paid Search,Enterprise,599.0
U13811,2023-10-26,US,Email,Business,199.0
U12597,2023-10-26,FR,Email,Business,199.0
U14286,2023-10-26,AU,Paid Social,Business,199.0
U12896,2023-10-27,US,Paid Social,Enterprise,599.0
U13677,2023-10-27,CA,Paid Social,Starter,19.0
U13854,2023-10-27,US,Organic,Starter,19.0
U10533,2023-10-27,DE,Affiliate,Pro,49.0
U10117,2023-10-27,BR,Paid Social,Starter,19.0
U14262,2023-10-27,US,Organic,Pro,49.0
U11033,2023-10-27,US,Organic,Starter,19.0
U15358,2023-10-28,UK,Organic,Business,199.0
U13502,2023-10-28,IN,Email,Pro,49.0
U10867,2023-10-28,AU,Organic,Starter,19.0
U11887,2023-10-28,DE,Organic,Pro,49.0
U14584,2023-10-28,AU,Organic,Starter,19.0
U13310,2023-10-29,US,Paid Search,Pro,49.0
U13422,2023-10-30,US,Paid Social,Business,199.0
U11653,2023-10-30,BR,Paid Search,Starter,19.0
U11466,2023-10-30,US,Paid Search,Starter,19.0
U13895,2023-10-30,CA,Organic,Business,199.0
U11208,2023-10-30,BR,Paid Search,Pro,49.0
U10342,2023-10-30,US,Organic,Starter,19.0
U15249,2023-10-30,BR,Paid Social,Starter,19.0
U10833,2023-10-30,IN,Organic,Pro,49.0
U12638,2023-10-30,ES,Email,Business,199.0
U13593,2023-10-30,UK,Email,Starter,19.0
U11081,2023-10-31,UK,Referral,Starter,19.0
U10310,2023-10-31,ES,Affiliate,Starter,19.0
U14825,2023-10-31,CA,Paid Social,Enterprise,599.0
U15363,2023-11-01,US,Paid Social,Pro,49.0
U13188,2023-11-01,CA,Paid Social,Pro,49.0
U11933,2023-11-01,US,Organic,Starter,19.0
U13207,2023-11-01,US,Email,Business,199.0
U11134,2023-11-01,US,Email,Starter,19.0
U14352,2023-11-01,FR,Affiliate,Starter,19.0
U13275,2023-11-01,US,Affiliate,Starter,19.0
U10034,2023-11-02,ES,Paid Social,Enterprise,599.0
U15390,2023-11-02,JP,Paid Search,Pro,49.0
U15488,2023-11-02,BR,Referral,Starter,19.0
U10857,2023-11-02,US,Paid Search,Pro,49.0
U14778,2023-11-02,US,Paid Social,Pro,49.0
U13726,2023-11-02,US,Paid Search,Starter,19.0
U13372,2023-11-03,IN,Email,Starter,19.0
U10999,2023-11-03,BR,Organic,Starter,19.0
U11799,2023-11-03,US,Email,Enterprise,599.0
U11638,2023-11-03,JP,Paid Search,Pro,49.0
U10076,2023-11-03,ES,Paid Search,Starter,19.0
U13493,2023-11-04,ES,Organic,Pro,49.0
U13674,2023-11-04,FR,Organic,Pro,49.0
U13464,2023-11-04,US,Paid Search,Pro,49.0
U15235,2023-11-04,ES,Referral,Pro,49.0
U11800,2023-11-04,US,Referral,Starter,19.0
U14962,2023-11-04,DE,Referral,Starter,19.0
U12204,2023-11-04,ES,Paid Search,Starter,19.0
U15068,2023-11-04,US,Paid Social,Starter,19.0
U12642,2023-11-04,US,Paid Search,Starter,19.0
U15470,2023-11-05,UK,Organic,Starter,19.0
U15487,2023-11-05,ES,Organic,Starter,19.0
U14403,2023-11-05,AU,Email,Pro,49.0
U12132,2023-11-05,FR,Paid Social,Starter,19.0
U13284,2023-11-06,IN,Organic,Pro,49.0
U11886,2023-11-06,CA,Email,Starter,19.0
U15431,2023-11-06,ES,Paid Search,Starter,19.0
U14783,2023-11-07,CA,Paid Search,Starter,19.0
U13274,2023-11-07,FR,Referral,Starter,19.0
U14661,2023-11-07,US,Paid Search,Pro,49.0
U11766,2023-11-07,CA,Organic,Pro,49.0
U12791,2023-11-07,ES,Organic,Starter,19.0
U11856,2023-11-07,ES,Paid Search,Pro,49.0
U10828,2023-11-07,BR,Paid Search,Enterprise,599.0
U12247,2023-11-08,DE,Paid Search,Enterprise,599.0
U11277,2023-11-08,IN,Organic,Starter,19.0
U10057,2023-11-08,UK,Organic,Starter,19.0
U10243,2023-11-09,BR,Paid Search,Starter,19.0
U12862,2023-11-09,ES,Paid Social,Enterprise,599.0
U11012,2023-11-09,BR,Affiliate,Starter,19.0
U11143,2023-11-09,AU,Referral,Starter,19.0
U11817,2023-11-09,US,Referral,Business,199.0
U11535,2023-11-09,FR,Organic,Starter,19.0
U14861,2023-11-09,US,Organic,Starter,19.0
U15101,2023-11-09,DE,Paid Search,Business,199.0
U14483,2023-11-09,BR,Organic,Business,199.0
U13026,2023-11-09,JP,Referral,Starter,19.0
U11724,2023-11-10,FR,Paid Search,Enterprise,599.0
U12933,2023-11-10,IN,Organic,Business,199.0
U12483,2023-11-10,DE,Referral,Starter,19.0
U10413,2023-11-10,US,Paid Search,Enterprise,599.0
U14384,2023-11-11,CA,Organic,Starter,19.0
U14177,2023-11-11,DE,Paid Social,Pro,49.0
U10673,2023-11-11,ES,Organic,Starter,19.0
U13259,2023-11-11,BR,Organic,Starter,19.0
U10791,2023-11-11,CA,Referral,Starter,19.0
U11777,2023-11-12,US,Organic,Starter,19.0
U14418,2023-11-12,AU,Paid Search,Starter,19.0
U13526,2023-11-12,IN,Organic,Enterprise,599.0
U10953,2023-11-12,JP,Referral,Pro,49.0
U11430,2023-11-12,IN,Organic,Starter,19.0
U13512,2023-11-12,BR,Referral,Starter,19.0
U13169,2023-11-12,US,Paid Social,Starter,19.0
U13571,2023-11-13,US,Email,Starter,19.0
U10027,2023-11-13,BR,Paid Social,Pro,49.0
U15204,2023-11-13,CA,Organic,Starter,19.0
U13899,2023-11-13,FR,Paid Social,Starter,19.0
U13394,2023-11-13,CA,Paid Search,Pro,49.0
U11413,2023-11-14,CA,Paid Search,Starter,19.0
U15022,2023-11-14,ES,Paid Social,Starter,19.0
U13952,2023-11-14,US,Email,Starter,19.0
U12929,2023-11-14,UK,Paid Search,Starter,19.0
U12177,2023-11-14,ES,Paid Search,Starter,19.0
U14006,2023-11-14,DE,Referral,Starter,19.0
U11943,2023-11-14,UK,Organic,Enterprise,599.0
U14777,2023-11-14,FR,Paid Social,Business,199.0
U13947,2023-11-14,US,Email,Starter,19.0
U15317,2023-11-14,US,Paid Search,Starter,19.0
U15438,2023-11-15,JP,Paid Search,Starter,19.0
U14664,2023-11-15,BR,Organic,Starter,19.0
U12135,2023-11-15,FR,Paid Search,Starter,19.0
U12515,2023-11-15,CA,Organic,Enterprise,599.0
U11351,2023-11-15,US,Email,Starter,19.0
U15357,2023-11-15,CA,Paid Social,Pro,49.0
U14583,2023-11-15,FR,Paid Search,Starter,19.0
U12196,2023-11-16,IN,Organic,Enterprise,599.0
U14736,2023-11-16,ES,Paid Search,Business,199.0
U12338,2023-11-16,BR,Paid Search,Pro,49.0
U10001,2023-11-16,US,Organic,Starter,19.0
U12836,2023-11-16,US,Paid Social,Pro,49.0
U12084,2023-11-17,FR,Organic,Business,199.0
U12816,2023-11-17,US,Email,Starter,19.0
U14639,2023-11-17,US,Paid Search,Pro,49.0
U10327,2023-11-18,BR,Organic,Starter,19.0
U12986,2023-11-18,US,Email,Starter,19.0
U14659,2023-11-18,AU,Email,Starter,19.0
U13629,2023-11-18,CA,Paid Social,Starter,19.0
U13251,2023-11-18,AU,Paid Search,Starter,19.0
U15105,2023-11-18,DE,Organic,Starter,19.0
U11891,2023-11-18,DE,Paid Social,Starter,19.0
U14387,2023-11-19,US,Email,Starter,19.0
U11721,2023-11-19,IN,Paid Social,Business,199.0
U12749,2023-11-19,ES,Organic,Pro,49.0
U15331,2023-11-19,US,Paid Search,Pro,49.0
U14518,2023-11-19,US,Paid Search,Business,199.0
U14426,2023-11-19,CA,Paid Social,Pro,49.0
U13532,2023-11-19,US,Paid Social,Pro,49.0
U10262,2023-11-19,UK,Organic,Starter,19.0
U11607,2023-11-19,UK,Email,Starter,19.0
U12211,2023-11-19,IN,Referral,Pro,49.0
U12215,2023-11-19,CA,Organic,Starter,19.0
U13871,2023-11-19,CA,Paid Search,Starter,19.0
U10918,2023-11-20,CA,Paid Social,Enterprise,599.0
U14398,2023-11-20,JP,Email,Pro,49.0
U14173,2023-11-20,FR,Organic,Starter,19.0
U12240,2023-11-20,BR,Organic,Pro,49.0
U12172,2023-11-20,US,Email,Enterprise,599.0
U13537,2023-11-20,DE,Paid Search,Pro,49.0
U10545,2023-11-20,UK,Referral,Starter,19.0
U12394,2023-11-20,US,Paid Search,Starter,19.0
U10187,2023-11-20,IN,Paid Search,Enterprise,599.0
U12853,2023-11-20,AU,Paid Social,Business,199.0
U13857,2023-11-21,ES,Paid Social,Pro,49.0
U10649,2023-11-21,AU,Paid Social,Business,199.0
U10043,2023-11-21,US,Organic,Business,199.0
U14443,2023-11-21,DE,Paid Search,Starter,19.0
U14706,2023-11-21,US,Paid Search,Starter,19.0
U14798,2023-11-21,UK,Affiliate,Starter,19.0
U11493,2023-11-21,AU,Referral,Pro,49.0
U10239,2023-11-21,CA,Email,Business,199.0
U13038,2023-11-21,UK,Affiliate,Starter,19.0
U14102,2023-11-22,US,Referral,Starter,19.0
U13580,2023-11-22,UK,Paid Social,Starter,19.0
U13390,2023-11-22,FR,Paid Search,Business,199.0
U14282,2023-11-22,IN,Referral,Pro,49.0
U10768,2023-11-22,DE,Email,Pro,49.0
U14349,2023-11-22,CA,Referral,Starter,19.0
U11426,2023-11-22,AU,Referral,Business,199.0
U10652,2023-11-23,UK,Paid Social,Starter,19.0
U13941,2023-11-23,BR,Paid Search,Pro,49.0
U13317,2023-11-23,BR,Paid Search,Pro,49.0
U13524,2023-11-23,US,Email,Business,199.0
U10347,2023-11-23,ES,Email,Enterprise,599.0
U12983,2023-11-23,US,Referral,Starter,19.0
U14309,2023-11-24,US,Paid Search,Starter,19.0
U14012,2023-11-25,US,Organic,Starter,19.0
U11263,2023-11-25,IN,Referral,Business,199.0
U10367,2023-11-25,AU,Paid Search,Starter,19.0
U12124,2023-11-25,ES,Paid Search,Starter,19.0
U12046,2023-11-25,UK,Paid Search,Starter,19.0
U15533,2023-11-25,US,Organic,Pro,49.0
U12765,2023-11-25,US,Organic,Starter,19.0
U11897,2023-11-26,US,Organic,Starter,19.0
U13141,2023-11-26,JP,Organic,Starter,19.0
U12823,2023-11-26,US,Paid Social,Business,199.0
U13490,2023-11-26,AU,Organic,Pro,49.0
U13917,2023-11-27,US,Paid Social,Starter,19.0
U14169,2023-11-27,US,Affiliate,Starter,19.0
U15506,2023-11-27,ES,Affiliate,Business,199.0
U11397,2023-11-27,BR,Organic,Business,199.0
U14061,2023-11-27,ES,Organic,Starter,19.0
U10264,2023-11-27,US,Organic,Pro,49.0
U14935,2023-11-28,US,Paid Search,Starter,19.0
U15174,2023-11-28,UK,Organic,Pro,49.0
U12431,2023-11-28,IN,Paid Search,Starter,19.0
U10444,2023-11-28,US,Organic,Starter,19.0
U13226,2023-11-28,UK,Organic,Starter,19.0
U11255,2023-11-28,US,Organic,Pro,49.0
U15063,2023-11-28,JP,Paid Social,Business,199.0
U11193,2023-11-28,IN,Paid Social,Starter,19.0
U11200,2023-11-28,UK,Paid Search,Pro,49.0
U12951,2023-11-28,UK,Affiliate,Business,199.0
U10926,2023-11-28,AU,Paid Search,Starter,19.0
U14447,2023-11-28,US,Paid Search,Pro,49.0
U14294,2023-11-29,DE,Affiliate,Starter,19.0
U10763,2023-11-29,DE,Paid Social,Pro,49.0
U12315,2023-11-29,ES,Organic,Pro,49.0
U12169,2023-11-29,US,Organic,Business,199.0
U13199,2023-11-29,DE,Paid Social,Starter,19.0
U15503,2023-11-29,JP,Referral,Enterprise,599.0
U14202,2023-11-30,US,Paid Social,Pro,49.0
U12148,2023-11-30,CA,Affiliate,Starter,19.0
U10436,2023-11-30,US,Paid Search,Pro,49.0
U10095,2023-11-30,CA,Organic,Pro,49.0
U14799,2023-12-02,JP,Affiliate,Starter,19.0
U11519,2023-12-02,US,Referral,Pro,49.0
U13927,2023-12-02,JP,Referral,Starter,19.0
U15167,2023-12-02,JP,Paid Search,Business,199.0
U14037,2023-12-02,AU,Affiliate,Starter,19.0
U10068,2023-12-02,CA,Paid Social,Pro,49.0
U14157,2023-12-02,JP,Organic,Pro,49.0
U12594,2023-12-02,US,Email,Enterprise,599.0
U10405,2023-12-03,AU,Referral,Starter,19.0
U11286,2023-12-03,US,Email,Pro,49.0
U12294,2023-12-03,CA,Paid Social,Pro,49.0
U12136,2023-12-03,JP,Paid Social,Starter,19.0
U11803,2023-12-03,ES,Paid Search,Starter,19.0
U10777,2023-12-03,US,Referral,Business,199.0
U13402,2023-12-04,IN,Organic,Business,199.0
U12860,2023-12-04,IN,Email,Starter,19.0
U10452,2023-12-04,DE,Paid Social,Starter,19.0
U10678,2023-12-04,US,Paid Search,Starter,19.0
U13676,2023-12-05,US,Paid Search,Starter,19.0
U15372,2023-12-05,US,Referral,Starter,19.0
U14375,2023-12-05,US,Organic,Pro,49.0
U15045,2023-12-05,UK,Paid Search,Pro,49.0
U10306,2023-12-05,FR,Paid Search,Starter,19.0
U10079,2023-12-06,CA,Paid Search,Starter,19.0
U14738,2023-12-06,US,Organic,Starter,19.0
U12844,2023-12-06,UK,Paid Search,Starter,19.0
U13671,2023-12-06,FR,Organic,Starter,19.0
U11680,2023-12-06,BR,Paid Social,Enterprise,599.0
U10441,2023-12-07,JP,Email,Pro,49.0
U11550,2023-12-07,BR,Organic,Starter,19.0
U15013,2023-12-07,ES,Paid Search,Business,199.0
U14845,2023-12-07,DE,Organic,Pro,49.0
U15159,2023-12-07,CA,Paid Social,Starter,19.0
U10180,2023-12-07,UK,Referral,Starter,19.0
U11420,2023-12-07,DE,Organic,Starter,19.0
U11940,2023-12-07,CA,Paid Social,Pro,49.0
U13698,2023-12-07,US,Organic,Pro,49.0
U14752,2023-12-08,US,Organic,Pro,49.0
U13148,2023-12-08,CA,Organic,Starter,19.0
U15526,2023-12-08,AU,Email,Business,199.0
U14503,2023-12-09,BR,Email,Pro,49.0
U12886,2023-12-09,UK,Organic,Pro,49.0
U12104,2023-12-09,IN,Email,Pro,49.0
U14996,2023-12-10,IN,Referral,Pro,49.0
U12185,2023-12-10,JP,Organic,Starter,19.0
U10996,2023-12-10,UK,Affiliate,Starter,19.0
U14528,2023-12-10,US,Organic,Starter,19.0
U11879,2023-12-10,US,Email,Pro,49.0
U14728,2023-12-11,CA,Organic,Pro,49.0
U11299,2023-12-11,US,Email,Starter,19.0
U15496,2023-12-11,ES,Organic,Pro,49.0
U12156,2023-12-11,US,Email,Pro,49.0
U14442,2023-12-11,ES,Organic,Starter,19.0
U14364,2023-12-11,AU,Referral,Starter,19.0
U15348,2023-12-12,IN,Paid Search,Business,199.0
U11347,2023-12-12,BR,Paid Search,Starter,19.0
U13415,2023-12-12,IN,Paid Search,Pro,49.0
U15121,2023-12-12,US,Organic,Starter,19.0
U11525,2023-12-12,UK,Organic,Business,199.0
U12377,2023-12-13,FR,Paid Social,Starter,19.0
U13789,2023-12-14,UK,Paid Social,Starter,19.0
U11604,2023-12-14,US,Referral,Pro,49.0
U14213,2023-12-14,DE,Paid Search,Business,199.0
U12380,2023-12-14,US,Paid Social,Starter,19.0
U10362,2023-12-14,BR,Paid Search,Starter,19.0
U12500,2023-12-15,BR,Organic,Pro,49.0
U11868,2023-12-15,UK,Referral,Starter,19.0
U14662,2023-12-15,BR,Organic,Starter,19.0
U13272,2023-12-15,US,Paid Social,Starter,19.0
U12761,2023-12-15,US,Paid Search,Business,199.0
U11270,2023-12-15,US,Referral,Starter,19.0
U14094,2023-12-15,US,Email,Pro,49.0
U12063,2023-12-16,FR,Paid Social,Pro,49.0
U14450,2023-12-16,FR,Organic,Starter,19.0
U13083,2023-12-16,AU,Organic,Pro,49.0
U12907,2023-12-16,ES,Paid Social,Starter,19.0
U11564,2023-12-16,US,Organic,Starter,19.0
U10677,2023-12-17,CA,Organic,Starter,19.0
U12161,2023-12-17,CA,Paid Social,Pro,49.0
U15216,2023-12-17,BR,Email,Pro,49.0
U11253,2023-12-17,IN,Email,Pro,49.0
U13855,2023-12-18,US,Paid Social,Business,199.0
U12712,2023-12-18,JP,Affiliate,Business,199.0
U14567,2023-12-18,US,Paid Social,Starter,19.0
U13354,2023-12-18,FR,Paid Social,Starter,19.0
U10633,2023-12-19,ES,Paid Search,Starter,19.0
U11621,2023-12-19,US,Paid Search,Starter,19.0
U12303,2023-12-19,DE,Organic,Business,199.0
U12701,2023-12-19,IN,Paid Search,Starter,19.0
U11335,2023-12-20,US,Email,Starter,19.0
U13209,2023-12-20,CA,Paid Search,Business,199.0
U14470,2023-12-20,US,Paid Social,Starter,19.0
U10789,2023-12-20,FR,Paid Search,Starter,19.0
U13764,2023-12-20,JP,Affiliate,Starter,19.0
U12192,2023-12-21,IN,Email,Pro,49.0
U11765,2023-12-21,AU,Organic,Starter,19.0
U12290,2023-12-21,US,Paid Search,Business,199.0
U14508,2023-12-21,JP,Paid Search,Starter,19.0
U11382,2023-12-21,IN,Referral,Starter,19.0
U11390,2023-12-21,CA,Paid Search,Pro,49.0
U12715,2023-12-21,FR,Referral,Pro,49.0
U13792,2023-12-21,US,Organic,Pro,49.0
U13617,2023-12-21,AU,Organic,Pro,49.0
U12281,2023-12-21,DE,Organic,Pro,49.0
U10375,2023-12-21,DE,Email,Enterprise,599.0
U13660,2023-12-22,ES,Organic,Starter,19.0
U10309,2023-12-22,ES,Paid Search,Starter,19.0
U14884,2023-12-22,FR,Organic,Starter,19.0
U12320,2023-12-22,FR,Paid Social,Business,199.0
U10156,2023-12-22,AU,Referral,Pro,49.0
U11165,2023-12-22,US,Paid Search,Starter,19.0
U11851,2023-12-22,US,Organic,Starter,19.0
U12391,2023-12-22,BR,Paid Social,Starter,19.0
U10259,2023-12-23,FR,Paid Social,Business,199.0
U11201,2023-12-23,UK,Affiliate,Starter,19.0
U13011,2023-12-23,DE,Organic,Starter,19.0
U13288,2023-12-23,US,Organic,Business,199.0
U15044,2023-12-24,IN,Email,Business,199.0
U11711,2023-12-24,CA,Email,Pro,49.0
U11370,2023-12-24,UK,Paid Search,Pro,49.0
U10752,2023-12-24,JP,Email,Starter,19.0
U11900,2023-12-24,AU,Paid Social,Starter,19.0
U15416,2023-12-24,CA,Email,Pro,49.0
U10082,2023-12-24,JP,Referral,Starter,19.0
U13417,2023-12-24,JP,Paid Social,Business,199.0
U11956,2023-12-24,BR,Paid Search,Starter,19.0
U13937,2023-12-25,US,Paid Search,Pro,49.0
U13786,2023-12-25,IN,Organic,Starter,19.0
U14971,2023-12-25,DE,Organic,Business,199.0
U12894,2023-12-26,US,Paid Social,Pro,49.0
U11983,2023-12-26,IN,Paid Search,Pro,49.0
U10363,2023-12-26,CA,Paid Search,Pro,49.0
U12351,2023-12-26,US,Paid Search,Starter,19.0
U15169,2023-12-26,FR,Organic,Starter,19.0
U11917,2023-12-26,JP,Affiliate,Starter,19.0
U10345,2023-12-26,US,Paid Search,Starter,19.0
U12144,2023-12-26,US,Organic,Business,199.0
U11069,2023-12-26,IN,Paid Social,Pro,49.0
U13925,2023-12-26,US,Paid Search,Starter,19.0
U12967,2023-12-26,UK,Organic,Business,199.0
U10111,2023-12-27,ES,Paid Search,Starter,19.0
U11853,2023-12-27,AU,Organic,Starter,19.0
U15413,2023-12-27,CA,Referral,Starter,19.0
U10329,2023-12-27,JP,Organic,Enterprise,599.0
U10379,2023-12-27,UK,Paid Social,Starter,19.0
U15437,2023-12-27,FR,Organic,Starter,19.0
U10421,2023-12-27,FR,Organic,Pro,49.0
U10384,2023-12-27,ES,Affiliate,Pro,49.0
U12885,2023-12-28,DE,Organic,Business,199.0
U15464,2023-12-28,UK,Paid Social,Starter,19.0
U14511,2023-12-28,US,Paid Social,Starter,19.0
U11339,2023-12-29,AU,Referral,Pro,49.0
U13800,2023-12-29,UK,Paid Search,Starter,19.0
U12492,2023-12-29,IN,Paid Social,Starter,19.0
U11454,2023-12-29,US,Email,Starter,19.0
U13178,2023-12-29,CA,Paid Social,Pro,49.0
U11833,2023-12-30,US,Paid Social,Starter,19.0
U11985,2023-12-30,US,Paid Social,Business,199.0
U14678,2023-12-30,DE,Paid Social,Business,199.0
U15273,2023-12-31,US,Paid Social,Starter,19.0
U14438,2023-12-31,DE,Organic,Starter,19.0
U12428,2023-12-31,FR,Organic,Business,199.0
U13887,2023-12-31,IN,Email,Enterprise,599.0
U15183,2023-12-31,AU,Organic,Starter,19.0
U10859,2023-12-31,FR,Referral,Pro,49.0
U13468,2023-12-31,IN,Paid Social,Starter,19.0
U14698,2023-12-31,BR,Referral,Starter,19.0
U13888,2024-01-01,US,Organic,Business,199.0
U15353,2024-01-01,US,Paid Search,Pro,49.0
U12877,2024-01-01,US,Paid Social,Pro,49.0
U15421,2024-01-01,CA,Organic,Pro,49.0
U13106,2024-01-01,DE,Organic,Starter,19.0
U13134,2024-01-02,DE,Paid Search,Business,199.0
U13542,2024-01-02,ES,Email,Starter,19.0
U14479,2024-01-02,ES,Organic,Starter,19.0
U14650,2024-01-02,US,Organic,Starter,19.0
U14150,2024-01-02,DE,Organic,Starter,19.0
U13162,2024-01-03,US,Paid Search,Pro,49.0
U12278,2024-01-03,CA,Organic,Starter,19.0
U12980,2024-01-03,JP,Affiliate,Starter,19.0
U12340,2024-01-03,BR,Paid Search,Starter,19.0
U11415,2024-01-04,CA,Organic,Pro,49.0
U10537,2024-01-04,UK,Affiliate,Starter,19.0
U10626,2024-01-04,BR,Organic,Business,199.0
U13513,2024-01-05,US,Affiliate,Starter,19.0
U14740,2024-01-05,AU,Organic,Business,199.0
U14056,2024-01-05,CA,Organic,Business,199.0
U10831,2024-01-06,DE,Referral,Starter,19.0
U14385,2024-01-06,BR,Paid Search,Starter,19.0
U10106,2024-01-06,US,Organic,Pro,49.0
U11755,2024-01-06,US,Organic,Pro,49.0
U15325,2024-01-06,US,Affiliate,Starter,19.0
U11276,2024-01-06,UK,Paid Search,Starter,19.0
U14956,2024-01-06,US,Affiliate,Business,199.0
U11984,2024-01-07,UK,Paid Search,Pro,49.0
U11161,2024-01-07,JP,Referral,Business,199.0
U13993,2024-01-07,US,Paid Search,Starter,19.0
U14245,2024-01-07,CA,Organic,Starter,19.0
U13623,2024-01-07,US,Paid Search,Pro,49.0
U11467,2024-01-07,IN,Referral,Pro,49.0
U11957,2024-01-08,US,Organic,Pro,49.0
U15571,2024-01-08,US,Paid Search,Starter,19.0
U11031,2024-01-09,CA,Organic,Pro,49.0
U12837,2024-01-09,CA,Affiliate,Starter,19.0
U12420,2024-01-09,UK,Paid Social,Starter,19.0
U10426,2024-01-09,DE,Organic,Starter,19.0
U14741,2024-01-10,US,Paid Search,Business,199.0
U12355,2024-01-10,US,Paid Search,Business,199.0
U14074,2024-01-10,CA,Referral,Starter,19.0
U11667,2024-01-10,UK,Paid Search,Starter,19.0
U14249,2024-01-10,UK,Affiliate,Starter,19.0
U10097,2024-01-11,CA,Email,Starter,19.0
U11273,2024-01-11,JP,Referral,Business,199.0
U10236,2024-01-11,FR,Paid Social,Starter,19.0
U12102,2024-01-11,DE,Organic,Starter,19.0
U13065,2024-01-11,JP,Paid Search,Business,199.0
U14521,2024-01-11,IN,Paid Social,Starter,19.0
U12077,2024-01-11,UK,Affiliate,Starter,19.0
U14497,2024-01-11,FR,Paid Search,Enterprise,599.0
U10268,2024-01-12,ES,Paid Social,Starter,19.0
U13966,2024-01-12,US,Organic,Starter,19.0
U12222,2024-01-12,US,Paid Social,Enterprise,599.0
U11884,2024-01-12,IN,Organic,Enterprise,599.0
U14680,2024-01-12,CA,Paid Social,Starter,19.0
U10749,2024-01-12,US,Organic,Pro,49.0
U12711,2024-01-12,US,Organic,Pro,49.0
U11961,2024-01-12,BR,Paid Search,Starter,19.0
U10676,2024-01-13,US,Paid Social,Pro,49.0
U14144,2024-01-13,US,Email,Starter,19.0
U14111,2024-01-13,US,Paid Search,Pro,49.0
U11881,2024-01-13,CA,Referral,Pro,49.0
U15233,2024-01-13,DE,Paid Search,Pro,49.0
U11476,2024-01-13,JP,Organic,Starter,19.0
U10708,2024-01-13,DE,Paid Social,Starter,19.0
U13418,2024-01-13,IN,Paid Search,Business,199.0
U10561,2024-01-13,US,Paid Search,Starter,19.0
U13568,2024-01-13,ES,Paid Search,Pro,49.0
U12660,2024-01-13,US,Organic,Starter,19.0
U10861,2024-01-13,JP,Email,Pro,49.0
U10301,2024-01-13,US,Referral,Pro,49.0
U11576,2024-01-14,US,Email,Starter,19.0
U12071,2024-01-14,FR,Organic,Starter,19.0
U11262,2024-01-14,DE,Paid Social,Business,199.0
U14663,2024-01-14,US,Paid Social,Pro,49.0
U15296,2024-01-14,US,Paid Search,Pro,49.0
U13622,2024-01-14,UK,Paid Social,Starter,19.0
U14189,2024-01-14,AU,Organic,Starter,19.0
U11142,2024-01-14,US,Organic,Starter,19.0
U10487,2024-01-14,IN,Organic,Starter,19.0
U10380,2024-01-15,US,Organic,Starter,19.0
U10235,2024-01-15,US,Paid Search,Pro,49.0
U13840,2024-01-15,US,Email,Pro,49.0
U13466,2024-01-15,UK,Paid Search,Pro,49.0
U10853,2024-01-15,CA,Paid Social,Pro,49.0
U13870,2024-01-16,AU,Paid Search,Pro,49.0
U10889,2024-01-16,CA,Referral,Enterprise,599.0
U14045,2024-01-16,UK,Referral,Pro,49.0
U13396,2024-01-16,UK,Organic,Pro,49.0
U14616,2024-01-16,UK,Paid Search,Pro,49.0
U11732,2024-01-16,DE,Organic,Business,199.0
U10589,2024-01-17,US,Email,Business,199.0
U12088,2024-01-17,IN,Paid Social,Starter,19.0
U15161,2024-01-17,BR,Organic,Business,199.0
U11109,2024-01-17,CA,Affiliate,Starter,19.0
U11838,2024-01-17,US,Paid Search,Starter,19.0
U14431,2024-01-17,US,Paid Search,Starter,19.0
U13212,2024-01-17,IN,Organic,Pro,49.0
U11995,2024-01-17,BR,Referral,Starter,19.0
U14913,2024-01-17,US,Email,Pro,49.0
U15184,2024-01-18,US,Referral,Starter,19.0
U12450,2024-01-18,ES,Paid Search,Starter,19.0
U10163,2024-01-18,UK,Paid Social,Starter,19.0
U15127,2024-01-18,FR,Organic,Starter,19.0
U12162,2024-01-18,US,Affiliate,Pro,49.0
U13687,2024-01-18,UK,Referral,Starter,19.0
U13144,2024-01-18,US,Paid Search,Pro,49.0
U13482,2024-01-19,FR,Organic,Starter,19.0
U12113,2024-01-19,JP,Organic,Starter,19.0
U10166,2024-01-19,US,Paid Social,Pro,49.0
U13338,2024-01-19,US,Organic,Starter,19.0
U14002,2024-01-19,UK,Referral,Starter,19.0
U12909,2024-01-20,FR,Paid Search,Starter,19.0
U14456,2024-01-20,AU,Referral,Business,199.0
U12937,2024-01-20,AU,Paid Search,Starter,19.0
U10002,2024-01-20,US,Paid Social,Starter,19.0
U12643,2024-01-21,JP,Organic,Business,199.0
U15409,2024-01-21,DE,Paid Search,Pro,49.0
U10733,2024-01-21,IN,Paid Search,Starter,19.0
U11000,2024-01-21,UK,Organic,Business,199.0
U14452,2024-01-21,UK,Organic,Starter,19.0
U14729,2024-01-22,US,Paid Search,Business,199.0
U12068,2024-01-22,UK,Organic,Starter,19.0
U10078,2024-01-22,JP,Email,Starter,19.0
U11025,2024-01-22,US,Organic,Starter,19.0
U12307,2024-01-22,FR,Paid Search,Pro,49.0
U10898,2024-01-22,UK,Paid Search,Starter,19.0
U14118,2024-01-23,DE,Organic,Pro,49.0
U13337,2024-01-23,US,Organic,Pro,49.0
U11301,2024-01-23,CA,Paid Search,Starter,19.0
U12659,2024-01-23,US,Organic,Starter,19.0
U12471,2024-01-23,US,Paid Social,Business,199.0
U13172,2024-01-23,US,Organic,Starter,19.0
U11348,2024-01-23,US,Email,Starter,19.0
U11802,2024-01-23,US,Organic,Starter,19.0
U13149,2024-01-24,UK,Paid Search,Pro,49.0
U11190,2024-01-24,FR,Organic,Business,199.0
U12149,2024-01-24,US,Referral,Business,199.0
U14974,2024-01-24,US,Referral,Starter,19.0
U14810,2024-01-24,US,Organic,Starter,19.0
U14750,2024-01-24,US,Organic,Pro,49.0
U12945,2024-01-25,US,Referral,Starter,19.0
U14669,2024-01-25,BR,Paid Social,Enterprise,599.0
U13492,2024-01-25,US,Affiliate,Starter,19.0
U13845,2024-01-26,ES,Organic,Pro,49.0
U13661,2024-01-26,FR,Paid Social,Business,199.0
U13576,2024-01-26,US,Affiliate,Starter,19.0
U15381,2024-01-26,FR,Organic,Pro,49.0
U15163,2024-01-27,FR,Paid Search,Starter,19.0
U12719,2024-01-28,UK,Referral,Starter,19.0
U14325,2024-01-28,US,Organic,Starter,19.0
U12347,2024-01-28,CA,Paid Search,Starter,19.0
U10052,2024-01-28,CA,Organic,Pro,49.0
U13766,2024-01-28,BR,Organic,Pro,49.0
U12942,2024-01-28,US,Organic,Business,199.0
U14272,2024-01-28,US,Paid Social,Pro,49.0
U10622,2024-01-28,CA,Paid Search,Starter,19.0
U12421,2024-01-29,DE,Paid Social,Starter,19.0
U13796,2024-01-29,JP,Organic,Pro,49.0
U15202,2024-01-29,US,Affiliate,Business,199.0
U11767,2024-01-29,US,Affiliate,Starter,19.0
U13183,2024-01-29,JP,Paid Search,Starter,19.0
U11451,2024-01-29,CA,Paid Social,Starter,19.0
U11293,2024-01-29,US,Email,Starter,19.0
U13368,2024-01-29,BR,Organic,Starter,19.0
U15480,2024-01-30,US,Paid Search,Starter,19.0
U12814,2024-01-30,DE,Organic,Pro,49.0
U12621,2024-01-30,CA,Organic,Pro,49.0
U10872,2024-01-30,DE,Paid Social,Starter,19.0
U12524,2024-01-30,JP,Email,Starter,19.0
U14775,2024-01-30,JP,Email,Business,199.0
U12536,2024-01-30,IN,Referral,Starter,19.0
U11404,2024-01-30,BR,Organic,Business,199.0
U10278,2024-01-31,US,Email,Pro,49.0
U13449,2024-01-31,US,Paid Search,Pro,49.0
U15201,2024-01-31,JP,Paid Search,Starter,19.0
U15269,2024-01-31,BR,Affiliate,Business,199.0
U13256,2024-01-31,ES,Paid Search,Business,199.0
U13544,2024-01-31,CA,Paid Search,Pro,49.0
U12330,2024-01-31,US,Referral,Starter,19.0
U11532,2024-02-01,CA,Paid Search,Starter,19.0
U11119,2024-02-01,DE,Paid Social,Starter,19.0
U14021,2024-02-01,BR,Organic,Starter,19.0
U12990,2024-02-02,UK,Organic,Starter,19.0
U12759,2024-02-02,IN,Organic,Starter,19.0
U11951,2024-02-02,CA,Organic,Pro,49.0
U15207,2024-02-02,US,Organic,Pro,49.0
U14859,2024-02-02,IN,Organic,Starter,19.0
U11053,2024-02-02,IN,Organic,Starter,19.0
U13783,2024-02-02,FR,Paid Social,Pro,49.0
U12435,2024-02-02,CA,Paid Social,Starter,19.0
U14026,2024-02-02,DE,Organic,Business,199.0
U14975,2024-02-02,FR,Organic,Starter,19.0
U15057,2024-02-02,DE,Paid Social,Starter,19.0
U13143,2024-02-02,ES,Paid Social,Business,199.0
U12059,2024-02-03,BR,Organic,Business,199.0
U12495,2024-02-03,JP,Affiliate,Starter,19.0
U14720,2024-02-03,AU,Paid Search,Pro,49.0
U11023,2024-02-03,US,Paid Search,Pro,49.0
U11873,2024-02-03,US,Organic,Starter,19.0
U15254,2024-02-03,DE,Paid Social,Starter,19.0
U15212,2024-02-03,DE,Affiliate,Starter,19.0
U11196,2024-02-03,UK,Paid Search,Pro,49.0
U11982,2024-02-03,FR,Paid Social,Starter,19.0
U11317,2024-02-04,CA,Referral,Enterprise,599.0
U13541,2024-02-04,AU,Organic,Business,199.0
U12899,2024-02-04,IN,Paid Social,Starter,19.0
U12997,2024-02-04,BR,Paid Social,Pro,49.0
U13652,2024-02-04,DE,Organic,Starter,19.0
U10931,2024-02-04,US,Paid Social,Starter,19.0
U14772,2024-02-04,UK,Paid Social,Business,199.0
U12364,2024-02-04,UK,Paid Search,Enterprise,599.0
U12090,2024-02-05,BR,Organic,Business,199.0
U12282,2024-02-05,DE,Paid Search,Starter,19.0
U11041,2024-02-05,DE,Paid Search,Starter,19.0
U12164,2024-02-05,CA,Organic,Starter,19.0
U12405,2024-02-05,US,Paid Social,Pro,49.0
U10026,2024-02-06,ES,Paid Search,Pro,49.0
U12357,2024-02-06,US,Email,Enterprise,599.0
U10272,2024-02-06,US,Organic,Enterprise,599.0
U14502,2024-02-06,ES,Affiliate,Business,199.0
U13421,2024-02-06,US,Organic,Pro,49.0
U10588,2024-02-06,CA,Paid Social,Business,199.0
U11756,2024-02-07,CA,Referral,Starter,19.0
U13689,2024-02-07,JP,Organic,Pro,49.0
U14977,2024-02-07,CA,Paid Social,Enterprise,599.0
U15328,2024-02-07,ES,Referral,Business,199.0
U15478,2024-02-08,JP,Paid Social,Pro,49.0
U14217,2024-02-08,US,Paid Social,Business,199.0
U14882,2024-02-08,AU,Paid Search,Starter,19.0
U12497,2024-02-08,AU,Organic,Business,199.0
U11472,2024-02-08,DE,Organic,Pro,49.0
U12354,2024-02-09,BR,Referral,Enterprise,599.0
U12361,2024-02-09,UK,Organic,Pro,49.0
U12796,2024-02-09,AU,Affiliate,Pro,49.0
U15324,2024-02-09,US,Paid Search,Pro,49.0
U11846,2024-02-09,IN,Paid Social,Starter,19.0
U11719,2024-02-09,BR,Paid Social,Pro,49.0
U15418,2024-02-10,IN,Paid Search,Starter,19.0
U13054,2024-02-10,FR,Email,Starter,19.0
U15302,2024-02-10,FR,Paid Search,Pro,49.0
U15312,2024-02-10,CA,Organic,Pro,49.0
U11039,2024-02-10,US,Paid Social,Pro,49.0
U14803,2024-02-10,IN,Organic,Pro,49.0
U11152,2024-02-10,AU,Paid Search,Starter,19.0
U13174,2024-02-10,FR,Organic,Starter,19.0
U13645,2024-02-10,CA,Paid Search,Starter,19.0
U14167,2024-02-11,US,Email,Pro,49.0
U13539,2024-02-11,DE,Email,Starter,19.0
U14383,2024-02-11,CA,Paid Search,Pro,49.0
U14874,2024-02-11,US,Paid Search,Pro,49.0
U12384,2024-02-11,BR,Paid Search,Starter,19.0
U13244,2024-02-11,BR,Organic,Starter,19.0
U14229,2024-02-11,UK,Paid Search,Business,199.0
U14232,2024-02-12,CA,Organic,Pro,49.0
U10544,2024-02-12,BR,Paid Social,Starter,19.0
U15379,2024-02-12,BR,Affiliate,Starter,19.0
U10700,2024-02-12,US,Paid Search,Starter,19.0
U13403,2024-02-12,AU,Paid Search,Starter,19.0
U14327,2024-02-12,CA,Paid Social,Starter,19.0
U13759,2024-02-12,FR,Email,Pro,49.0
U10920,2024-02-12,UK,Paid Social,Starter,19.0
U14261,2024-02-13,CA,Paid Search,Starter,19.0
U13477,2024-02-13,US,Organic,Business,199.0
U13452,2024-02-13,UK,Paid Search,Starter,19.0
U10947,2024-02-13,CA,Affiliate,Business,199.0
U15497,2024-02-13,CA,Organic,Pro,49.0
U13324,2024-02-13,CA,Affiliate,Business,199.0
U12310,2024-02-14,BR,Organic,Starter,19.0
U14730,2024-02-14,US,Email,Starter,19.0
U13703,2024-02-14,AU,Paid Social,Pro,49.0
U11791,2024-02-14,FR,Referral,Starter,19.0
U10668,2024-02-14,CA,Referral,Starter,19.0
U14795,2024-02-14,FR,Paid Search,Starter,19.0
U11125,2024-02-15,IN,Paid Search,Business,199.0
U11246,2024-02-15,US,Organic,Starter,19.0
U13101,2024-02-15,BR,Paid Search,Starter,19.0
U13951,2024-02-15,US,Paid Search,Starter,19.0
U11839,2024-02-15,JP,Email,Starter,19.0
U12433,2024-02-15,CA,Organic,Pro,49.0
U10067,2024-02-15,FR,Email,Starter,19.0
U14320,2024-02-16,FR,Organic,Pro,49.0
U10781,2024-02-16,AU,Email,Business,199.0
U15117,2024-02-16,US,Referral,Pro,49.0
U15399,2024-02-17,AU,Referral,Pro,49.0
U15355,2024-02-17,US,Affiliate,Business,199.0
U15263,2024-02-17,CA,Paid Search,Enterprise,599.0
U13518,2024-02-17,AU,Organic,Business,199.0
U13959,2024-02-17,UK,Email,Starter,19.0
U14059,2024-02-17,US,Referral,Pro,49.0
U13767,2024-02-17,IN,Referral,Business,199.0
U12559,2024-02-18,US,Organic,Starter,19.0
U12738,2024-02-18,US,Organic,Enterprise,599.0
U14667,2024-02-18,CA,Organic,Pro,49.0
U10386,2024-02-18,CA,Paid Social,Pro,49.0
U13494,2024-02-18,UK,Paid Search,Business,199.0
U14307,2024-02-19,US,Referral,Starter,19.0
U11502,2024-02-19,CA,Organic,Business,199.0
U13528,2024-02-19,ES,Organic,Starter,19.0
U14562,2024-02-19,US,Paid Social,Pro,49.0
U14870,2024-02-19,DE,Paid Social,Starter,19.0
U14533,2024-02-20,CA,Paid Search,Business,199.0
U13705,2024-02-20,DE,Email,Pro,49.0
U15215,2024-02-20,JP,Organic,Starter,19.0
U10478,2024-02-20,CA,Organic,Starter,19.0
U11111,2024-02-20,US,Email,Business,199.0
U10698,2024-02-20,UK,Paid Search,Business,199.0
U13926,2024-02-20,UK,Paid Social,Pro,49.0
U11826,2024-02-20,DE,Paid Search,Pro,49.0
U12612,2024-02-20,IN,Organic,Starter,19.0
U11316,2024-02-20,JP,Referral,Starter,19.0
U14672,2024-02-21,FR,Referral,Pro,49.0
U12414,2024-02-21,DE,Organic,Pro,49.0
U10935,2024-02-21,US,Paid Search,Starter,19.0
U11912,2024-02-21,US,Organic,Pro,49.0
U12271,2024-02-21,US,Paid Social,Starter,19.0
U15242,2024-02-21,BR,Organic,Pro,49.0
U13182,2024-02-21,US,Paid Social,Starter,19.0
U12647,2024-02-21,CA,Email,Pro,49.0
U13782,2024-02-21,US,Paid Social,Starter,19.0
U10139,2024-02-21,CA,Organic,Starter,19.0
U13516,2024-02-22,US,Paid Search,Business,199.0
U14134,2024-02-22,US,Paid Social,Enterprise,599.0
U14225,2024-02-22,JP,Paid Social,Starter,19.0
U10224,2024-02-22,UK,Paid Search,Starter,19.0
U11783,2024-02-22,AU,Organic,Starter,19.0
U13816,2024-02-23,BR,Paid Search,Pro,49.0
U12067,2024-02-23,AU,Paid Search,Starter,19.0
U15156,2024-02-23,IN,Paid Search,Starter,19.0
U15243,2024-02-23,FR,Email,Pro,49.0
U14765,2024-02-23,CA,Paid Search,Pro,49.0
U13893,2024-02-23,DE,Paid Search,Starter,19.0
U13277,2024-02-23,ES,Organic,Business,199.0
U11597,2024-02-23,UK,Paid Social,Starter,19.0
U14925,2024-02-24,UK,Paid Search,Business,199.0
U15561,2024-02-24,US,Organic,Pro,49.0
U11264,2024-02-24,US,Organic,Starter,19.0
U12972,2024-02-24,UK,Paid Social,Starter,19.0
U11723,2024-02-24,IN,Organic,Pro,49.0
U14839,2024-02-24,IN,Paid Search,Enterprise,599.0
U12155,2024-02-25,US,Paid Social,Starter,19.0
U12843,2024-02-25,CA,Paid Search,Pro,49.0
U10237,2024-02-25,CA,Paid Search,Starter,19.0
U14550,2024-02-25,US,Paid Social,Starter,19.0
U10923,2024-02-25,UK,Paid Social,Starter,19.0
U13885,2024-02-25,FR,Email,Starter,19.0
U11784,2024-02-26,US,Paid Search,Business,199.0
U12398,2024-02-26,US,Paid Social,Pro,49.0
U14570,2024-02-26,AU,Organic,Starter,19.0
U11461,2024-02-26,IN,Paid Search,Starter,19.0
U14789,2024-02-26,CA,Organic,Pro,49.0
U11314,2024-02-26,DE,Paid Search,Business,199.0
U12213,2024-02-26,AU,Email,Pro,49.0
U13720,2024-02-26,JP,Affiliate,Starter,19.0
U14236,2024-02-26,ES,Paid Social,Starter,19.0
U10624,2024-02-27,FR,Paid Social,Starter,19.0
U11521,2024-02-27,DE,Paid Search,Pro,49.0
U11234,2024-02-27,JP,Referral,Business,199.0
U10018,2024-02-27,IN,Paid Social,Pro,49.0
U14180,2024-02-27,US,Organic,Starter,19.0
U10149,2024-02-28,BR,Email,Starter,19.0
U13327,2024-02-28,DE,Email,Pro,49.0
U10638,2024-02-28,US,Organic,Enterprise,599.0
U10513,2024-02-28,IN,Paid Social,Starter,19.0
U12566,2024-02-28,IN,Affiliate,Starter,19.0
U11396,2024-02-28,CA,Paid Social,Enterprise,599.0
U13769,2024-02-28,BR,Paid Social,Business,199.0
U14448,2024-02-29,DE,Paid Social,Pro,49.0
U10442,2024-02-29,US,Organic,Starter,19.0
U10054,2024-02-29,BR,Organic,Starter,19.0
U14066,2024-02-29,US,Organic,Starter,19.0
U10456,2024-02-29,CA,Paid Social,Starter,19.0
U12049,2024-02-29,DE,Paid Search,Starter,19.0
U11036,2024-03-01,CA,Paid Search,Pro,49.0
U10354,2024-03-01,DE,Paid Social,Starter,19.0
U12312,2024-03-01,UK,Email,Pro,49.0
U13469,2024-03-01,US,Email,Pro,49.0
U10467,2024-03-01,JP,Paid Search,Starter,19.0
U14024,2024-03-02,BR,Paid Social,Pro,49.0
U14484,2024-03-02,US,Paid Search,Business,199.0
U13308,2024-03-02,FR,Paid Social,Starter,19.0
U15382,2024-03-02,FR,Referral,Pro,49.0
U12582,2024-03-02,ES,Organic,Business,199.0
U10888,2024-03-02,ES,Organic,Business,199.0
U12233,2024-03-03,CA,Organic,Starter,19.0
U10428,2024-03-03,US,Paid Search,Starter,19.0
U10870,2024-03-03,US,Paid Social,Enterprise,599.0
U14166,2024-03-03,IN,Organic,Pro,49.0
U14633,2024-03-03,IN,Paid Search,Starter,19.0
U13650,2024-03-03,US,Referral,Starter,19.0
U12265,2024-03-04,US,Referral,Enterprise,599.0
U12105,2024-03-04,AU,Email,Business,199.0
U10929,2024-03-04,US,Paid Social,Pro,49.0
U14204,2024-03-04,JP,Referral,Business,199.0
U13873,2024-03-05,CA,Organic,Enterprise,599.0
U12009,2024-03-05,DE,Email,Pro,49.0
U11859,2024-03-05,ES,Organic,Business,199.0
U12012,2024-03-05,US,Organic,Starter,19.0
U10192,2024-03-05,CA,Email,Starter,19.0
U12817,2024-03-05,BR,Paid Search,Pro,49.0
U12925,2024-03-05,DE,Organic,Starter,19.0
U11866,2024-03-05,BR,Paid Social,Pro,49.0
U10874,2024-03-05,DE,Paid Search,Starter,19.0
U14578,2024-03-05,US,Email,Pro,49.0
U14299,2024-03-06,BR,Organic,Starter,19.0
U10074,2024-03-06,DE,Paid Social,Starter,19.0
U14939,2024-03-06,BR,Organic,Business,199.0
U13126,2024-03-07,FR,Email,Pro,49.0
U11373,2024-03-07,BR,Referral,Pro,49.0
U14498,2024-03-07,DE,Paid Social,Pro,49.0
U10422,2024-03-07,FR,Paid Social,Pro,49.0
U15545,2024-03-07,FR,Email,Enterprise,599.0
U11978,2024-03-08,UK,Organic,Starter,19.0
U10157,2024-03-08,US,Affiliate,Pro,49.0
U13074,2024-03-08,US,Referral,Starter,19.0
U11388,2024-03-08,JP,Paid Search,Starter,19.0
U11333,2024-03-09,US,Paid Social,Starter,19.0
U11439,2024-03-09,CA,Paid Social,Starter,19.0
U12808,2024-03-09,JP,Paid Social,Business,199.0
U14285,2024-03-09,CA,Paid Social,Business,199.0
U14611,2024-03-09,US,Paid Search,Pro,49.0
U11353,2024-03-10,US,Organic,Starter,19.0
U12220,2024-03-10,UK,Affiliate,Pro,49.0
U12793,2024-03-10,BR,Email,Enterprise,599.0
U14367,2024-03-10,UK,Organic,Pro,49.0
U15321,2024-03-10,AU,Email,Starter,19.0
U14950,2024-03-10,US,Paid Search,Pro,49.0
U14679,2024-03-10,CA,Paid Search,Business,199.0
U12706,2024-03-10,FR,Paid Search,Business,199.0
U10642,2024-03-11,ES,Paid Social,Starter,19.0
U10244,2024-03-11,CA,Paid Search,Pro,49.0
U15525,2024-03-11,US,Referral,Starter,19.0
U15180,2024-03-11,DE,Paid Social,Business,199.0
U14423,2024-03-11,JP,Referral,Starter,19.0
U11507,2024-03-11,FR,Organic,Pro,49.0
U12389,2024-03-11,IN,Organic,Starter,19.0
U14329,2024-03-12,UK,Referral,Business,199.0
U14694,2024-03-12,FR,Organic,Business,199.0
U10408,2024-03-12,CA,Paid Search,Pro,49.0
U12554,2024-03-13,US,Organic,Starter,19.0
U14702,2024-03-13,AU,Paid Social,Starter,19.0
U13014,2024-03-13,US,Referral,Business,199.0
U12486,2024-03-13,AU,Organic,Enterprise,599.0
U11281,2024-03-13,IN,Organic,Starter,19.0
U14046,2024-03-13,US,Paid Social,Starter,19.0
U12262,2024-03-13,US,Referral,Business,199.0
U13699,2024-03-14,JP,Referral,Starter,19.0
U11087,2024-03-14,US,Paid Social,Starter,19.0
U12895,2024-03-14,UK,Referral,Pro,49.0
U13164,2024-03-14,AU,Email,Starter,19.0
U14573,2024-03-14,UK,Affiliate,Starter,19.0
U13665,2024-03-14,US,Referral,Starter,19.0
U12880,2024-03-15,US,Organic,Starter,19.0
U13302,2024-03-15,CA,Organic,Starter,19.0
U10266,2024-03-15,BR,Paid Search,Pro,49.0
U11703,2024-03-15,AU,Affiliate,Business,199.0
U12963,2024-03-15,UK,Organic,Starter,19.0
U13295,2024-03-15,BR,Email,Pro,49.0
U12062,2024-03-15,DE,Organic,Pro,49.0
U12311,2024-03-15,US,Referral,Starter,19.0
U13297,2024-03-16,FR,Organic,Starter,19.0
U11099,2024-03-16,FR,Referral,Business,199.0
U10591,2024-03-16,US,Email,Starter,19.0
U10631,2024-03-17,JP,Paid Social,Pro,49.0
U10564,2024-03-17,US,Organic,Pro,49.0
U13517,2024-03-17,CA,Paid Search,Business,199.0
U11501,2024-03-17,UK,Paid Social,Starter,19.0
U12575,2024-03-17,CA,Paid Search,Pro,49.0
U13003,2024-03-17,US,Referral,Business,199.0
U11786,2024-03-17,IN,Organic,Starter,19.0
U11764,2024-03-17,US,Paid Social,Starter,19.0
U12941,2024-03-17,JP,Paid Search,Pro,49.0
U12687,2024-03-18,FR,Organic,Starter,19.0
U15079,2024-03-18,US,Affiliate,Business,199.0
U14120,2024-03-18,FR,Email,Starter,19.0
U14114,2024-03-19,ES,Paid Social,Pro,49.0
U12208,2024-03-19,US,Paid Search,Starter,19.0
U10406,2024-03-19,DE,Paid Search,Pro,49.0
U12263,2024-03-20,BR,Affiliate,Starter,19.0
U12747,2024-03-21,AU,Organic,Pro,49.0
U14323,2024-03-21,UK,Organic,Starter,19.0
U11623,2024-03-21,US,Paid Search,Business,199.0
U11938,2024-03-21,ES,Email,Starter,19.0
U12335,2024-03-21,CA,Paid Search,Starter,19.0
U13777,2024-03-22,IN,Organic,Business,199.0
U13772,2024-03-22,IN,Organic,Enterprise,599.0
U15565,2024-03-22,UK,Email,Business,199.0
U11202,2024-03-22,UK,Paid Social,Pro,49.0
U11392,2024-03-22,AU,Email,Starter,19.0
U12694,2024-03-22,US,Organic,Business,199.0
U14620,2024-03-22,CA,Organic,Enterprise,599.0
U12737,2024-03-22,DE,Paid Social,Starter,19.0
U10070,2024-03-23,UK,Organic,Starter,19.0
U15124,2024-03-23,FR,Paid Search,Starter,19.0
U14818,2024-03-23,UK,Email,Starter,19.0
U12948,2024-03-23,DE,Organic,Starter,19.0
U13375,2024-03-23,FR,Organic,Business,199.0
U10178,2024-03-24,US,Paid Social,Starter,19.0
U12675,2024-03-24,BR,Paid Search,Pro,49.0
U12957,2024-03-24,JP,Organic,Pro,49.0
U10664,2024-03-24,JP,Email,Enterprise,599.0
U10217,2024-03-24,BR,Affiliate,Starter,19.0
U11444,2024-03-25,US,Paid Social,Pro,49.0
U14877,2024-03-25,FR,Paid Social,Starter,19.0
U15288,2024-03-25,BR,Paid Search,Pro,49.0
U11578,2024-03-25,UK,Paid Social,Starter,19.0
U11283,2024-03-25,AU,Affiliate,Business,199.0
U13599,2024-03-25,BR,Organic,Starter,19.0
U13070,2024-03-25,ES,Paid Social,Pro,49.0
U11592,2024-03-26,US,Paid Search,Pro,49.0
U12087,2024-03-26,AU,Paid Social,Starter,19.0
U10524,2024-03-26,UK,Organic,Business,199.0
U11962,2024-03-26,JP,Paid Social,Business,199.0
U10683,2024-03-26,CA,Referral,Starter,19.0
U14632,2024-03-26,FR,Paid Search,Pro,49.0
U14003,2024-03-26,US,Paid Search,Pro,49.0
U14594,2024-03-26,US,Paid Search,Pro,49.0
U15240,2024-03-27,IN,Paid Search,Starter,19.0
U11236,2024-03-27,UK,Paid Search,Pro,49.0
U10231,2024-03-27,US,Organic,Business,199.0
U11861,2024-03-27,CA,Organic,Pro,49.0
U13125,2024-03-27,CA,Paid Search,Business,199.0
U12718,2024-03-27,US,Organic,Pro,49.0
U11051,2024-03-27,US,Paid Search,Business,199.0
U12940,2024-03-27,UK,Referral,Business,199.0
U12732,2024-03-28,US,Paid Search,Pro,49.0
U13335,2024-03-28,BR,Paid Search,Starter,19.0
U15264,2024-03-28,US,Paid Search,Starter,19.0
U14676,2024-03-28,JP,Paid Social,Pro,49.0
U10253,2024-03-28,AU,Referral,Business,199.0
U11980,2024-03-28,US,Organic,Starter,19.0
U15223,2024-03-29,UK,Organic,Enterprise,599.0
U15502,2024-03-29,AU,Referral,Starter,19.0
U15129,2024-03-29,UK,Email,Starter,19.0
U10435,2024-03-30,JP,Paid Social,Enterprise,599.0
U13180,2024-03-30,US,Paid Search,Starter,19.0
U10988,2024-03-30,US,Organic,Enterprise,599.0
U13833,2024-03-30,US,Paid Search,Business,199.0
U13196,2024-03-30,CA,Organic,Starter,19.0
U11166,2024-03-30,BR,Organic,Starter,19.0
U12291,2024-03-30,AU,Paid Search,Starter,19.0
U10433,2024-03-31,DE,Organic,Pro,49.0
U13841,2024-03-31,JP,Paid Social,Starter,19.0
U11563,2024-03-31,US,Organic,Pro,49.0
U12017,2024-03-31,BR,Paid Social,Pro,49.0
U13630,2024-03-31,UK,Organic,Business,199.0
U12417,2024-03-31,US,Organic,Starter,19.0
U12755,2024-04-01,CA,Email,Pro,49.0
U12592,2024-04-01,DE,Organic,Starter,19.0
U11572,2024-04-01,IN,Organic,Pro,49.0
U10496,2024-04-01,CA,Referral,Business,199.0
U14907,2024-04-01,US,Paid Social,Starter,19.0
U10124,2024-04-01,CA,Organic,Business,199.0
U10914,2024-04-01,AU,Organic,Pro,49.0
U14303,2024-04-02,DE,Paid Social,Pro,49.0
U11057,2024-04-02,ES,Paid Social,Starter,19.0
U10336,2024-04-02,US,Email,Pro,49.0
U10148,2024-04-02,FR,Email,Starter,19.0
U10501,2024-04-02,US,Paid Search,Starter,19.0
U12803,2024-04-02,IN,Paid Search,Enterprise,599.0
U13691,2024-04-02,UK,Paid Social,Starter,19.0
U12272,2024-04-03,US,Organic,Starter,19.0
U14793,2024-04-03,DE,Email,Pro,49.0
U11209,2024-04-03,US,Affiliate,Business,199.0
U10982,2024-04-03,IN,Referral,Pro,49.0
U13446,2024-04-03,DE,Affiliate,Business,199.0
U15148,2024-04-03,CA,Organic,Starter,19.0
U12693,2024-04-03,US,Paid Search,Pro,49.0
U11001,2024-04-03,ES,Paid Search,Starter,19.0
U15476,2024-04-04,US,Organic,Starter,19.0
U13029,2024-04-04,US,Organic,Starter,19.0
U12996,2024-04-04,US,Paid Social,Business,199.0
U14415,2024-04-04,UK,Organic,Enterprise,599.0
U11829,2024-04-04,FR,Organic,Pro,49.0
U10394,2024-04-04,AU,Referral,Starter,19.0
U13808,2024-04-04,JP,Organic,Pro,49.0
U10697,2024-04-05,US,Organic,Pro,49.0
U10411,2024-04-05,US,Paid Search,Starter,19.0
U12736,2024-04-05,BR,Organic,Starter,19.0
U12279,2024-04-05,US,Email,Starter,19.0
U11642,2024-04-05,DE,Referral,Pro,49.0
U11177,2024-04-05,ES,Paid Search,Business,199.0
U15051,2024-04-06,JP,Referral,Starter,19.0
U11093,2024-04-06,US,Paid Search,Pro,49.0
U15120,2024-04-06,US,Organic,Starter,19.0
U11091,2024-04-06,US,Email,Pro,49.0
U11792,2024-04-06,DE,Paid Social,Starter,19.0
U10687,2024-04-07,US,Paid Search,Enterprise,599.0
U14514,2024-04-07,FR,Paid Search,Pro,49.0
U10902,2024-04-07,US,Organic,Starter,19.0
U10877,2024-04-07,BR,Organic,Starter,19.0
U12110,2024-04-07,US,Paid Social,Pro,49.0
U14649,2024-04-07,AU,Paid Social,Starter,19.0
U15054,2024-04-08,BR,Paid Social,Starter,19.0
U10707,2024-04-08,AU,Paid Social,Enterprise,599.0
U10594,2024-04-08,US,Organic,Starter,19.0
U11168,2024-04-08,UK,Email,Starter,19.0
U11198,2024-04-08,DE,Paid Search,Pro,49.0
U14627,2024-04-08,JP,Paid Search,Pro,49.0
U10976,2024-04-08,US,Referral,Starter,19.0
U13886,2024-04-08,FR,Affiliate,Starter,19.0
U13525,2024-04-08,CA,Organic,Business,199.0
U12855,2024-04-08,AU,Paid Search,Starter,19.0
U13287,2024-04-08,CA,Paid Social,Pro,49.0
U14301,2024-04-09,IN,Paid Search,Pro,49.0
U14018,2024-04-09,ES,Referral,Pro,49.0
U10924,2024-04-09,US,Paid Social,Starter,19.0
U12974,2024-04-09,CA,Referral,Starter,19.0
U14200,2024-04-09,US,Email,Business,199.0
U10455,2024-04-09,US,Email,Business,199.0
U10431,2024-04-09,FR,Organic,Pro,49.0
U12008,2024-04-09,CA,Email,Starter,19.0
U14205,2024-04-10,IN,Paid Search,Starter,19.0
U12505,2024-04-10,IN,Paid Search,Pro,49.0
U15295,2024-04-10,DE,Email,Pro,49.0
U12199,2024-04-10,US,Affiliate,Starter,19.0
U14197,2024-04-10,ES,Organic,Starter,19.0
U11942,2024-04-10,UK,Paid Search,Pro,49.0
U10900,2024-04-11,AU,Organic,Starter,19.0
U14151,2024-04-11,FR,Paid Search,Business,199.0
U15194,2024-04-11,DE,Organic,Pro,49.0
U10454,2024-04-11,UK,Organic,Business,199.0
U14288,2024-04-11,UK,Paid Social,Pro,49.0
U12353,2024-04-11,BR,Paid Social,Starter,19.0
U14891,2024-04-11,AU,Paid Social,Business,199.0
U13443,2024-04-11,CA,Paid Social,Starter,19.0
U12649,2024-04-11,IN,Email,Starter,19.0
U13963,2024-04-11,DE,Organic,Pro,49.0
U10474,2024-04-12,IN,Organic,Starter,19.0
U11574,2024-04-12,AU,Paid Social,Starter,19.0
U11751,2024-04-12,US,Paid Social,Pro,49.0
U12246,2024-04-12,US,Organic,Pro,49.0
U10975,2024-04-12,DE,Organic,Business,199.0
U11620,2024-04-12,US,Paid Social,Starter,19.0
U12569,2024-04-12,US,Referral,Business,199.0
U12665,2024-04-12,US,Paid Social,Pro,49.0
U13776,2024-04-12,US,Organic,Pro,49.0
U13305,2024-04-12,US,Affiliate,Enterprise,599.0
U11189,2024-04-12,AU,Email,Pro,49.0
U14505,2024-04-13,US,Referral,Business,199.0
U13257,2024-04-13,CA,Paid Social,Business,199.0
U10655,2024-04-13,UK,Organic,Starter,19.0
U10144,2024-04-13,IN,Organic,Starter,19.0
U10311,2024-04-13,CA,Paid Search,Starter,19.0
U10580,2024-04-13,US,Referral,Enterprise,599.0
U13737,2024-04-13,IN,Organic,Starter,19.0
U10584,2024-04-13,DE,Organic,Pro,49.0
U13450,2024-04-13,CA,Email,Starter,19.0
U11464,2024-04-14,AU,Paid Search,Business,199.0
U13626,2024-04-14,US,Affiliate,Business,199.0
U13633,2024-04-14,AU,Affiliate,Business,199.0
U11056,2024-04-14,US,Organic,Pro,49.0
U13022,2024-04-15,BR,Organic,Starter,19.0
U13313,2024-04-15,US,Organic,Business,199.0
U12842,2024-04-15,JP,Paid Social,Pro,49.0
U14312,2024-04-15,US,Email,Business,199.0
U11814,2024-04-15,BR,Email,Pro,49.0
U15291,2024-04-15,FR,Email,Starter,19.0
U13587,2024-04-15,JP,Organic,Pro,49.0
U10571,2024-04-15,AU,Paid Social,Pro,49.0
U10400,2024-04-15,CA,Organic,Starter,19.0
U10858,2024-04-15,AU,Paid Social,Starter,19.0
U10823,2024-04-15,CA,Organic,Pro,49.0
U11717,2024-04-16,DE,Referral,Starter,19.0
U13160,2024-04-16,BR,Email,Pro,49.0
U11002,2024-04-16,UK,Paid Search,Business,199.0
U13094,2024-04-16,DE,Affiliate,Starter,19.0
U14843,2024-04-16,FR,Referral,Starter,19.0
U10271,2024-04-16,BR,Affiliate,Starter,19.0
U10635,2024-04-16,ES,Referral,Business,199.0
U11211,2024-04-16,US,Organic,Starter,19.0
U10170,2024-04-17,FR,Paid Social,Starter,19.0
U12520,2024-04-17,JP,Email,Starter,19.0
U13413,2024-04-17,CA,Organic,Starter,19.0
U13585,2024-04-17,UK,Organic,Business,199.0
U12928,2024-04-17,FR,Paid Search,Starter,19.0
U10915,2024-04-17,DE,Email,Business,199.0
U14468,2024-04-18,IN,Paid Social,Starter,19.0
U13609,2024-04-18,UK,Affiliate,Starter,19.0
U15539,2024-04-18,CA,Paid Search,Business,199.0
U11672,2024-04-18,ES,Organic,Starter,19.0
U12776,2024-04-18,US,Paid Search,Pro,49.0
U12848,2024-04-18,US,Organic,Starter,19.0
U14819,2024-04-18,JP,Paid Social,Pro,49.0
U14540,2024-04-18,ES,Referral,Starter,19.0
U12637,2024-04-18,FR,Paid Search,Starter,19.0
U15010,2024-04-19,IN,Organic,Starter,19.0
U14016,2024-04-19,BR,Organic,Starter,19.0
U12890,2024-04-19,FR,Paid Social,Starter,19.0
U11505,2024-04-19,UK,Paid Social,Enterprise,599.0
U10335,2024-04-19,CA,Organic,Starter,19.0
U14241,2024-04-19,US,Email,Pro,49.0
U14780,2024-04-19,IN,Email,Pro,49.0
U14125,2024-04-19,UK,Paid Social,Starter,19.0
U13360,2024-04-19,AU,Organic,Starter,19.0
U10748,2024-04-20,UK,Paid Search,Pro,49.0
U15138,2024-04-20,ES,Organic,Starter,19.0
U10216,2024-04-20,US,Referral,Pro,49.0
U14051,2024-04-20,DE,Paid Social,Starter,19.0
U13586,2024-04-20,UK,Referral,Pro,49.0
U12034,2024-04-20,BR,Paid Search,Pro,49.0
U13957,2024-04-21,IN,Paid Search,Starter,19.0
U11375,2024-04-21,DE,Organic,Pro,49.0
U14763,2024-04-21,US,Organic,Pro,49.0
U10786,2024-04-21,IN,Paid Search,Business,199.0
U13306,2024-04-21,US,Affiliate,Pro,49.0
U14808,2024-04-21,AU,Email,Business,199.0
U14476,2024-04-21,FR,Paid Social,Starter,19.0
U11546,2024-04-21,US,Organic,Pro,49.0
U10503,2024-04-22,DE,Referral,Starter,19.0
U11021,2024-04-22,US,Organic,Starter,19.0
U10630,2024-04-22,BR,Paid Search,Starter,19.0
U10468,2024-04-22,FR,Organic,Starter,19.0
U14129,2024-04-22,US,Referral,Starter,19.0
U14112,2024-04-22,AU,Paid Search,Starter,19.0
U14085,2024-04-23,IN,Organic,Starter,19.0
U15491,2024-04-23,US,Paid Social,Starter,19.0
U10755,2024-04-23,DE,Paid Social,Pro,49.0
U12316,2024-04-23,ES,Organic,Starter,19.0
U11915,2024-04-24,FR,Paid Search,Pro,49.0
U14624,2024-04-24,DE,Affiliate,Starter,19.0
U11511,2024-04-24,CA,Paid Social,Starter,19.0
U12096,2024-04-24,FR,Paid Search,Enterprise,599.0
U11622,2024-04-24,JP,Email,Business,199.0
U14571,2024-04-25,FR,Organic,Starter,19.0
U10779,2024-04-25,BR,Affiliate,Pro,49.0
U14841,2024-04-25,DE,Referral,Enterprise,599.0
U15203,2024-04-25,UK,Organic,Pro,49.0
U12256,2024-04-25,BR,Affiliate,Starter,19.0
U10842,2024-04-25,US,Referral,Starter,19.0
U14071,2024-04-25,CA,Paid Search,Enterprise,599.0
U13066,2024-04-25,UK,Organic,Business,199.0
U10395,2024-04-26,US,Paid Search,Pro,49.0
U14542,2024-04-26,DE,Paid Search,Business,199.0
U13186,2024-04-26,JP,Paid Search,Business,199.0
U11963,2024-04-27,IN,Organic,Starter,19.0
U13606,2024-04-27,DE,Paid Search,Pro,49.0
U15505,2024-04-27,UK,Email,Starter,19.0
U12797,2024-04-27,CA,Paid Search,Business,199.0
U13040,2024-04-27,AU,Referral,Enterprise,599.0
U14545,2024-04-27,US,Paid Social,Starter,19.0
U13079,2024-04-27,CA,Paid Social,Pro,49.0
U11009,2024-04-28,JP,Organic,Enterprise,599.0
U15227,2024-04-28,BR,Referral,Pro,49.0
U13991,2024-04-28,US,Paid Search,Starter,19.0
U12039,2024-04-28,BR,Paid Search,Starter,19.0
U13702,2024-04-28,US,Paid Social,Pro,49.0
U12893,2024-04-28,CA,Email,Business,199.0
U13193,2024-04-28,US,Affiliate,Starter,19.0
U11586,2024-04-28,US,Paid Search,Pro,49.0
U11796,2024-04-28,UK,Paid Social,Starter,19.0
U13348,2024-04-29,JP,Organic,Enterprise,599.0
U11216,2024-04-29,UK,Paid Search,Enterprise,599.0
U12722,2024-04-29,BR,Referral,Starter,19.0
U11455,2024-04-29,US,Affiliate,Pro,49.0
U15549,2024-04-30,US,Organic,Starter,19.0
U10448,2024-04-30,BR,Email,Business,199.0
U15080,2024-04-30,US,Referral,Pro,49.0
U14833,2024-04-30,FR,Paid Search,Starter,19.0
U12537,2024-04-30,JP,Organic,Starter,19.0
U10423,2024-04-30,IN,Organic,Starter,19.0
U12383,2024-04-30,JP,Email,Starter,19.0
U14515,2024-05-01,UK,Paid Search,Starter,19.0
U12567,2024-05-02,DE,Paid Search,Business,199.0
U11565,2024-05-02,FR,Organic,Pro,49.0
U13747,2024-05-02,CA,Email,Starter,19.0
U13384,2024-05-02,BR,Paid Search,Pro,49.0
U10541,2024-05-02,US,Paid Social,Starter,19.0
U12938,2024-05-02,AU,Email,Pro,49.0
U12007,2024-05-02,US,Organic,Pro,49.0
U13822,2024-05-03,US,Paid Search,Starter,19.0
U11516,2024-05-03,CA,Affiliate,Pro,49.0
U12593,2024-05-03,FR,Referral,Starter,19.0
U13907,2024-05-03,DE,Paid Social,Starter,19.0
U12108,2024-05-03,IN,Affiliate,Starter,19.0
U12070,2024-05-04,BR,Referral,Starter,19.0
U13205,2024-05-04,US,Email,Pro,49.0
U13280,2024-05-04,US,Email,Pro,49.0
U14233,2024-05-04,AU,Paid Social,Starter,19.0
U13398,2024-05-04,US,Paid Social,Starter,19.0
U14240,2024-05-05,ES,Paid Social,Starter,19.0
U12397,2024-05-05,US,Paid Social,Starter,19.0
U13672,2024-05-05,DE,Organic,Starter,19.0
U13976,2024-05-05,FR,Paid Social,Pro,49.0
U11064,2024-05-05,IN,Organic,Enterprise,599.0
U12329,2024-05-05,US,Organic,Pro,49.0
U12352,2024-05-06,DE,Paid Search,Starter,19.0
U10997,2024-05-06,US,Paid Search,Pro,49.0
U13238,2024-05-06,DE,Organic,Pro,49.0
U13458,2024-05-06,FR,Organic,Starter,19.0
U15276,2024-05-06,JP,Paid Search,Starter,19.0
U13237,2024-05-06,IN,Paid Search,Business,199.0
U12586,2024-05-06,US,Paid Social,Starter,19.0
U10595,2024-05-07,DE,Organic,Pro,49.0
U11194,2024-05-07,US,Paid Search,Starter,19.0
U11151,2024-05-07,BR,Organic,Starter,19.0
U12410,2024-05-07,AU,Organic,Enterprise,599.0
U15074,2024-05-07,CA,Email,Business,199.0
U12822,2024-05-07,FR,Organic,Enterprise,599.0
U14228,2024-05-08,UK,Referral,Starter,19.0
U15000,2024-05-09,IN,Organic,Pro,49.0
U13412,2024-05-09,FR,Paid Social,Starter,19.0
U13497,2024-05-09,US,Affiliate,Pro,49.0
U10694,2024-05-09,UK,Organic,Business,199.0
U15342,2024-05-09,FR,Organic,Starter,19.0
U12576,2024-05-10,UK,Email,Business,199.0
U14931,2024-05-10,ES,Paid Social,Business,199.0
U11827,2024-05-10,FR,Paid Social,Pro,49.0
U15292,2024-05-10,US,Affiliate,Starter,19.0
U12875,2024-05-10,DE,Paid Search,Starter,19.0
U11658,2024-05-11,US,Organic,Business,199.0
U11593,2024-05-11,UK,Paid Search,Starter,19.0
U10233,2024-05-11,UK,Email,Starter,19.0
U15050,2024-05-11,FR,Paid Social,Starter,19.0
U11297,2024-05-11,AU,Organic,Pro,49.0
U10894,2024-05-11,US,Paid Search,Business,199.0
U11046,2024-05-11,FR,Paid Social,Starter,19.0
U15083,2024-05-12,US,Paid Social,Starter,19.0
U12778,2024-05-12,US,Organic,Pro,49.0
U13381,2024-05-12,US,Email,Starter,19.0
U14713,2024-05-12,DE,Affiliate,Starter,19.0
U12756,2024-05-13,CA,Paid Search,Starter,19.0
U14955,2024-05-13,UK,Organic,Business,199.0
U14031,2024-05-13,IN,Organic,Starter,19.0
U13127,2024-05-13,ES,Paid Search,Business,199.0
U12861,2024-05-14,AU,Paid Search,Starter,19.0
U10171,2024-05-14,AU,Referral,Pro,49.0
U15520,2024-05-14,US,Email,Business,199.0
U11937,2024-05-14,US,Paid Social,Starter,19.0
U12269,2024-05-14,US,Organic,Starter,19.0
U13814,2024-05-14,IN,Email,Starter,19.0
U15453,2024-05-14,IN,Organic,Pro,49.0
U11661,2024-05-15,JP,Paid Search,Starter,19.0
U12005,2024-05-15,BR,Paid Search,Pro,49.0
U11916,2024-05-15,UK,Organic,Starter,19.0
U11225,2024-05-15,BR,Paid Search,Pro,49.0
U14565,2024-05-15,US,Organic,Starter,19.0
U10581,2024-05-15,US,Affiliate,Starter,19.0
U10550,2024-05-15,FR,Affiliate,Business,199.0
U10860,2024-05-16,CA,Paid Search,Business,199.0
U11742,2024-05-16,US,Email,Pro,49.0
U13496,2024-05-16,IN,Organic,Pro,49.0
U13322,2024-05-16,US,Paid Search,Enterprise,599.0
U10657,2024-05-16,FR,Affiliate,Starter,19.0
U12696,2024-05-16,US,Paid Search,Business,199.0
U12767,2024-05-16,US,Organic,Starter,19.0
U14644,2024-05-16,BR,Organic,Starter,19.0
U11848,2024-05-16,FR,Paid Social,Business,199.0
U12296,2024-05-16,ES,Paid Search,Starter,19.0
U12783,2024-05-17,CA,Email,Starter,19.0
U11739,2024-05-17,UK,Affiliate,Pro,49.0
U14712,2024-05-17,BR,Organic,Starter,19.0
U10025,2024-05-17,IN,Paid Social,Business,199.0
U14997,2024-05-17,US,Referral,Starter,19.0
U11682,2024-05-17,US,Paid Search,Business,199.0
U10570,2024-05-17,CA,Organic,Starter,19.0
U13481,2024-05-17,IN,Paid Search,Starter,19.0
U10824,2024-05-17,IN,Paid Search,Business,199.0
U10189,2024-05-18,CA,Paid Social,Starter,19.0
U12189,2024-05-18,CA,Paid Social,Starter,19.0
U11895,2024-05-18,ES,Affiliate,Enterprise,599.0
U15495,2024-05-18,JP,Email,Starter,19.0
U10446,2024-05-18,UK,Email,Starter,19.0
U10473,2024-05-18,IN,Affiliate,Pro,49.0
U14691,2024-05-18,US,Organic,Business,199.0
U14441,2024-05-19,DE,Email,Pro,49.0
U10343,2024-05-19,AU,Affiliate,Starter,19.0
U10785,2024-05-19,CA,Paid Search,Business,199.0
U14785,2024-05-19,JP,Paid Search,Business,199.0
U11531,2024-05-19,DE,Referral,Starter,19.0
U13799,2024-05-19,DE,Paid Social,Pro,49.0
U14657,2024-05-20,UK,Organic,Pro,49.0
U12268,2024-05-20,FR,Paid Search,Pro,49.0
U13554,2024-05-20,UK,Organic,Pro,49.0
U13085,2024-05-20,DE,Referral,Business,199.0
U11990,2024-05-20,US,Email,Starter,19.0
U11271,2024-05-21,US,Paid Social,Starter,19.0
U13263,2024-05-21,JP,Organic,Starter,19.0
U14290,2024-05-21,IN,Organic,Business,199.0
U14816,2024-05-21,US,Organic,Pro,49.0
U12142,2024-05-21,IN,Paid Search,Pro,49.0
U11834,2024-05-21,FR,Email,Pro,49.0
U13312,2024-05-21,ES,Affiliate,Pro,49.0
U11683,2024-05-21,CA,Paid Social,Business,199.0
U14278,2024-05-22,UK,Organic,Starter,19.0
U11325,2024-05-22,ES,Paid Social,Business,199.0
U10013,2024-05-22,BR,Email,Pro,49.0
U12476,2024-05-22,AU,Organic,Starter,19.0
U12825,2024-05-22,JP,Organic,Business,199.0
U10331,2024-05-22,UK,Paid Search,Starter,19.0
U12308,2024-05-23,JP,Organic,Starter,19.0
U11953,2024-05-23,US,Paid Search,Starter,19.0
U14595,2024-05-23,JP,Organic,Starter,19.0
U13423,2024-05-23,BR,Paid Search,Starter,19.0
U15214,2024-05-23,BR,Referral,Pro,49.0
U12079,2024-05-23,BR,Affiliate,Starter,19.0
U11854,2024-05-23,DE,Organic,Starter,19.0
U12589,2024-05-23,US,Affiliate,Enterprise,599.0
U10328,2024-05-23,US,Paid Social,Starter,19.0
U12770,2024-05-24,US,Email,Pro,49.0
U12195,2024-05-24,AU,Paid Social,Starter,19.0
U10632,2024-05-24,US,Organic,Pro,49.0
U10896,2024-05-25,BR,Paid Social,Pro,49.0
U14689,2024-05-25,UK,Paid Social,Business,199.0
U10439,2024-05-25,IN,Paid Social,Starter,19.0
U14461,2024-05-26,US,Paid Search,Starter,19.0
U11226,2024-05-26,AU,Organic,Pro,49.0
U10614,2024-05-26,US,Email,Starter,19.0
U11968,2024-05-26,US,Paid Search,Starter,19.0
U13017,2024-05-26,ES,Paid Social,Business,199.0
U14421,2024-05-26,US,Paid Search,Starter,19.0
U12742,2024-05-26,ES,Organic,Pro,49.0
U10692,2024-05-26,AU,Referral,Pro,49.0
U15375,2024-05-26,DE,Organic,Enterprise,599.0
U10612,2024-05-27,ES,Organic,Starter,19.0
U11678,2024-05-27,IN,Organic,Starter,19.0
U10315,2024-05-27,CA,Paid Search,Starter,19.0
U10962,2024-05-28,CA,Paid Social,Business,199.0
U10279,2024-05-28,DE,Paid Search,Starter,19.0
U10792,2024-05-28,US,Email,Pro,49.0
U13996,2024-05-28,FR,Paid Search,Starter,19.0
U13713,2024-05-28,US,Paid Search,Business,199.0
U14141,2024-05-28,FR,Organic,Starter,19.0
U11181,2024-05-28,DE,Paid Search,Starter,19.0
U10350,2024-05-29,UK,Paid Search,Starter,19.0
U11393,2024-05-29,US,Organic,Business,199.0
U14087,2024-05-29,CA,Paid Social,Pro,49.0
U11005,2024-05-29,US,Organic,Starter,19.0
U12984,2024-05-29,US,Organic,Pro,49.0
U15150,2024-05-29,JP,Paid Search,Starter,19.0
U15038,2024-05-29,AU,Email,Starter,19.0
U14305,2024-05-29,BR,Affiliate,Starter,19.0
U12906,2024-05-29,IN,Organic,Starter,19.0
U15430,2024-05-30,ES,Paid Search,Business,199.0
U10151,2024-05-30,US,Email,Starter,19.0
U12760,2024-05-30,FR,Paid Search,Pro,49.0
U11489,2024-05-30,ES,Paid Search,Starter,19.0
U10611,2024-05-30,FR,Paid Search,Pro,49.0
U15458,2024-05-30,US,Organic,Starter,19.0
U12584,2024-05-31,ES,Organic,Pro,49.0
U10963,2024-05-31,US,Email,Starter,19.0
U11566,2024-05-31,BR,Paid Social,Enterprise,599.0
U14549,2024-05-31,US,Affiliate,Business,199.0
U14467,2024-05-31,AU,Referral,Starter,19.0
U11513,2024-05-31,IN,Paid Search,Business,199.0
U15462,2024-05-31,CA,Paid Social,Starter,19.0
U13791,2024-05-31,BR,Paid Search,Business,199.0
U13107,2024-05-31,US,Paid Search,Starter,19.0
U13425,2024-06-01,BR,Paid Social,Pro,49.0
U12198,2024-06-01,US,Organic,Starter,19.0
U10234,2024-06-01,UK,Referral,Starter,19.0
U15128,2024-06-01,US,Organic,Pro,49.0
U13722,2024-06-01,US,Affiliate,Starter,19.0
U14446,2024-06-01,IN,Email,Starter,19.0
U11294,2024-06-01,UK,Paid Social,Pro,49.0
U11421,2024-06-02,IN,Organic,Starter,19.0
U14805,2024-06-02,US,Paid Search,Starter,19.0
U10782,2024-06-02,FR,Organic,Pro,49.0
U13467,2024-06-02,UK,Organic,Starter,19.0
U11090,2024-06-02,US,Organic,Enterprise,599.0
U11403,2024-06-02,DE,Paid Search,Starter,19.0
U10670,2024-06-02,US,Paid Search,Pro,49.0
U14682,2024-06-02,AU,Paid Search,Business,199.0
U13658,2024-06-02,UK,Organic,Business,199.0
U11832,2024-06-02,FR,Organic,Pro,49.0
U14757,2024-06-02,US,Paid Search,Pro,49.0
U11972,2024-06-03,AU,Affiliate,Starter,19.0
U11422,2024-06-03,JP,Paid Social,Starter,19.0
U14582,2024-06-03,UK,Paid Search,Enterprise,599.0
U11061,2024-06-03,CA,Organic,Starter,19.0
U10024,2024-06-03,AU,Paid Social,Starter,19.0
U15436,2024-06-04,FR,Paid Search,Pro,49.0
U12550,2024-06-04,US,Organic,Business,199.0
U15534,2024-06-04,IN,Organic,Business,199.0
U10040,2024-06-04,IN,Email,Pro,49.0
U11486,2024-06-05,IN,Organic,Starter,19.0
U14747,2024-06-05,US,Paid Search,Pro,49.0
U15030,2024-06-05,US,Paid Search,Starter,19.0
U10179,2024-06-06,JP,Paid Search,Starter,19.0
U13601,2024-06-06,ES,Email,Pro,49.0
U11487,2024-06-06,US,Paid Search,Pro,49.0
U13631,2024-06-06,US,Organic,Pro,49.0
U10747,2024-06-06,US,Paid Search,Starter,19.0
U13491,2024-06-07,US,Organic,Starter,19.0
U12276,2024-06-07,CA,Paid Search,Starter,19.0
U14844,2024-06-07,JP,Paid Social,Starter,19.0
U11949,2024-06-07,US,Paid Search,Pro,49.0
U10307,2024-06-07,ES,Organic,Pro,49.0
U14022,2024-06-07,US,Paid Search,Enterprise,599.0
U12840,2024-06-08,US,Paid Search,Starter,19.0
U13248,2024-06-08,US,Organic,Starter,19.0
U10977,2024-06-08,BR,Organic,Business,199.0
U15119,2024-06-08,US,Paid Search,Business,199.0
U15177,2024-06-08,BR,Organic,Starter,19.0
U11295,2024-06-08,CA,Organic,Starter,19.0
U14546,2024-06-08,ES,Paid Social,Starter,19.0
U11468,2024-06-09,DE,Organic,Business,199.0
U15031,2024-06-09,ES,Organic,Starter,19.0
U11499,2024-06-09,FR,Organic,Pro,49.0
U12385,2024-06-09,CA,Email,Business,199.0
U11148,2024-06-09,US,Paid Social,Business,199.0
U11557,2024-06-10,ES,Affiliate,Business,199.0
U11858,2024-06-10,US,Organic,Starter,19.0
U12546,2024-06-10,JP,Paid Social,Pro,49.0
U14178,2024-06-10,US,Paid Search,Pro,49.0
U14137,2024-06-10,US,Paid Social,Pro,49.0
U10250,2024-06-10,AU,Organic,Starter,19.0
U11644,2024-06-10,BR,Paid Social,Starter,19.0
U13896,2024-06-11,ES,Email,Starter,19.0
U11058,2024-06-11,DE,Organic,Starter,19.0
U10906,2024-06-11,DE,Paid Social,Starter,19.0
U13597,2024-06-11,DE,Organic,Business,199.0
U12630,2024-06-11,ES,Email,Pro,49.0
U10183,2024-06-11,AU,Paid Search,Pro,49.0
U12667,2024-06-12,US,Organic,Enterprise,599.0
U10283,2024-06-12,US,Paid Social,Pro,49.0
U10432,2024-06-12,AU,Organic,Pro,49.0
U10087,2024-06-12,DE,Referral,Pro,49.0
U10830,2024-06-13,AU,Paid Search,Starter,19.0
U14054,2024-06-13,IN,Organic,Pro,49.0
U11284,2024-06-13,BR,Organic,Starter,19.0
U12170,2024-06-13,CA,Organic,Enterprise,599.0
U10015,2024-06-13,US,Organic,Starter,19.0
U13573,2024-06-13,US,Referral,Starter,19.0
U11014,2024-06-13,UK,Organic,Starter,19.0
U11970,2024-06-13,IN,Referral,Starter,19.0
U15568,2024-06-13,CA,Referral,Pro,49.0
U13603,2024-06-13,US,Paid Search,Starter,19.0
U11615,2024-06-14,US,Paid Search,Starter,19.0
U13232,2024-06-14,US,Paid Social,Pro,49.0
U10756,2024-06-14,DE,Paid Search,Pro,49.0
U11030,2024-06-14,CA,Affiliate,Starter,19.0
U11357,2024-06-14,US,Organic,Starter,19.0
U14490,2024-06-15,US,Paid Search,Starter,19.0
U10675,2024-06-15,CA,Referral,Enterprise,599.0
U13200,2024-06-15,FR,Paid Social,Starter,19.0
U11930,2024-06-16,AU,Paid Search,Starter,19.0
U10615,2024-06-16,US,Organic,Pro,49.0
U11126,2024-06-16,US,Paid Search,Starter,19.0
U15259,2024-06-16,US,Paid Search,Starter,19.0
U13902,2024-06-17,CA,Email,Starter,19.0
U14634,2024-06-17,FR,Referral,Business,199.0
U14192,2024-06-17,BR,Affiliate,Starter,19.0
U13344,2024-06-17,US,Paid Search,Starter,19.0
U14648,2024-06-17,ES,Referral,Starter,19.0
U11924,2024-06-18,BR,Referral,Starter,19.0
U10916,2024-06-18,US,Referral,Business,199.0
U14577,2024-06-18,FR,Paid Social,Starter,19.0
U12514,2024-06-18,FR,Organic,Business,199.0
U15451,2024-06-18,US,Paid Social,Starter,19.0
U10011,2024-06-18,FR,Paid Social,Starter,19.0
U14408,2024-06-18,UK,Paid Social,Starter,19.0
U12568,2024-06-18,FR,Email,Pro,49.0
U15537,2024-06-19,AU,Paid Social,Pro,49.0
U12370,2024-06-19,US,Organic,Business,199.0
U14465,2024-06-19,US,Referral,Starter,19.0
U14223,2024-06-19,UK,Organic,Pro,49.0
U12619,2024-06-19,BR,Organic,Enterprise,599.0
U10804,2024-06-19,UK,Referral,Enterprise,599.0
U12879,2024-06-19,US,Paid Search,Starter,19.0
U14328,2024-06-19,UK,Organic,Starter,19.0
U11976,2024-06-20,FR,Email,Starter,19.0
U14369,2024-06-20,FR,Referral,Starter,19.0
U14478,2024-06-20,CA,Referral,Starter,19.0
U10960,2024-06-20,ES,Email,Starter,19.0
U14195,2024-06-20,AU,Paid Search,Pro,49.0
U10042,2024-06-20,JP,Paid Social,Starter,19.0
U10829,2024-06-20,UK,Affiliate,Starter,19.0
U11112,2024-06-20,UK,Paid Search,Starter,19.0
U12708,2024-06-20,AU,Referral,Business,199.0
U13669,2024-06-20,FR,Organic,Pro,49.0
U10349,2024-06-21,IN,Paid Social,Starter,19.0
U10542,2024-06-21,US,Paid Search,Starter,19.0
U12425,2024-06-21,CA,Organic,Starter,19.0
U12699,2024-06-21,BR,Organic,Business,199.0
U12184,2024-06-21,ES,Paid Search,Pro,49.0
U10751,2024-06-21,US,Email,Starter,19.0
U15047,2024-06-21,JP,Organic,Business,199.0
U11627,2024-06-22,JP,Paid Search,Business,199.0
U15393,2024-06-22,US,Paid Search,Pro,49.0
U12927,2024-06-22,US,Email,Starter,19.0
U14067,2024-06-22,UK,Paid Social,Business,199.0
U14099,2024-06-22,FR,Organic,Starter,19.0
U10480,2024-06-22,CA,Paid Search,Starter,19.0
U11745,2024-06-22,US,Organic,Starter,19.0
U11017,2024-06-23,CA,Paid Social,Starter,19.0
U15337,2024-06-23,ES,Paid Search,Business,199.0
U12035,2024-06-23,IN,Email,Starter,19.0
U10103,2024-06-23,DE,Referral,Pro,49.0
U10425,2024-06-23,US,Organic,Starter,19.0
U13454,2024-06-23,DE,Paid Search,Pro,49.0
U10672,2024-06-23,FR,Paid Social,Pro,49.0
U15350,2024-06-23,US,Paid Social,Starter,19.0
U11773,2024-06-24,US,Paid Search,Pro,49.0
U13268,2024-06-24,UK,Referral,Starter,19.0
U12613,2024-06-24,BR,Organic,Pro,49.0
U12685,2024-06-24,BR,Email,Business,199.0
U10691,2024-06-24,CA,Organic,Pro,49.0
U15064,2024-06-24,UK,Email,Starter,19.0
U14417,2024-06-24,US,Organic,Pro,49.0
U11518,2024-06-25,FR,Referral,Starter,19.0
U14014,2024-06-25,US,Referral,Business,199.0
U14597,2024-06-25,DE,Affiliate,Starter,19.0
U14304,2024-06-25,CA,Paid Social,Pro,49.0
U12456,2024-06-25,US,Organic,Starter,19.0
U14070,2024-06-25,US,Organic,Starter,19.0
U13830,2024-06-25,UK,Organic,Pro,49.0
U10745,2024-06-25,UK,Paid Search,Starter,19.0
U11705,2024-06-25,ES,Organic,Pro,49.0
U10743,2024-06-25,US,Organic,Pro,49.0
U12620,2024-06-26,UK,Organic,Pro,49.0
U14949,2024-06-26,DE,Paid Social,Business,199.0
U15179,2024-06-26,JP,Paid Search,Starter,19.0
U11977,2024-06-26,IN,Paid Social,Starter,19.0
U10582,2024-06-26,US,Paid Search,Business,199.0
U13187,2024-06-26,BR,Paid Search,Starter,19.0
U10334,2024-06-26,US,Paid Search,Business,199.0
U14923,2024-06-26,US,Referral,Starter,19.0
U11508,2024-06-26,AU,Email,Starter,19.0
U10058,2024-06-27,AU,Organic,Business,199.0
U11029,2024-06-27,ES,Affiliate,Business,199.0
U12782,2024-06-28,AU,Email,Starter,19.0
U14548,2024-06-28,FR,Affiliate,Pro,49.0
U13009,2024-06-28,US,Paid Social,Starter,19.0
U10852,2024-06-28,FR,Paid Search,Pro,49.0
U11650,2024-06-28,ES,Paid Search,Starter,19.0
U10469,2024-06-28,UK,Paid Search,Enterprise,599.0
U10381,2024-06-28,DE,Email,Starter,19.0
U14828,2024-06-29,FR,Paid Search,Business,199.0
U12032,2024-06-29,US,Paid Social,Business,199.0
U15059,2024-06-29,DE,Organic,Starter,19.0
U12209,2024-06-29,ES,Organic,Business,199.0
U12533,2024-06-29,IN,Email,Business,199.0
U10219,2024-06-29,FR,Paid Social,Starter,19.0
U11409,2024-06-29,US,Organic,Business,199.0
U12574,2024-06-30,US,Paid Social,Starter,19.0
U11176,2024-06-30,US,Paid Search,Pro,49.0
U14493,2024-06-30,BR,Paid Search,Starter,19.0
U13428,2024-06-30,IN,Paid Search,Starter,19.0
U14838,2024-06-30,IN,Email,Starter,19.0
U10706,2024-06-30,BR,Referral,Starter,19.0
U10412,2024-06-30,BR,Paid Search,Starter,19.0
U14425,2024-06-30,ES,Paid Search,Enterprise,599.0
U13195,2024-06-30,US,Referral,Starter,19.0
U11693,2024-07-01,US,Paid Search,Starter,19.0
U13954,2024-07-01,ES,Referral,Pro,49.0
U10005,2024-07-01,FR,Referral,Business,199.0
U14693,2024-07-01,JP,Organic,Starter,19.0
U13273,2024-07-01,DE,Paid Search,Pro,49.0
U12227,2024-07-01,ES,Paid Search,Business,199.0
U10945,2024-07-01,CA,Paid Search,Starter,19.0
U10585,2024-07-01,US,Organic,Enterprise,599.0
U13414,2024-07-01,US,Paid Search,Pro,49.0
U15152,2024-07-01,US,Paid Search,Starter,19.0
U13548,2024-07-01,JP,Paid Search,Starter,19.0
U11349,2024-07-02,IN,Referral,Starter,19.0
U12518,2024-07-02,US,Organic,Starter,19.0
U13628,2024-07-02,US,Referral,Starter,19.0
U13785,2024-07-02,CA,Email,Pro,49.0
U15572,2024-07-02,US,Paid Search,Enterprise,599.0
U13875,2024-07-02,JP,Paid Search,Business,199.0
U13045,2024-07-02,AU,Organic,Pro,49.0
U14854,2024-07-02,US,Paid Search,Business,199.0
U12581,2024-07-02,DE,Paid Search,Pro,49.0
U14237,2024-07-03,CA,Paid Search,Enterprise,599.0
U13282,2024-07-03,CA,Referral,Starter,19.0
U10666,2024-07-03,US,Paid Search,Enterprise,599.0
U13407,2024-07-03,AU,Organic,Pro,49.0
U14926,2024-07-03,US,Email,Pro,49.0
U13473,2024-07-03,IN,Organic,Starter,19.0
U11656,2024-07-03,FR,Organic,Pro,49.0
U12958,2024-07-03,US,Referral,Starter,19.0
U14972,2024-07-03,DE,Organic,Pro,49.0
U12488,2024-07-03,US,Paid Search,Enterprise,599.0
U14235,2024-07-04,ES,Affiliate,Pro,49.0
U14036,2024-07-04,DE,Paid Social,Starter,19.0
U12672,2024-07-05,US,Paid Search,Pro,49.0
U11138,2024-07-05,US,Referral,Pro,49.0
U14287,2024-07-05,US,Affiliate,Enterprise,599.0
U10597,2024-07-05,US,Organic,Starter,19.0
U12556,2024-07-06,CA,Affiliate,Enterprise,599.0
U11259,2024-07-06,FR,Paid Social,Pro,49.0
U12390,2024-07-07,US,Affiliate,Business,199.0
U11304,2024-07-08,CA,Organic,Enterprise,599.0
U13864,2024-07-08,US,Paid Social,Pro,49.0
U13860,2024-07-08,US,Paid Social,Pro,49.0
U14696,2024-07-08,BR,Affiliate,Business,199.0
U12381,2024-07-08,ES,Paid Social,Business,199.0
U14943,2024-07-08,CA,Paid Social,Pro,49.0
U11892,2024-07-08,UK,Paid Social,Starter,19.0
U10251,2024-07-08,AU,Affiliate,Starter,19.0
U13097,2024-07-09,JP,Paid Search,Business,199.0
U13363,2024-07-09,FR,Paid Search,Starter,19.0
U13611,2024-07-09,CA,Organic,Starter,19.0
U12060,2024-07-09,JP,Organic,Starter,19.0
U13006,2024-07-09,US,Paid Search,Pro,49.0
U12366,2024-07-09,UK,Paid Search,Starter,19.0
U13057,2024-07-09,DE,Organic,Starter,19.0
U10274,2024-07-09,BR,Email,Starter,19.0
U10409,2024-07-10,US,Paid Search,Business,199.0
U12475,2024-07-10,BR,Email,Pro,49.0
U13223,2024-07-10,US,Organic,Starter,19.0
U11726,2024-07-10,JP,Paid Social,Business,199.0
U15012,2024-07-10,AU,Paid Social,Business,199.0
U10322,2024-07-10,DE,Paid Social,Starter,19.0
U11737,2024-07-11,US,Paid Social,Starter,19.0
U14064,2024-07-11,UK,Organic,Starter,19.0
U10529,2024-07-11,US,Email,Pro,49.0
U13817,2024-07-11,DE,Paid Social,Enterprise,599.0
U12200,2024-07-11,US,Paid Social,Starter,19.0
U13805,2024-07-11,US,Paid Search,Starter,19.0
U13299,2024-07-12,US,Organic,Starter,19.0
U14271,2024-07-12,BR,Organic,Starter,19.0
U12784,2024-07-12,US,Email,Pro,49.0
U14967,2024-07-12,US,Paid Search,Pro,49.0
U10447,2024-07-12,US,Paid Search,Starter,19.0
U13340,2024-07-12,UK,Paid Social,Starter,19.0
U13797,2024-07-12,CA,Paid Search,Business,199.0
U15131,2024-07-12,FR,Paid Search,Starter,19.0
U10377,2024-07-12,FR,Organic,Starter,19.0
U11019,2024-07-12,CA,Paid Search,Starter,19.0
U13880,2024-07-12,AU,Referral,Starter,19.0
U12745,2024-07-13,UK,Referral,Pro,49.0
U10601,2024-07-13,JP,Paid Social,Pro,49.0
U13820,2024-07-13,JP,Organic,Enterprise,599.0
U10404,2024-07-13,UK,Paid Search,Business,199.0
U14617,2024-07-13,US,Paid Search,Pro,49.0
U14520,2024-07-13,DE,Referral,Starter,19.0
U13498,2024-07-13,UK,Paid Search,Starter,19.0
U12911,2024-07-13,UK,Organic,Business,199.0
U10693,2024-07-13,FR,Organic,Starter,19.0
U13480,2024-07-13,DE,Paid Search,Pro,49.0
U10461,2024-07-13,FR,Paid Social,Business,199.0
U10115,2024-07-14,IN,Organic,Pro,49.0
U10114,2024-07-14,IN,Email,Starter,19.0
U10032,2024-07-14,US,Paid Social,Pro,49.0
U13330,2024-07-14,ES,Organic,Starter,19.0
U13989,2024-07-14,BR,Organic,Starter,19.0
U13723,2024-07-14,JP,Organic,Business,199.0
U15266,2024-07-14,FR,Organic,Starter,19.0
U12936,2024-07-14,AU,Referral,Starter,19.0
U14858,2024-07-15,FR,Paid Social,Starter,19.0
U14788,2024-07-15,BR,Organic,Enterprise,599.0
U12134,2024-07-15,ES,Affiliate,Pro,49.0
U14253,2024-07-15,BR,Referral,Starter,19.0
U10502,2024-07-15,US,Paid Search,Pro,49.0
U12640,2024-07-15,US,Email,Pro,49.0
U12600,2024-07-15,DE,Paid Search,Starter,19.0
U15199,2024-07-15,AU,Organic,Starter,19.0
U12275,2024-07-16,US,Email,Starter,19.0
U13116,2024-07-16,US,Referral,Pro,49.0
U10911,2024-07-16,JP,Paid Social,Pro,49.0
U11141,2024-07-16,US,Paid Social,Starter,19.0
U13286,2024-07-16,US,Organic,Business,199.0
U10066,2024-07-16,ES,Referral,Starter,19.0
U12480,2024-07-16,UK,Paid Search,Starter,19.0
U10181,2024-07-16,ES,Organic,Pro,49.0
U12372,2024-07-16,US,Organic,Business,199.0
U10182,2024-07-16,UK,Paid Search,Starter,19.0
U14409,2024-07-16,US,Paid Social,Pro,49.0
U10816,2024-07-17,CA,Organic,Enterprise,599.0
U12345,2024-07-17,US,Referral,Pro,49.0
U15032,2024-07-17,BR,Paid Search,Starter,19.0
U15343,2024-07-17,IN,Email,Starter,19.0
U15449,2024-07-18,UK,Organic,Starter,19.0
U15040,2024-07-18,UK,Organic,Pro,49.0
U11037,2024-07-18,US,Organic,Pro,49.0
U13930,2024-07-18,US,Affiliate,Pro,49.0
U14879,2024-07-18,JP,Paid Search,Pro,49.0
U12274,2024-07-18,JP,Organic,Pro,49.0
U14814,2024-07-19,UK,Affiliate,Business,199.0
U14042,2024-07-19,US,Paid Social,Enterprise,599.0
U15023,2024-07-19,IN,Referral,Business,199.0
U10587,2024-07-19,JP,Email,Business,199.0
U11469,2024-07-20,AU,Affiliate,Starter,19.0
U15444,2024-07-20,DE,Paid Social,Starter,19.0
U13091,2024-07-20,CA,Email,Starter,19.0
U13167,2024-07-20,BR,Paid Search,Starter,19.0
U12561,2024-07-20,BR,Paid Social,Pro,49.0
U12249,2024-07-20,IN,Paid Search,Business,199.0
U12955,2024-07-20,AU,Paid Search,Business,199.0
U14684,2024-07-20,ES,Paid Search,Pro,49.0
U12133,2024-07-21,US,Referral,Pro,49.0
U11114,2024-07-21,IN,Referral,Starter,19.0
U13382,2024-07-21,AU,Paid Social,Business,199.0
U13431,2024-07-21,US,Paid Social,Starter,19.0
U12758,2024-07-21,DE,Paid Search,Pro,49.0
U14655,2024-07-21,US,Paid Search,Enterprise,599.0
U10875,2024-07-21,AU,Referral,Starter,19.0
U11302,2024-07-21,UK,Organic,Business,199.0
U12705,2024-07-21,UK,Organic,Starter,19.0
U11994,2024-07-21,FR,Paid Search,Pro,49.0
U12871,2024-07-21,AU,Paid Search,Pro,49.0
U15073,2024-07-21,DE,Paid Social,Pro,49.0
U12418,2024-07-22,IN,Organic,Pro,49.0
U12424,2024-07-22,US,Paid Social,Pro,49.0
U12555,2024-07-22,ES,Email,Business,199.0
U12106,2024-07-22,AU,Email,Pro,49.0
U12801,2024-07-22,ES,Paid Search,Starter,19.0
U14725,2024-07-22,FR,Paid Search,Starter,19.0
U12187,2024-07-23,UK,Paid Social,Pro,49.0
U12089,2024-07-23,US,Organic,Business,199.0
U15400,2024-07-23,IN,Paid Search,Starter,19.0
U12033,2024-07-23,US,Organic,Business,199.0
U10390,2024-07-23,BR,Referral,Starter,19.0
U14535,2024-07-23,AU,Organic,Starter,19.0
U10851,2024-07-24,CA,Email,Starter,19.0
U10319,2024-07-24,US,Paid Search,Starter,19.0
U15323,2024-07-24,US,Organic,Business,199.0
U15368,2024-07-24,JP,Paid Social,Starter,19.0
U13560,2024-07-24,UK,Paid Search,Pro,49.0
U14188,2024-07-25,IN,Referral,Starter,19.0
U10958,2024-07-25,US,Organic,Pro,49.0
U10414,2024-07-25,IN,Paid Social,Starter,19.0
U10727,2024-07-25,AU,Referral,Pro,49.0
U15414,2024-07-25,UK,Affiliate,Starter,19.0
U13632,2024-07-25,IN,Organic,Pro,49.0
U12238,2024-07-25,JP,Organic,Starter,19.0
U10497,2024-07-25,DE,Paid Social,Starter,19.0
U10578,2024-07-25,FR,Organic,Starter,19.0
U15423,2024-07-26,US,Affiliate,Pro,49.0
U12932,2024-07-26,CA,Affiliate,Starter,19.0
U13170,2024-07-26,BR,Paid Social,Business,199.0
U11381,2024-07-26,CA,Email,Starter,19.0
U13583,2024-07-27,CA,Referral,Pro,49.0
U15344,2024-07-27,JP,Paid Search,Starter,19.0
U14356,2024-07-27,UK,Referral,Business,199.0
U12971,2024-07-27,IN,Paid Search,Pro,49.0
U11579,2024-07-27,DE,Email,Enterprise,599.0
U12610,2024-07-27,DE,Organic,Starter,19.0
U10305,2024-07-28,US,Paid Search,Starter,19.0
U12182,2024-07-28,IN,Email,Pro,49.0
U12966,2024-07-28,US,Paid Search,Starter,19.0
U12193,2024-07-28,BR,Paid Search,Starter,19.0
U15474,2024-07-28,US,Paid Search,Pro,49.0
U11077,2024-07-28,BR,Organic,Pro,49.0
U11788,2024-07-28,US,Paid Search,Starter,19.0
U12750,2024-07-29,BR,Paid Search,Pro,49.0
U11207,2024-07-29,IN,Organic,Starter,19.0
U10702,2024-07-29,BR,Email,Starter,19.0
U10773,2024-07-29,AU,Paid Search,Starter,19.0
U13486,2024-07-29,US,Paid Social,Starter,19.0
U13972,2024-07-30,DE,Paid Search,Business,199.0
U10942,2024-07-30,CA,Organic,Business,199.0
U12442,2024-07-30,FR,Paid Search,Business,199.0
U11391,2024-07-30,DE,Organic,Starter,19.0
U13334,2024-07-31,US,Paid Search,Enterprise,599.0
U13605,2024-07-31,US,Affiliate,Starter,19.0
U14902,2024-07-31,UK,Organic,Pro,49.0
U10703,2024-07-31,ES,Organic,Starter,19.0
U13577,2024-07-31,US,Paid Search,Starter,19.0
U14539,2024-07-31,BR,Paid Search,Starter,19.0
U15530,2024-07-31,US,Paid Social,Business,199.0
U10532,2024-07-31,BR,Paid Social,Starter,19.0
U13052,2024-07-31,ES,Organic,Business,199.0
U14330,2024-08-01,IN,Paid Search,Pro,49.0
U12881,2024-08-01,US,Affiliate,Starter,19.0
U15222,2024-08-01,CA,Organic,Pro,49.0
U11448,2024-08-01,UK,Affiliate,Pro,49.0
U10939,2024-08-01,UK,Email,Starter,19.0
U13990,2024-08-01,US,Organic,Enterprise,599.0
U14449,2024-08-01,CA,Paid Social,Starter,19.0
U14790,2024-08-01,US,Paid Social,Pro,49.0
U12197,2024-08-02,US,Paid Search,Starter,19.0
U10921,2024-08-02,ES,Organic,Pro,49.0
U10330,2024-08-02,UK,Email,Pro,49.0
U14353,2024-08-02,JP,Paid Social,Starter,19.0
U15234,2024-08-02,DE,Email,Pro,49.0
U12979,2024-08-02,CA,Organic,Starter,19.0
U14216,2024-08-02,UK,Affiliate,Pro,49.0
U13890,2024-08-02,BR,Organic,Pro,49.0
U15299,2024-08-03,ES,Paid Search,Starter,19.0
U11497,2024-08-03,US,Paid Search,Enterprise,599.0
U12930,2024-08-03,FR,Email,Starter,19.0
U14723,2024-08-03,UK,Paid Search,Business,199.0
U15213,2024-08-03,JP,Paid Search,Starter,19.0
U14025,2024-08-03,US,Paid Social,Starter,19.0
U13561,2024-08-03,BR,Affiliate,Pro,49.0
U11673,2024-08-03,FR,Organic,Starter,19.0
U14856,2024-08-03,AU,Email,Starter,19.0
U10167,2024-08-03,BR,Referral,Starter,19.0
U12121,2024-08-04,CA,Referral,Starter,19.0
U12125,2024-08-04,US,Paid Search,Starter,19.0
U13848,2024-08-04,JP,Paid Social,Starter,19.0
U12073,2024-08-04,UK,Organic,Pro,49.0
U12152,2024-08-04,IN,Referral,Pro,49.0
U13710,2024-08-04,DE,Paid Social,Starter,19.0
U14797,2024-08-04,DE,Organic,Business,199.0
U13063,2024-08-05,CA,Paid Search,Pro,49.0
U13179,2024-08-05,FR,Affiliate,Starter,19.0
U14138,2024-08-05,FR,Organic,Starter,19.0
U10966,2024-08-05,DE,Organic,Starter,19.0
U12490,2024-08-05,US,Email,Starter,19.0
U11094,2024-08-05,DE,Referral,Business,199.0
U12010,2024-08-05,BR,Paid Social,Starter,19.0
U10737,2024-08-06,CA,Paid Social,Starter,19.0
U11307,2024-08-06,US,Email,Starter,19.0
U10186,2024-08-06,CA,Paid Social,Pro,49.0
U14866,2024-08-06,DE,Paid Search,Starter,19.0
U10202,2024-08-06,AU,Email,Enterprise,599.0
U15005,2024-08-06,CA,Paid Social,Starter,19.0
U12114,2024-08-07,UK,Paid Search,Starter,19.0
U12926,2024-08-07,CA,Organic,Starter,19.0
U12145,2024-08-07,IN,Paid Social,Starter,19.0
U10809,2024-08-07,AU,Paid Social,Starter,19.0
U11787,2024-08-07,US,Organic,Starter,19.0
U10968,2024-08-07,UK,Organic,Starter,19.0
U15485,2024-08-07,CA,Email,Starter,19.0
U14115,2024-08-07,UK,Paid Search,Business,199.0
U10418,2024-08-07,DE,Paid Search,Pro,49.0
U10356,2024-08-07,UK,Organic,Starter,19.0
U13374,2024-08-08,CA,Paid Search,Pro,49.0
U15388,2024-08-08,ES,Paid Search,Starter,19.0
U11326,2024-08-08,FR,Organic,Pro,49.0
U12491,2024-08-08,CA,Affiliate,Enterprise,599.0
U13978,2024-08-08,US,Referral,Business,199.0
U14817,2024-08-08,US,Organic,Starter,19.0
U12292,2024-08-09,BR,Paid Social,Pro,49.0
U11320,2024-08-09,AU,Paid Social,Starter,19.0
U13795,2024-08-09,DE,Paid Social,Starter,19.0
U15310,2024-08-09,UK,Organic,Starter,19.0
U11594,2024-08-09,US,Paid Social,Business,199.0
U11427,2024-08-09,BR,Paid Social,Pro,49.0
U14510,2024-08-10,UK,Paid Social,Starter,19.0
U11135,2024-08-10,FR,Organic,Pro,49.0
U11562,2024-08-10,US,Email,Starter,19.0
U15467,2024-08-10,US,Organic,Starter,19.0
U11837,2024-08-10,BR,Organic,Business,199.0
U12746,2024-08-10,CA,Referral,Pro,49.0
U13387,2024-08-11,IN,Paid Search,Starter,19.0
U13409,2024-08-12,AU,Affiliate,Pro,49.0
U11066,2024-08-12,DE,Referral,Pro,49.0
U10077,2024-08-12,US,Organic,Pro,49.0
U11935,2024-08-12,IN,Paid Social,Business,199.0
U10162,2024-08-13,JP,Organic,Starter,19.0
U15407,2024-08-13,US,Organic,Pro,49.0
U12689,2024-08-13,IN,Affiliate,Business,199.0
U14666,2024-08-13,US,Paid Search,Pro,49.0
U14396,2024-08-13,CA,Email,Starter,19.0
U11354,2024-08-14,US,Paid Social,Business,199.0
U12455,2024-08-14,ES,Organic,Pro,49.0
U13877,2024-08-14,DE,Organic,Pro,49.0
U10552,2024-08-14,CA,Organic,Starter,19.0
U11589,2024-08-14,US,Organic,Starter,19.0
U11257,2024-08-14,US,Referral,Starter,19.0
U13892,2024-08-14,US,Organic,Pro,49.0
U13301,2024-08-14,DE,Paid Search,Pro,49.0
U10008,2024-08-14,UK,Email,Business,199.0
U11524,2024-08-14,ES,Paid Search,Pro,49.0
U12626,2024-08-14,IN,Organic,Pro,49.0
U13391,2024-08-15,US,Paid Social,Pro,49.0
U10453,2024-08-15,ES,Affiliate,Starter,19.0
U10110,2024-08-15,BR,Paid Social,Pro,49.0
U11614,2024-08-15,JP,Email,Starter,19.0
U14491,2024-08-15,FR,Referral,Enterprise,599.0
U13520,2024-08-15,US,Paid Search,Pro,49.0
U12179,2024-08-16,IN,Affiliate,Pro,49.0
U14390,2024-08-16,IN,Paid Search,Starter,19.0
U14731,2024-08-16,BR,Paid Social,Pro,49.0
U12245,2024-08-16,BR,Paid Search,Starter,19.0
U12795,2024-08-16,US,Paid Social,Starter,19.0
U15346,2024-08-16,UK,Organic,Starter,19.0
U14821,2024-08-16,BR,Paid Search,Pro,49.0
U10397,2024-08-17,BR,Organic,Starter,19.0
U14675,2024-08-17,US,Email,Starter,19.0
U14610,2024-08-17,US,Organic,Starter,19.0
U14380,2024-08-17,ES,Paid Search,Business,199.0
U15447,2024-08-17,CA,Email,Pro,49.0
U10142,2024-08-17,IN,Referral,Enterprise,599.0
U14458,2024-08-17,CA,Paid Search,Starter,19.0
U12704,2024-08-18,IN,Paid Search,Business,199.0
U11662,2024-08-18,ES,Email,Starter,19.0
U13558,2024-08-18,JP,Organic,Pro,49.0
U13100,2024-08-18,US,Organic,Pro,49.0
U12443,2024-08-18,FR,Paid Search,Business,199.0
U12931,2024-08-18,ES,Paid Social,Business,199.0
U11820,2024-08-18,US,Paid Social,Starter,19.0
U15011,2024-08-18,IN,Paid Search,Starter,19.0
U15014,2024-08-18,US,Organic,Pro,49.0
U14208,2024-08-18,IN,Paid Social,Business,199.0
U11465,2024-08-18,US,Email,Business,199.0
U13734,2024-08-18,DE,Paid Social,Starter,19.0
U13536,2024-08-18,US,Paid Search,Business,199.0
U10280,2024-08-19,UK,Paid Social,Pro,49.0
U10222,2024-08-19,AU,Referral,Starter,19.0
U15575,2024-08-19,IN,Paid Search,Starter,19.0
U11063,2024-08-19,US,Organic,Business,199.0
U14089,2024-08-19,US,Paid Social,Starter,19.0
U11428,2024-08-19,US,Paid Search,Business,199.0
U13742,2024-08-19,US,Organic,Pro,49.0
U15293,2024-08-19,US,Email,Pro,49.0
U14343,2024-08-20,AU,Paid Social,Starter,19.0
U14017,2024-08-20,AU,Paid Search,Pro,49.0
U11321,2024-08-20,JP,Organic,Pro,49.0
U12850,2024-08-20,IN,Affiliate,Pro,49.0
U13380,2024-08-20,BR,Paid Search,Pro,49.0
U12280,2024-08-20,JP,Organic,Pro,49.0
U14473,2024-08-20,US,Referral,Starter,19.0
U10662,2024-08-20,FR,Email,Starter,19.0
U13056,2024-08-20,US,Organic,Starter,19.0
U10062,2024-08-21,US,Organic,Starter,19.0
U13472,2024-08-21,DE,Paid Search,Starter,19.0
U14761,2024-08-21,US,Referral,Pro,49.0
U12714,2024-08-21,DE,Paid Social,Pro,49.0
U12713,2024-08-21,IN,Paid Search,Enterprise,599.0
U11626,2024-08-21,US,Paid Social,Starter,19.0
U15096,2024-08-21,US,Paid Search,Pro,49.0
U12511,2024-08-21,CA,Paid Search,Pro,49.0
U15282,2024-08-22,DE,Paid Search,Starter,19.0
U13104,2024-08-22,US,Organic,Starter,19.0
U12223,2024-08-22,FR,Organic,Starter,19.0
U14966,2024-08-22,UK,Paid Social,Business,199.0
U10579,2024-08-22,DE,Organic,Pro,49.0
U10688,2024-08-22,CA,Paid Social,Starter,19.0
U12908,2024-08-22,IN,Organic,Pro,49.0
U14334,2024-08-22,US,Paid Search,Business,199.0
U13715,2024-08-23,DE,Organic,Starter,19.0
U12731,2024-08-23,US,Organic,Starter,19.0
U13700,2024-08-23,UK,Organic,Pro,49.0
U15006,2024-08-23,CA,Paid Search,Pro,49.0
U14405,2024-08-23,US,Paid Search,Starter,19.0
U11377,2024-08-23,UK,Organic,Starter,19.0
U13503,2024-08-23,BR,Paid Search,Starter,19.0
U15052,2024-08-23,UK,Email,Business,199.0
U10053,2024-08-23,JP,Paid Search,Starter,19.0
U13440,2024-08-23,UK,Affiliate,Starter,19.0
U14005,2024-08-23,FR,Paid Search,Starter,19.0
U10372,2024-08-23,UK,Organic,Starter,19.0
U11228,2024-08-23,BR,Organic,Starter,19.0
U12387,2024-08-23,IN,Paid Search,Pro,49.0
U11013,2024-08-24,BR,Referral,Starter,19.0
U10337,2024-08-24,CA,Organic,Business,199.0
U13933,2024-08-24,US,Organic,Pro,49.0
U14980,2024-08-25,AU,Organic,Pro,49.0
U11778,2024-08-25,US,Paid Search,Starter,19.0
U14916,2024-08-25,AU,Paid Search,Starter,19.0
U12128,2024-08-25,JP,Paid Search,Starter,19.0
U15482,2024-08-25,JP,Organic,Starter,19.0
U12057,2024-08-25,FR,Paid Search,Starter,19.0
U15262,2024-08-25,ES,Paid Search,Pro,49.0
U10417,2024-08-25,AU,Paid Social,Pro,49.0
U14381,2024-08-25,US,Organic,Starter,19.0
U10129,2024-08-26,US,Organic,Pro,49.0
U13733,2024-08-26,UK,Organic,Pro,49.0
U14744,2024-08-26,UK,Organic,Enterprise,599.0
U15492,2024-08-26,US,Paid Search,Starter,19.0
U15067,2024-08-26,DE,Organic,Starter,19.0
U13563,2024-08-26,UK,Paid Social,Starter,19.0
U12952,2024-08-26,CA,Referral,Business,199.0
U10959,2024-08-26,FR,Organic,Starter,19.0
U14187,2024-08-26,FR,Organic,Business,199.0
U10730,2024-08-26,JP,Email,Business,199.0
U12175,2024-08-27,US,Organic,Enterprise,599.0
U11515,2024-08-27,FR,Organic,Pro,49.0
U11666,2024-08-27,US,Paid Search,Business,199.0
U14416,2024-08-27,CA,Referral,Business,199.0
U13157,2024-08-27,FR,Email,Business,199.0
U13551,2024-08-27,US,Organic,Pro,49.0
U10767,2024-08-27,US,Paid Social,Pro,49.0
U12764,2024-08-27,US,Organic,Starter,19.0
U12451,2024-08-27,US,Referral,Business,199.0
U11816,2024-08-27,US,Referral,Starter,19.0
U14978,2024-08-28,US,Paid Search,Starter,19.0
U13304,2024-08-28,FR,Organic,Pro,49.0
U13662,2024-08-28,UK,Organic,Starter,19.0
U10847,2024-08-28,FR,Paid Search,Starter,19.0
U12999,2024-08-28,US,Affiliate,Business,199.0
U11640,2024-08-28,BR,Paid Social,Pro,49.0
U13768,2024-08-28,US,Organic,Pro,49.0
U14400,2024-08-28,ES,Referral,Pro,49.0
U11639,2024-08-29,DE,Organic,Pro,49.0
U11095,2024-08-29,ES,Referral,Starter,19.0
U12188,2024-08-29,AU,Organic,Starter,19.0
U14146,2024-08-29,FR,Paid Social,Pro,49.0
U12109,2024-08-29,FR,Email,Starter,19.0
U14315,2024-08-29,ES,Organic,Starter,19.0
U14714,2024-08-29,CA,Paid Search,Starter,19.0
U15450,2024-08-30,UK,Referral,Pro,49.0
U13359,2024-08-30,JP,Paid Social,Starter,19.0
U15255,2024-08-30,IN,Paid Social,Starter,19.0
U15404,2024-08-30,US,Organic,Starter,19.0
U14226,2024-08-30,AU,Paid Search,Business,199.0
U11869,2024-08-30,BR,Email,Pro,49.0
U10438,2024-08-30,US,Paid Social,Pro,49.0
U12786,2024-08-30,CA,Organic,Starter,19.0
U11708,2024-08-30,FR,Organic,Starter,19.0
U10726,2024-08-31,US,Email,Starter,19.0
U14749,2024-08-31,IN,Paid Search,Starter,19.0
U11419,2024-08-31,IN,Paid Social,Starter,19.0
U11714,2024-08-31,DE,Affiliate,Starter,19.0
U10519,2024-08-31,US,Paid Social,Pro,49.0
U10281,2024-08-31,FR,Paid Social,Enterprise,599.0
U11598,2024-08-31,FR,Organic,Starter,19.0
U12127,2024-08-31,CA,Paid Social,Business,199.0
U11247,2024-09-01,US,Organic,Pro,49.0
U11752,2024-09-01,AU,Paid Search,Pro,49.0
U12368,2024-09-01,CA,Organic,Starter,19.0
U10764,2024-09-01,UK,Paid Search,Pro,49.0
U13326,2024-09-01,US,Paid Search,Starter,19.0
U14506,2024-09-02,US,Paid Search,Starter,19.0
U12865,2024-09-02,CA,Paid Social,Starter,19.0
U13445,2024-09-02,US,Affiliate,Starter,19.0
U12448,2024-09-02,US,Referral,Business,199.0
U13336,2024-09-02,BR,Paid Search,Pro,49.0
U10952,2024-09-02,CA,Email,Starter,19.0
U11289,2024-09-02,US,Paid Search,Pro,49.0
U11153,2024-09-03,IN,Email,Starter,19.0
U14909,2024-09-03,US,Paid Search,Starter,19.0
U11602,2024-09-03,JP,Paid Search,Business,199.0
U13535,2024-09-03,US,Organic,Pro,49.0
U12493,2024-09-03,US,Organic,Business,199.0
U14322,2024-09-03,FR,Paid Social,Starter,19.0
U11903,2024-09-03,US,Paid Search,Pro,49.0
U14139,2024-09-04,US,Paid Search,Starter,19.0
U12516,2024-09-04,AU,Organic,Pro,49.0
U14536,2024-09-04,UK,Organic,Starter,19.0
U10358,2024-09-04,US,Paid Search,Starter,19.0
U11350,2024-09-04,BR,Paid Social,Starter,19.0
U13977,2024-09-04,US,Paid Social,Pro,49.0
U11707,2024-09-05,DE,Paid Search,Starter,19.0
U11896,2024-09-05,FR,Organic,Starter,19.0
U10835,2024-09-05,US,Organic,Pro,49.0
U12775,2024-09-05,IN,Paid Search,Pro,49.0
U15564,2024-09-06,DE,Organic,Starter,19.0
U11568,2024-09-06,US,Email,Enterprise,599.0
U15100,2024-09-06,CA,Organic,Starter,19.0
U13150,2024-09-06,BR,Paid Search,Enterprise,599.0
U13081,2024-09-06,US,Organic,Starter,19.0
U15532,2024-09-07,JP,Email,Pro,49.0
U10369,2024-09-07,US,Referral,Business,199.0
U10273,2024-09-07,UK,Organic,Starter,19.0
U10866,2024-09-07,US,Referral,Pro,49.0
U14128,2024-09-07,DE,Organic,Pro,49.0
U13644,2024-09-07,US,Organic,Starter,19.0
U15499,2024-09-07,US,Organic,Pro,49.0
U14052,2024-09-07,JP,Organic,Starter,19.0
U10699,2024-09-08,ES,Affiliate,Business,199.0
U11322,2024-09-08,JP,Referral,Business,199.0
U10215,2024-09-08,US,Email,Pro,49.0
U12236,2024-09-08,ES,Paid Search,Starter,19.0
U14034,2024-09-08,US,Paid Social,Business,199.0
U12590,2024-09-08,DE,Paid Search,Pro,49.0
U13010,2024-09-08,CA,Organic,Business,199.0
U14361,2024-09-08,BR,Referral,Starter,19.0
U13985,2024-09-08,AU,Organic,Starter,19.0
U10437,2024-09-08,DE,Paid Social,Pro,49.0
U15468,2024-09-08,UK,Paid Search,Pro,49.0
U13292,2024-09-09,BR,Paid Social,Pro,49.0
U11772,2024-09-09,IN,Affiliate,Pro,49.0
U14867,2024-09-09,US,Paid Social,Pro,49.0
U10003,2024-09-09,ES,Affiliate,Starter,19.0
U11254,2024-09-09,US,Organic,Enterprise,599.0
U11496,2024-09-09,CA,Referral,Business,199.0
U12654,2024-09-09,DE,Organic,Starter,19.0
U12766,2024-09-09,US,Organic,Pro,49.0
U12723,2024-09-09,US,Organic,Starter,19.0
U13411,2024-09-10,US,Paid Search,Starter,19.0
U11533,2024-09-10,BR,Paid Search,Starter,19.0
U15077,2024-09-10,UK,Paid Social,Starter,19.0
U13343,2024-09-11,FR,Affiliate,Starter,19.0
U13610,2024-09-11,US,Email,Starter,19.0
U14182,2024-09-11,US,Email,Starter,19.0
U14463,2024-09-11,US,Organic,Business,199.0
U10214,2024-09-11,UK,Affiliate,Pro,49.0
U13376,2024-09-11,ES,Paid Search,Enterprise,599.0
U13865,2024-09-12,US,Organic,Pro,49.0
U11706,2024-09-12,UK,Referral,Pro,49.0
U13802,2024-09-12,AU,Paid Search,Starter,19.0
U13114,2024-09-12,CA,Paid Social,Business,199.0
U13109,2024-09-12,UK,Paid Search,Starter,19.0
U12470,2024-09-12,IN,Referral,Starter,19.0
U15441,2024-09-12,AU,Paid Search,Business,199.0
U15089,2024-09-13,IN,Affiliate,Pro,49.0
U14609,2024-09-13,FR,Organic,Business,199.0
U12343,2024-09-13,CA,Organic,Business,199.0
U13103,2024-09-13,IN,Affiliate,Pro,49.0
U15521,2024-09-13,ES,Referral,Starter,19.0
U12485,2024-09-13,AU,Affiliate,Pro,49.0
U10318,2024-09-13,US,Email,Starter,19.0
U13064,2024-09-13,FR,Referral,Starter,19.0
U12828,2024-09-13,UK,Paid Search,Starter,19.0
U13289,2024-09-14,IN,Referral,Pro,49.0
U11808,2024-09-14,ES,Paid Social,Pro,49.0
U14073,2024-09-14,FR,Organic,Starter,19.0
U14072,2024-09-14,US,Affiliate,Starter,19.0
U13072,2024-09-14,US,Paid Search,Pro,49.0
U10798,2024-09-14,ES,Paid Social,Enterprise,599.0
U12838,2024-09-15,DE,Paid Search,Business,199.0
U14293,2024-09-15,US,Organic,Pro,49.0
U11265,2024-09-15,JP,Paid Search,Pro,49.0
U11819,2024-09-15,IN,Email,Starter,19.0
U13987,2024-09-15,US,Organic,Pro,49.0
U11437,2024-09-16,DE,Paid Social,Starter,19.0
U12454,2024-09-16,US,Paid Social,Pro,49.0
U14687,2024-09-16,US,Paid Search,Pro,49.0
U10401,2024-09-16,AU,Paid Search,Starter,19.0
U10118,2024-09-16,US,Organic,Starter,19.0
U12804,2024-09-17,UK,Paid Search,Starter,19.0
U11619,2024-09-17,US,Organic,Starter,19.0
U13507,2024-09-17,JP,Organic,Pro,49.0
U15522,2024-09-17,IN,Organic,Starter,19.0
U14466,2024-09-17,FR,Referral,Business,199.0
U11458,2024-09-17,US,Organic,Starter,19.0
U12092,2024-09-18,UK,Paid Search,Pro,49.0
U12683,2024-09-18,CA,Email,Starter,19.0
U10936,2024-09-18,US,Paid Social,Business,199.0
U13826,2024-09-18,US,Paid Search,Business,199.0
U11123,2024-09-18,CA,Email,Starter,19.0
U13557,2024-09-18,US,Paid Search,Pro,49.0
U15172,2024-09-18,US,Organic,Business,199.0
U12051,2024-09-19,UK,Email,Enterprise,599.0
U11384,2024-09-19,JP,Organic,Pro,49.0
U13088,2024-09-19,DE,Referral,Business,199.0
U14645,2024-09-19,FR,Affiliate,Starter,19.0
U14551,2024-09-19,ES,Referral,Business,199.0
U14674,2024-09-19,DE,Paid Social,Pro,49.0
U12406,2024-09-19,AU,Paid Social,Enterprise,599.0
U10407,2024-09-19,US,Organic,Pro,49.0
U14147,2024-09-19,US,Paid Social,Starter,19.0
U10153,2024-09-20,FR,Organic,Pro,49.0
U11309,2024-09-20,FR,Organic,Business,199.0
U14029,2024-09-20,JP,Affiliate,Starter,19.0
U13042,2024-09-20,UK,Email,Enterprise,599.0
U14869,2024-09-21,JP,Paid Social,Starter,19.0
U14561,2024-09-21,DE,Paid Search,Starter,19.0
U15271,2024-09-21,DE,Paid Social,Pro,49.0
U11243,2024-09-21,US,Affiliate,Pro,49.0
U15256,2024-09-21,DE,Referral,Starter,19.0
U12920,2024-09-22,CA,Organic,Pro,49.0
U14397,2024-09-22,ES,Referral,Pro,49.0
U14665,2024-09-22,JP,Organic,Starter,19.0
U13867,2024-09-22,DE,Organic,Business,199.0
U14300,2024-09-22,AU,Organic,Starter,19.0
U14786,2024-09-22,UK,Paid Search,Starter,19.0
U10172,2024-09-22,CA,Organic,Pro,49.0
U10255,2024-09-22,US,Paid Social,Pro,49.0
U10917,2024-09-23,IN,Organic,Pro,49.0
U12623,2024-09-23,US,Paid Search,Starter,19.0
U14311,2024-09-23,CA,Paid Social,Business,199.0
U13861,2024-09-23,UK,Organic,Starter,19.0
U11038,2024-09-23,DE,Paid Social,Business,199.0
U10195,2024-09-23,ES,Paid Search,Starter,19.0
U13745,2024-09-23,JP,Paid Search,Starter,19.0
U13709,2024-09-23,ES,Referral,Starter,19.0
U14276,2024-09-24,US,Email,Starter,19.0
U14530,2024-09-24,US,Paid Search,Enterprise,599.0
U11543,2024-09-24,JP,Organic,Starter,19.0
U15229,2024-09-25,JP,Paid Search,Pro,49.0
U10479,2024-09-25,US,Paid Social,Starter,19.0
U11743,2024-09-25,FR,Paid Social,Enterprise,599.0
U12744,2024-09-25,FR,Organic,Starter,19.0
U13821,2024-09-25,UK,Paid Search,Business,199.0
U15551,2024-09-25,FR,Paid Search,Starter,19.0
U15196,2024-09-26,BR,Affiliate,Starter,19.0
U14807,2024-09-26,UK,Paid Search,Pro,49.0
U13534,2024-09-26,IN,Paid Search,Enterprise,599.0
U12029,2024-09-26,CA,Organic,Starter,19.0
U14768,2024-09-26,US,Organic,Pro,49.0
U10009,2024-09-26,US,Affiliate,Starter,19.0
U14459,2024-09-26,AU,Email,Starter,19.0
U14894,2024-09-26,DE,Organic,Pro,49.0
U10348,2024-09-26,JP,Organic,Business,199.0
U13613,2024-09-27,US,Organic,Pro,49.0
U10650,2024-09-27,UK,Organic,Pro,49.0
U10577,2024-09-27,US,Paid Search,Pro,49.0
U12447,2024-09-27,UK,Affiliate,Starter,19.0
U15356,2024-09-27,JP,Organic,Pro,49.0
U12053,2024-09-27,UK,Referral,Starter,19.0
U10277,2024-09-27,US,Affiliate,Starter,19.0
U15187,2024-09-27,US,Referral,Pro,49.0
U11537,2024-09-27,UK,Affiliate,Starter,19.0
U13434,2024-09-28,US,Referral,Pro,49.0
U11690,2024-09-28,JP,Paid Social,Starter,19.0
U10569,2024-09-28,US,Paid Social,Starter,19.0
U10908,2024-09-28,CA,Email,Pro,49.0
U14873,2024-09-28,US,Email,Enterprise,599.0
U10500,2024-09-28,US,Affiliate,Business,199.0
U14362,2024-09-28,US,Paid Search,Pro,49.0
U11478,2024-09-28,CA,Paid Search,Pro,49.0
U14850,2024-09-28,US,Affiliate,Starter,19.0
U13427,2024-09-29,US,Referral,Pro,49.0
U11677,2024-09-29,US,Paid Social,Starter,19.0
U15170,2024-09-29,UK,Paid Search,Starter,19.0
U11748,2024-09-29,JP,Organic,Business,199.0
U11203,2024-09-29,US,Paid Social,Business,199.0
U10284,2024-09-29,IN,Paid Search,Business,199.0
U10249,2024-09-29,BR,Paid Social,Pro,49.0
U14028,2024-09-29,US,Organic,Pro,49.0
U14358,2024-09-29,IN,Organic,Pro,49.0
U10854,2024-09-29,CA,Paid Social,Pro,49.0
U11975,2024-09-29,DE,Organic,Pro,49.0
U11610,2024-09-29,JP,Paid Search,Pro,49.0
U14156,2024-09-29,JP,Paid Social,Starter,19.0
U14646,2024-09-30,CA,Paid Social,Starter,19.0
U12727,2024-09-30,UK,Paid Social,Pro,49.0
U12670,2024-09-30,JP,Email,Starter,19.0
U12677,2024-09-30,UK,Paid Social,Pro,49.0
U14835,2024-09-30,ES,Email,Starter,19.0
U10521,2024-09-30,DE,Paid Search,Starter,19.0
U14274,2024-10-01,US,Paid Search,Enterprise,599.0
U11720,2024-10-01,DE,Organic,Starter,19.0
U10041,2024-10-01,US,Referral,Pro,49.0
U13453,2024-10-01,AU,Organic,Starter,19.0
U11285,2024-10-01,FR,Paid Search,Starter,19.0
U13370,2024-10-02,FR,Email,Business,199.0
U14563,2024-10-02,US,Referral,Starter,19.0
U14504,2024-10-02,CA,Organic,Business,199.0
U11132,2024-10-02,UK,Paid Social,Starter,19.0
U10276,2024-10-02,UK,Organic,Pro,49.0
U11097,2024-10-02,US,Email,Business,199.0
U13389,2024-10-03,ES,Organic,Enterprise,599.0
U10596,2024-10-03,FR,Paid Search,Pro,49.0
U14896,2024-10-03,BR,Organic,Pro,49.0
U13904,2024-10-03,UK,Paid Social,Starter,19.0
U11147,2024-10-03,UK,Paid Search,Starter,19.0
U10470,2024-10-03,US,Organic,Starter,19.0
U12498,2024-10-03,JP,Organic,Pro,49.0
U13050,2024-10-03,IN,Referral,Starter,19.0
U15454,2024-10-04,US,Paid Social,Starter,19.0
U13250,2024-10-04,AU,Organic,Pro,49.0
U11130,2024-10-04,JP,Paid Search,Starter,19.0
U13435,2024-10-04,US,Organic,Starter,19.0
U13600,2024-10-05,CA,Organic,Pro,49.0
U11306,2024-10-05,IN,Paid Search,Starter,19.0
U10482,2024-10-05,BR,Paid Search,Pro,49.0
U13999,2024-10-05,UK,Referral,Pro,49.0
U10240,2024-10-05,AU,Affiliate,Starter,19.0
U11341,2024-10-06,US,Paid Social,Pro,49.0
U14186,2024-10-06,US,Paid Search,Business,199.0
U11867,2024-10-06,UK,Organic,Starter,19.0
U11044,2024-10-06,CA,Paid Search,Starter,19.0
U14401,2024-10-06,US,Referral,Pro,49.0
U14771,2024-10-06,JP,Organic,Starter,19.0
U10922,2024-10-06,FR,Email,Starter,19.0
U13475,2024-10-06,US,Organic,Pro,49.0
U12477,2024-10-06,ES,Paid Search,Starter,19.0
U10684,2024-10-07,ES,Organic,Starter,19.0
U15190,2024-10-07,US,Referral,Starter,19.0
U11552,2024-10-07,FR,Organic,Pro,49.0
U10225,2024-10-07,FR,Paid Social,Starter,19.0
U13099,2024-10-07,IN,Paid Search,Starter,19.0
U14792,2024-10-07,US,Affiliate,Business,199.0
U11438,2024-10-07,CA,Email,Starter,19.0
U10788,2024-10-07,UK,Organic,Enterprise,599.0
U12044,2024-10-08,CA,Organic,Pro,49.0
U10834,2024-10-08,IN,Paid Search,Business,199.0
U11032,2024-10-08,AU,Referral,Starter,19.0
U12117,2024-10-09,US,Organic,Starter,19.0
U14183,2024-10-09,AU,Email,Business,199.0
U13436,2024-10-09,US,Organic,Pro,49.0
U11927,2024-10-09,US,Organic,Starter,19.0
U13171,2024-10-10,AU,Paid Search,Starter,19.0
U11400,2024-10-10,US,Email,Pro,49.0
U10475,2024-10-10,US,Paid Social,Starter,19.0
U11441,2024-10-10,US,Organic,Pro,49.0
U11383,2024-10-10,UK,Paid Search,Starter,19.0
U10495,2024-10-11,US,Organic,Pro,49.0
U12350,2024-10-11,BR,Organic,Starter,19.0
U15189,2024-10-11,AU,Affiliate,Starter,19.0
U11240,2024-10-11,US,Organic,Business,199.0
U13028,2024-10-11,DE,Organic,Business,199.0
U10722,2024-10-11,JP,Paid Search,Starter,19.0
U12831,2024-10-11,CA,Paid Social,Starter,19.0
U11945,2024-10-11,US,Paid Search,Starter,19.0
U14154,2024-10-11,BR,Affiliate,Starter,19.0
U15206,2024-10-11,US,Paid Search,Starter,19.0
U11256,2024-10-11,BR,Organic,Pro,49.0
U11894,2024-10-12,US,Affiliate,Pro,49.0
U11698,2024-10-12,DE,Paid Search,Pro,49.0
U12481,2024-10-12,FR,Email,Pro,49.0
U13290,2024-10-12,US,Paid Social,Business,199.0
U14707,2024-10-12,IN,Organic,Starter,19.0
U13968,2024-10-12,US,Paid Social,Starter,19.0
U13000,2024-10-12,US,Email,Starter,19.0
U13266,2024-10-12,US,Organic,Starter,19.0
U13559,2024-10-12,FR,Paid Search,Starter,19.0
U13061,2024-10-13,UK,Organic,Starter,19.0
U13716,2024-10-13,US,Paid Social,Pro,49.0
U12517,2024-10-13,ES,Affiliate,Starter,19.0
U14507,2024-10-13,AU,Referral,Starter,19.0
U10125,2024-10-13,US,Referral,Starter,19.0
U10885,2024-10-13,US,Affiliate,Starter,19.0
U14108,2024-10-13,US,Organic,Business,199.0
U11725,2024-10-14,US,Paid Social,Starter,19.0
U11811,2024-10-14,UK,Organic,Starter,19.0
U11847,2024-10-14,JP,Affiliate,Starter,19.0
U15514,2024-10-15,US,Affiliate,Pro,49.0
U14344,2024-10-15,AU,Paid Social,Starter,19.0
U14092,2024-10-16,US,Organic,Pro,49.0
U12618,2024-10-16,AU,Paid Search,Pro,49.0
U11609,2024-10-16,CA,Organic,Pro,49.0
U13837,2024-10-17,US,Organic,Starter,19.0
U10648,2024-10-17,US,Email,Starter,19.0
U15205,2024-10-17,US,Paid Search,Business,199.0
U13545,2024-10-17,ES,Referral,Starter,19.0
U10667,2024-10-18,BR,Affiliate,Starter,19.0
U10641,2024-10-18,IN,Paid Search,Pro,49.0
U14762,2024-10-18,FR,Paid Search,Pro,49.0
U14759,2024-10-18,IN,Paid Social,Pro,49.0
U14316,2024-10-18,IN,Organic,Starter,19.0
U14983,2024-10-18,US,Paid Social,Pro,49.0
U15383,2024-10-18,BR,Paid Search,Enterprise,599.0
U14127,2024-10-18,US,Email,Starter,19.0
U13751,2024-10-18,DE,Email,Pro,49.0
U15354,2024-10-19,DE,Organic,Starter,19.0
U12789,2024-10-19,DE,Organic,Starter,19.0
U14234,2024-10-19,ES,Paid Social,Starter,19.0
U13350,2024-10-19,IN,Organic,Pro,49.0
U13023,2024-10-19,JP,Paid Social,Pro,49.0
U12181,2024-10-19,US,Organic,Business,199.0
U14221,2024-10-19,US,Referral,Starter,19.0
U13173,2024-10-19,CA,Organic,Enterprise,599.0
U10174,2024-10-19,CA,Referral,Starter,19.0
U12916,2024-10-19,BR,Paid Social,Starter,19.0
U15370,2024-10-20,DE,Paid Social,Pro,49.0
U11230,2024-10-20,JP,Organic,Starter,19.0
U14516,2024-10-20,FR,Organic,Business,199.0
U11694,2024-10-20,FR,Paid Search,Business,199.0
U12360,2024-10-20,US,Affiliate,Starter,19.0
U10732,2024-10-20,US,Email,Starter,19.0
U12344,2024-10-21,US,Paid Social,Pro,49.0
U11108,2024-10-21,DE,Paid Social,Business,199.0
U14124,2024-10-21,US,Paid Social,Pro,49.0
U14556,2024-10-21,DE,Organic,Starter,19.0
U13240,2024-10-21,AU,Organic,Starter,19.0
U13627,2024-10-21,BR,Organic,Enterprise,599.0
U11536,2024-10-21,DE,Paid Search,Starter,19.0
U12202,2024-10-21,ES,Email,Starter,19.0
U11205,2024-10-22,JP,Affiliate,Starter,19.0
U11527,2024-10-22,UK,Organic,Business,199.0
U11551,2024-10-22,ES,Email,Pro,49.0
U12441,2024-10-22,AU,Organic,Starter,19.0
U14158,2024-10-22,FR,Organic,Pro,49.0
U13649,2024-10-22,US,Organic,Starter,19.0
U14433,2024-10-22,US,Organic,Starter,19.0
U11709,2024-10-22,IN,Organic,Starter,19.0
U14083,2024-10-22,UK,Affiliate,Business,199.0
U13818,2024-10-22,CA,Paid Search,Business,199.0
U10602,2024-10-22,US,Organic,Business,199.0
U15516,2024-10-22,US,Paid Social,Starter,19.0
U13175,2024-10-22,US,Organic,Starter,19.0
U13366,2024-10-22,IN,Affiliate,Pro,49.0
U15125,2024-10-22,CA,Organic,Business,199.0
U14964,2024-10-22,US,Paid Search,Pro,49.0
U11785,2024-10-23,DE,Affiliate,Starter,19.0
U10925,2024-10-23,CA,Affiliate,Business,199.0
U13044,2024-10-23,DE,Affiliate,Starter,19.0
U10855,2024-10-23,UK,Paid Search,Starter,19.0
U11952,2024-10-23,AU,Paid Search,Starter,19.0
U14848,2024-10-23,FR,Paid Social,Starter,19.0
U10304,2024-10-24,CA,Organic,Starter,19.0
U15419,2024-10-24,US,Organic,Starter,19.0
U13657,2024-10-24,US,Email,Starter,19.0
U11129,2024-10-24,IN,Paid Social,Starter,19.0
U13882,2024-10-24,AU,Organic,Starter,19.0
U11779,2024-10-25,UK,Paid Social,Business,199.0
U14918,2024-10-25,US,Affiliate,Starter,19.0
U10445,2024-10-25,US,Paid Search,Enterprise,599.0
U11327,2024-10-25,US,Affiliate,Starter,19.0
U10901,2024-10-25,US,Email,Business,199.0
U12977,2024-10-26,UK,Paid Search,Starter,19.0
U13048,2024-10-26,DE,Referral,Starter,19.0
U13765,2024-10-26,US,Organic,Business,199.0
U10516,2024-10-26,FR,Paid Search,Starter,19.0
U10065,2024-10-26,ES,Organic,Business,199.0
U11164,2024-10-26,FR,Referral,Business,199.0
U12111,2024-10-26,US,Organic,Starter,19.0
U12030,2024-10-26,ES,Referral,Starter,19.0
U15257,2024-10-27,AU,Affiliate,Starter,19.0
U14739,2024-10-27,UK,Organic,Starter,19.0
U14718,2024-10-27,US,Paid Social,Pro,49.0
U11407,2024-10-28,JP,Paid Social,Business,199.0
U15507,2024-10-28,CA,Paid Search,Starter,19.0
U14890,2024-10-28,FR,Paid Search,Starter,19.0
U11456,2024-10-28,UK,Referral,Starter,19.0
U12806,2024-10-28,FR,Paid Search,Starter,19.0
U12216,2024-10-28,BR,Organic,Business,199.0
U15455,2024-10-28,US,Paid Search,Starter,19.0
U13218,2024-10-28,UK,Email,Starter,19.0
U11045,2024-10-28,IN,Email,Starter,19.0
U12407,2024-10-28,US,Email,Business,199.0
U10535,2024-10-28,JP,Organic,Business,199.0
U12570,2024-10-28,CA,Organic,Starter,19.0
U10559,2024-10-28,US,Organic,Starter,19.0
U15369,2024-10-29,US,Paid Search,Starter,19.0
U15542,2024-10-29,UK,Affiliate,Pro,49.0
U12487,2024-10-29,JP,Paid Search,Pro,49.0
U14794,2024-10-29,UK,Paid Social,Starter,19.0
U11159,2024-10-29,US,Paid Social,Starter,19.0
U10430,2024-10-29,ES,Organic,Pro,49.0
U13530,2024-10-29,CA,Organic,Starter,19.0
U15042,2024-10-30,US,Referral,Starter,19.0
U11939,2024-10-30,US,Organic,Pro,49.0
U13147,2024-10-30,IN,Email,Starter,19.0
U10807,2024-10-30,ES,Email,Starter,19.0
U10895,2024-10-30,AU,Paid Social,Starter,19.0
U10368,2024-10-31,IN,Paid Search,Starter,19.0
U15544,2024-10-31,US,Organic,Starter,19.0
U12707,2024-10-31,DE,Organic,Starter,19.0
U10116,2024-10-31,CA,Organic,Business,199.0
U12547,2024-10-31,JP,Paid Search,Starter,19.0
U10549,2024-10-31,UK,Organic,Pro,49.0
U12453,2024-10-31,US,Organic,Starter,19.0
U10000,2024-10-31,IN,Organic,Business,199.0
U14591,2024-10-31,CA,Paid Social,Pro,49.0
U14517,2024-10-31,AU,Paid Social,Starter,19.0
U10221,2024-11-01,FR,Affiliate,Starter,19.0
U11160,2024-11-01,DE,Organic,Pro,49.0
U13869,2024-11-01,US,Organic,Pro,49.0
U12790,2024-11-01,FR,Paid Search,Pro,49.0
U13500,2024-11-01,ES,Paid Social,Starter,19.0
U15543,2024-11-01,FR,Paid Social,Starter,19.0
U11971,2024-11-01,US,Organic,Pro,49.0
U10843,2024-11-01,JP,Affiliate,Starter,19.0
U14629,2024-11-01,DE,Paid Search,Pro,49.0
U11758,2024-11-01,IN,Organic,Starter,19.0
U14733,2024-11-02,US,Email,Business,199.0
U12314,2024-11-02,UK,Paid Search,Starter,19.0
U13683,2024-11-02,CA,Paid Social,Pro,49.0
U11738,2024-11-03,US,Referral,Starter,19.0
U13640,2024-11-03,AU,Paid Search,Starter,19.0
U11079,2024-11-03,US,Email,Pro,49.0
U14382,2024-11-03,DE,Organic,Starter,19.0
U15164,2024-11-03,CA,Paid Search,Starter,19.0
U14951,2024-11-04,DE,Paid Search,Starter,19.0
U14260,2024-11-04,DE,Paid Search,Starter,19.0
U11344,2024-11-04,BR,Paid Social,Business,199.0
U14903,2024-11-04,JP,Organic,Starter,19.0
U10201,2024-11-04,FR,Paid Search,Starter,19.0
U11538,2024-11-04,BR,Paid Social,Business,199.0
U12138,2024-11-04,US,Paid Search,Starter,19.0
U12436,2024-11-04,CA,Organic,Pro,49.0
U12859,2024-11-05,US,Affiliate,Business,199.0
U13637,2024-11-05,US,Referral,Starter,19.0
U13812,2024-11-05,JP,Organic,Business,199.0
U13189,2024-11-06,US,Affiliate,Enterprise,599.0
U11224,2024-11-06,AU,Paid Social,Starter,19.0
U10212,2024-11-06,JP,Paid Search,Starter,19.0
U10293,2024-11-06,JP,Paid Search,Starter,19.0
U10616,2024-11-06,JP,Organic,Starter,19.0
U15244,2024-11-06,US,Referral,Starter,19.0
U10493,2024-11-06,UK,Email,Business,199.0
U15217,2024-11-06,IN,Paid Search,Starter,19.0
U11459,2024-11-06,BR,Paid Search,Starter,19.0
U12004,2024-11-06,US,Paid Social,Pro,49.0
U15160,2024-11-07,BR,Paid Search,Starter,19.0
U14651,2024-11-07,US,Paid Search,Pro,49.0
U13590,2024-11-07,JP,Paid Search,Starter,19.0
U11635,2024-11-07,JP,Paid Search,Starter,19.0
U10967,2024-11-07,US,Paid Search,Starter,19.0
U10105,2024-11-07,CA,Organic,Business,199.0
U13264,2024-11-07,DE,Paid Search,Pro,49.0
U11342,2024-11-07,CA,Paid Social,Starter,19.0
U10876,2024-11-07,UK,Paid Search,Starter,19.0
U10230,2024-11-07,ES,Paid Search,Pro,49.0
U13429,2024-11-08,JP,Organic,Business,199.0
U10645,2024-11-08,DE,Paid Social,Starter,19.0
U10190,2024-11-08,ES,Organic,Starter,19.0
U10865,2024-11-08,US,Paid Search,Pro,49.0
U11282,2024-11-08,US,Organic,Business,199.0
U12457,2024-11-08,ES,Paid Search,Enterprise,599.0
U12432,2024-11-08,AU,Email,Starter,19.0
U14905,2024-11-08,JP,Organic,Starter,19.0
U10206,2024-11-08,DE,Paid Social,Business,199.0
U11434,2024-11-09,US,Paid Social,Starter,19.0
U13929,2024-11-09,ES,Organic,Starter,19.0
U15225,2024-11-09,FR,Paid Search,Starter,19.0
U15265,2024-11-09,US,Affiliate,Starter,19.0
U10845,2024-11-09,US,Organic,Pro,49.0
U14210,2024-11-09,ES,Referral,Pro,49.0
U13092,2024-11-09,IN,Paid Search,Starter,19.0
U13123,2024-11-09,CA,Paid Search,Business,199.0
U14191,2024-11-09,US,Organic,Pro,49.0
U14209,2024-11-10,BR,Paid Search,Enterprise,599.0
U14767,2024-11-10,CA,Email,Pro,49.0
U10993,2024-11-10,BR,Referral,Business,199.0
U15566,2024-11-10,US,Referral,Business,199.0
U15251,2024-11-10,US,Affiliate,Pro,49.0
U15373,2024-11-11,ES,Paid Search,Business,199.0
U15341,2024-11-12,DE,Paid Social,Pro,49.0
U13323,2024-11-12,IN,Organic,Starter,19.0
U11727,2024-11-12,US,Organic,Enterprise,599.0
U15168,2024-11-12,UK,Paid Social,Starter,19.0
U13567,2024-11-12,FR,Paid Search,Starter,19.0
U13911,2024-11-12,US,Paid Search,Pro,49.0
U14100,2024-11-12,US,Organic,Starter,19.0
U12214,2024-11-13,FR,Referral,Pro,49.0
U10098,2024-11-13,UK,Paid Search,Pro,49.0
U11581,2024-11-13,JP,Email,Starter,19.0
U14973,2024-11-13,AU,Referral,Starter,19.0
U10814,2024-11-13,CA,Paid Search,Business,199.0
U13373,2024-11-14,US,Affiliate,Pro,49.0
U14735,2024-11-14,AU,Referral,Starter,19.0
U13718,2024-11-14,US,Referral,Enterprise,599.0
U13033,2024-11-14,US,Email,Starter,19.0
U10634,2024-11-15,BR,Paid Search,Starter,19.0
U11296,2024-11-15,BR,Paid Social,Pro,49.0
U11474,2024-11-15,US,Organic,Starter,19.0
U12085,2024-11-16,FR,Organic,Starter,19.0
U11529,2024-11-16,IN,Paid Search,Starter,19.0
U10643,2024-11-16,CA,Organic,Starter,19.0
U15094,2024-11-16,IN,Paid Search,Starter,19.0
U14176,2024-11-16,UK,Organic,Business,199.0
U13744,2024-11-16,BR,Organic,Starter,19.0
U13353,2024-11-16,DE,Paid Social,Starter,19.0
U11828,2024-11-16,CA,Paid Search,Pro,49.0
U14901,2024-11-16,BR,Paid Social,Pro,49.0
U11385,2024-11-17,ES,Paid Social,Pro,49.0
U12461,2024-11-17,US,Email,Business,199.0
U10317,2024-11-17,IN,Organic,Business,199.0
U11559,2024-11-17,AU,Paid Social,Starter,19.0
U10119,2024-11-17,US,Organic,Business,199.0
U13025,2024-11-17,JP,Paid Social,Pro,49.0
U14499,2024-11-18,ES,Paid Social,Starter,19.0
U11252,2024-11-18,US,Paid Search,Starter,19.0
U14525,2024-11-18,FR,Organic,Pro,49.0
U13647,2024-11-18,JP,Paid Social,Starter,19.0
U11882,2024-11-18,FR,Organic,Pro,49.0
U13501,2024-11-18,IN,Email,Pro,49.0
U10261,2024-11-18,ES,Referral,Starter,19.0
U13696,2024-11-19,IN,Organic,Pro,49.0
U10695,2024-11-19,US,Paid Search,Starter,19.0
U10810,2024-11-19,UK,Paid Search,Starter,19.0
U12989,2024-11-19,BR,Paid Social,Enterprise,599.0
U10770,2024-11-19,UK,Affiliate,Pro,49.0
U11453,2024-11-19,US,Referral,Starter,19.0
U12663,2024-11-19,BR,Paid Social,Starter,19.0
U11416,2024-11-19,AU,Referral,Starter,19.0
U15060,2024-11-20,US,Affiliate,Starter,19.0
U14622,2024-11-20,US,Affiliate,Starter,19.0
U13210,2024-11-20,BR,Referral,Pro,49.0
U10933,2024-11-20,US,Paid Social,Enterprise,599.0
U12900,2024-11-20,JP,Affiliate,Business,199.0
U15362,2024-11-20,US,Email,Pro,49.0
U11715,2024-11-20,FR,Paid Search,Pro,49.0
U13283,2024-11-20,US,Paid Social,Pro,49.0
U11352,2024-11-21,US,Organic,Starter,19.0
U14642,2024-11-21,UK,Paid Search,Starter,19.0
U11647,2024-11-21,US,Email,Pro,49.0
U15351,2024-11-21,CA,Email,Business,199.0
U10558,2024-11-21,DE,Paid Social,Enterprise,599.0
U13267,2024-11-21,IN,Email,Starter,19.0
U11660,2024-11-22,FR,Paid Social,Starter,19.0
U10061,2024-11-22,US,Paid Social,Starter,19.0
U12543,2024-11-22,JP,Referral,Starter,19.0
U14339,2024-11-23,US,Paid Search,Starter,19.0
U12153,2024-11-23,CA,Paid Search,Enterprise,599.0
U14472,2024-11-23,ES,Affiliate,Starter,19.0
U13730,2024-11-23,US,Organic,Pro,49.0
U12031,2024-11-23,ES,Referral,Starter,19.0
U11831,2024-11-23,US,Referral,Starter,19.0
U13230,2024-11-23,IN,Organic,Pro,49.0
U10608,2024-11-23,IN,Organic,Pro,49.0
U12218,2024-11-24,US,Paid Social,Business,199.0
U15472,2024-11-24,US,Organic,Pro,49.0
U12604,2024-11-24,FR,Affiliate,Pro,49.0
U11910,2024-11-24,US,Referral,Pro,49.0
U13311,2024-11-25,UK,Paid Search,Pro,49.0
U11722,2024-11-25,US,Organic,Starter,19.0
U11386,2024-11-25,FR,Paid Search,Pro,49.0
U13906,2024-11-25,ES,Referral,Starter,19.0
U13743,2024-11-25,US,Email,Pro,49.0
U10104,2024-11-25,US,Affiliate,Business,199.0
U15020,2024-11-25,US,Email,Starter,19.0
U10155,2024-11-25,JP,Paid Search,Starter,19.0
U14704,2024-11-25,DE,Paid Search,Pro,49.0
U14538,2024-11-25,US,Paid Search,Business,199.0
U13653,2024-11-26,AU,Paid Social,Business,199.0
U10983,2024-11-26,US,Email,Business,199.0
U12306,2024-11-26,CA,Paid Search,Business,199.0
U14572,2024-11-26,DE,Referral,Business,199.0
U11685,2024-11-26,AU,Organic,Pro,49.0
U11446,2024-11-26,US,Paid Social,Enterprise,599.0
U15349,2024-11-26,UK,Referral,Pro,49.0
U13806,2024-11-26,IN,Organic,Business,199.0
U13562,2024-11-26,UK,Paid Search,Starter,19.0
U11006,2024-11-26,BR,Email,Starter,19.0
U13995,2024-11-26,FR,Organic,Business,199.0
U15486,2024-11-26,ES,Affiliate,Pro,49.0
U14871,2024-11-27,DE,Referral,Business,199.0
U12159,2024-11-27,UK,Referral,Pro,49.0
U10464,2024-11-27,ES,Email,Pro,49.0
U14592,2024-11-27,AU,Email,Starter,19.0
U14881,2024-11-27,US,Organic,Starter,19.0
U10051,2024-11-27,US,Affiliate,Starter,19.0
U14705,2024-11-27,US,Paid Search,Starter,19.0
U11215,2024-11-27,DE,Organic,Starter,19.0
U10141,2024-11-27,US,Organic,Enterprise,599.0
U10130,2024-11-27,ES,Paid Search,Starter,19.0
U10184,2024-11-28,US,Email,Pro,49.0
U10562,2024-11-28,CA,Paid Social,Starter,19.0
U10778,2024-11-28,UK,Organic,Pro,49.0
U11424,2024-11-28,US,Paid Social,Pro,49.0
U13140,2024-11-28,CA,Paid Social,Starter,19.0
U14737,2024-11-28,ES,Paid Search,Pro,49.0
U11687,2024-11-28,CA,Affiliate,Starter,19.0
U10039,2024-11-28,US,Organic,Starter,19.0
U14105,2024-11-28,FR,Organic,Pro,49.0
U13342,2024-11-28,US,Referral,Starter,19.0
U11104,2024-11-29,ES,Organic,Pro,49.0
U13217,2024-11-29,IN,Paid Search,Business,199.0
U14027,2024-11-29,UK,Paid Search,Starter,19.0
U11076,2024-11-29,US,Email,Starter,19.0
U10241,2024-11-29,JP,Organic,Starter,19.0
U10599,2024-11-29,AU,Paid Search,Business,199.0
U14392,2024-11-29,JP,Organic,Pro,49.0
U12580,2024-11-30,FR,Email,Pro,49.0
U12508,2024-11-30,US,Paid Social,Starter,19.0
U12422,2024-11-30,US,Affiliate,Starter,19.0
U10295,2024-11-30,IN,Paid Search,Starter,19.0
U14429,2024-11-30,US,Paid Search,Starter,19.0
U13948,2024-11-30,DE,Organic,Pro,49.0
U14273,2024-11-30,AU,Paid Search,Starter,19.0
U11793,2024-11-30,BR,Organic,Starter,19.0
U15403,2024-11-30,JP,Paid Search,Starter,19.0
U11117,2024-12-01,UK,Organic,Enterprise,599.0
U10590,2024-12-01,AU,Organic,Starter,19.0
U14719,2024-12-01,UK,Paid Social,Starter,19.0
U14439,2024-12-01,BR,Paid Search,Pro,49.0
U10882,2024-12-01,US,Paid Social,Pro,49.0
U13801,2024-12-01,BR,Organic,Business,199.0
U14201,2024-12-01,IN,Email,Business,199.0
U11946,2024-12-01,US,Referral,Pro,49.0
U14928,2024-12-01,US,Paid Search,Business,199.0
U15133,2024-12-02,DE,Paid Social,Starter,19.0
U12762,2024-12-03,DE,Paid Social,Business,199.0
U13067,2024-12-03,BR,Organic,Pro,49.0
U11569,2024-12-03,US,Paid Search,Business,199.0
U12557,2024-12-03,CA,Referral,Pro,49.0
U11364,2024-12-03,US,Organic,Pro,49.0
U13832,2024-12-03,IN,Paid Search,Starter,19.0
U13872,2024-12-03,ES,Email,Business,199.0
U13756,2024-12-03,BR,Referral,Starter,19.0
U10984,2024-12-04,JP,Email,Pro,49.0
U11049,2024-12-04,US,Paid Social,Pro,49.0
U12949,2024-12-04,IN,Referral,Starter,19.0
U13838,2024-12-04,FR,Referral,Starter,19.0
U15104,2024-12-04,US,Paid Search,Pro,49.0
U14969,2024-12-05,DE,Referral,Pro,49.0
U14596,2024-12-05,CA,Paid Search,Pro,49.0
U12337,2024-12-05,US,Referral,Starter,19.0
U14297,2024-12-05,IN,Referral,Starter,19.0
U12336,2024-12-05,UK,Email,Business,199.0
U13638,2024-12-06,IN,Organic,Starter,19.0
U11303,2024-12-06,FR,Email,Starter,19.0
U15126,2024-12-06,DE,Email,Pro,49.0
U12560,2024-12-06,FR,Paid Social,Business,199.0
U11241,2024-12-06,US,Organic,Pro,49.0
U14895,2024-12-06,UK,Organic,Starter,19.0
U10090,2024-12-07,US,Referral,Starter,19.0
U14069,2024-12-07,DE,Paid Search,Starter,19.0
U13252,2024-12-07,FR,Paid Search,Pro,49.0
U10980,2024-12-07,BR,Paid Social,Starter,19.0
U12123,2024-12-07,US,Referral,Pro,49.0
U12530,2024-12-08,JP,Organic,Starter,19.0
U12868,2024-12-08,US,Paid Search,Pro,49.0
U12774,2024-12-08,DE,Affiliate,Pro,49.0
U13019,2024-12-08,DE,Paid Search,Business,199.0
U10557,2024-12-08,US,Paid Search,Pro,49.0
U13970,2024-12-08,US,Email,Starter,19.0
U15035,2024-12-08,US,Paid Search,Business,199.0
U13607,2024-12-09,DE,Organic,Starter,19.0
U10210,2024-12-09,AU,Paid Search,Pro,49.0
U12258,2024-12-09,DE,Organic,Starter,19.0
U14553,2024-12-09,FR,Affiliate,Enterprise,599.0
U11418,2024-12-09,US,Affiliate,Starter,19.0
U11124,2024-12-09,US,Paid Social,Starter,19.0
U15046,2024-12-09,US,Paid Search,Pro,49.0
U13798,2024-12-09,US,Paid Search,Starter,19.0
U11926,2024-12-10,US,Email,Pro,49.0
U14259,2024-12-10,US,Organic,Starter,19.0
U14190,2024-12-10,US,Referral,Starter,19.0
U13320,2024-12-10,ES,Organic,Starter,19.0
U12466,2024-12-10,CA,Organic,Business,199.0
U13365,2024-12-11,FR,Paid Search,Starter,19.0
U12688,2024-12-11,UK,Organic,Pro,49.0
U11651,2024-12-11,CA,Paid Social,Starter,19.0
U14688,2024-12-11,JP,Paid Social,Business,199.0
U11055,2024-12-11,US,Paid Social,Starter,19.0
U13262,2024-12-11,UK,Email,Pro,49.0
U13749,2024-12-11,UK,Referral,Pro,49.0
U13152,2024-12-11,JP,Organic,Pro,49.0
U10839,2024-12-12,UK,Paid Social,Starter,19.0
U12301,2024-12-12,UK,Organic,Starter,19.0
U15517,2024-12-12,US,Organic,Starter,19.0
U10135,2024-12-12,US,Referral,Starter,19.0
U14109,2024-12-12,FR,Paid Search,Enterprise,599.0
U11308,2024-12-12,BR,Organic,Pro,49.0
U15274,2024-12-12,CA,Paid Social,Starter,19.0
U11583,2024-12-13,AU,Organic,Pro,49.0
U10575,2024-12-13,IN,Paid Social,Starter,19.0
U14715,2024-12-13,US,Paid Search,Pro,49.0
U15481,2024-12-13,CA,Organic,Business,199.0
U11936,2024-12-13,UK,Paid Search,Starter,19.0
U11998,2024-12-13,BR,Organic,Pro,49.0
U13221,2024-12-13,AU,Organic,Starter,19.0
U14280,2024-12-14,DE,Organic,Starter,19.0
U14829,2024-12-14,US,Organic,Starter,19.0
U13735,2024-12-14,JP,Paid Search,Business,199.0
U12056,2024-12-14,US,Organic,Enterprise,599.0
U13763,2024-12-14,FR,Referral,Pro,49.0
U14394,2024-12-15,IN,Paid Search,Starter,19.0
U13105,2024-12-15,UK,Paid Social,Pro,49.0
U14355,2024-12-15,CA,Referral,Pro,49.0
U14857,2024-12-15,UK,Paid Social,Starter,19.0
U13345,2024-12-15,CA,Organic,Starter,19.0
U15494,2024-12-15,UK,Paid Search,Starter,19.0
U11914,2024-12-15,DE,Paid Search,Starter,19.0
U12191,2024-12-15,IN,Paid Social,Starter,19.0
U13405,2024-12-15,CA,Organic,Pro,49.0
U11279,2024-12-15,US,Organic,Pro,49.0
U15394,2024-12-16,CA,Paid Search,Pro,49.0
U10204,2024-12-16,US,Organic,Starter,19.0
U14695,2024-12-16,BR,Organic,Starter,19.0
U11775,2024-12-16,UK,Referral,Business,199.0
U10527,2024-12-16,ES,Affiliate,Pro,49.0
U13361,2024-12-16,US,Affiliate,Business,199.0
U14900,2024-12-17,JP,Paid Social,Starter,19.0
U10488,2024-12-17,BR,Email,Starter,19.0
U15445,2024-12-17,IN,Paid Social,Pro,49.0
U10583,2024-12-17,ES,Paid Search,Starter,19.0
U10029,2024-12-18,US,Paid Social,Pro,49.0
U12730,2024-12-18,UK,Paid Search,Starter,19.0
U12863,2024-12-18,US,Paid Search,Pro,49.0
U13016,2024-12-18,UK,Affiliate,Starter,19.0
U15570,2024-12-18,ES,Organic,Pro,49.0
U13008,2024-12-18,AU,Organic,Pro,49.0
U12024,2024-12-18,ES,Paid Search,Business,199.0
U12503,2024-12-19,DE,Paid Social,Pro,49.0
U10856,2024-12-19,US,Paid Social,Starter,19.0
U15439,2024-12-19,CA,Email,Starter,19.0
U14697,2024-12-19,US,Paid Social,Starter,19.0
U13506,2024-12-19,UK,Paid Social,Pro,49.0
U11801,2024-12-19,AU,Paid Social,Pro,49.0
U14804,2024-12-19,US,Paid Social,Starter,19.0
U11684,2024-12-19,DE,Paid Search,Pro,49.0
U13810,2024-12-20,BR,Paid Search,Pro,49.0
U13527,2024-12-20,IN,Organic,Business,199.0
U10019,2024-12-20,FR,Paid Search,Starter,19.0
U15026,2024-12-20,AU,Email,Starter,19.0
U14247,2024-12-20,DE,Paid Social,Starter,19.0
U13522,2024-12-20,UK,Organic,Starter,19.0
U12921,2024-12-20,CA,Paid Search,Pro,49.0
U11331,2024-12-20,US,Paid Social,Starter,19.0
U12684,2024-12-20,DE,Paid Search,Business,199.0
U11360,2024-12-20,DE,Organic,Starter,19.0
U14414,2024-12-20,IN,Organic,Starter,19.0
U12137,2024-12-20,CA,Organic,Pro,49.0
U12078,2024-12-20,JP,Email,Starter,19.0
U11470,2024-12-20,CA,Paid Search,Starter,19.0
U12047,2024-12-20,US,Organic,Business,199.0
U12864,2024-12-20,DE,Referral,Pro,49.0
U11222,2024-12-20,US,Paid Social,Starter,19.0
U12194,2024-12-21,ES,Email,Starter,19.0
U11219,2024-12-21,UK,Organic,Business,199.0
U13176,2024-12-21,CA,Paid Search,Pro,49.0
U12602,2024-12-21,ES,Organic,Starter,19.0
U11261,2024-12-21,IN,Organic,Business,199.0
U12098,2024-12-21,ES,Organic,Enterprise,599.0
U14122,2024-12-21,IN,Organic,Pro,49.0
U14724,2024-12-22,IN,Organic,Pro,49.0
U11509,2024-12-22,UK,Paid Social,Pro,49.0
U11195,2024-12-22,US,Referral,Business,199.0
U12298,2024-12-22,ES,Referral,Business,199.0
U11155,2024-12-22,CA,Organic,Starter,19.0
U11323,2024-12-22,US,Paid Social,Business,199.0
U11932,2024-12-22,DE,Paid Search,Pro,49.0
U14670,2024-12-22,FR,Email,Starter,19.0
U10476,2024-12-23,US,Paid Search,Pro,49.0
U14252,2024-12-23,UK,Organic,Pro,49.0
U10049,2024-12-23,FR,Organic,Enterprise,599.0
U12373,2024-12-23,CA,Paid Social,Enterprise,599.0
U15141,2024-12-23,IN,Referral,Starter,19.0
U13249,2024-12-23,AU,Paid Search,Starter,19.0
U10374,2024-12-23,US,Organic,Pro,49.0
U15513,2024-12-23,US,Organic,Enterprise,599.0
U11729,2024-12-23,FR,Paid Social,Pro,49.0
U14265,2024-12-23,US,Paid Search,Starter,19.0
U14770,2024-12-23,DE,Email,Enterprise,599.0
U12112,2024-12-23,US,Affiliate,Pro,49.0
U10742,2024-12-24,CA,Organic,Pro,49.0
U13089,2024-12-24,DE,Paid Search,Starter,19.0
U14985,2024-12-24,US,Paid Social,Pro,49.0
U13319,2024-12-24,US,Organic,Starter,19.0
U11522,2024-12-24,AU,Organic,Starter,19.0
U11992,2024-12-24,DE,Paid Social,Business,199.0
U12041,2024-12-24,BR,Paid Search,Starter,19.0
U14823,2024-12-24,IN,Paid Search,Pro,49.0
U13616,2024-12-25,US,Paid Search,Starter,19.0
U10548,2024-12-25,DE,Paid Search,Enterprise,599.0
U15053,2024-12-25,FR,Paid Social,Starter,19.0
U10517,2024-12-25,FR,Paid Search,Pro,49.0
U11540,2024-12-25,FR,Affiliate,Starter,19.0
U13122,2024-12-25,US,Paid Search,Starter,19.0
U13027,2024-12-25,US,Paid Search,Pro,49.0
U14043,2024-12-26,US,Organic,Starter,19.0
U14123,2024-12-26,IN,Paid Social,Pro,49.0
U10023,2024-12-26,US,Paid Search,Pro,49.0
U11733,2024-12-26,JP,Paid Search,Pro,49.0
U12382,2024-12-27,ES,Organic,Starter,19.0
U13588,2024-12-27,US,Email,Business,199.0
U12851,2024-12-27,FR,Organic,Starter,19.0
U13514,2024-12-27,FR,Paid Search,Business,199.0
U14406,2024-12-27,JP,Paid Social,Enterprise,599.0
U10443,2024-12-27,BR,Paid Search,Starter,19.0
U13351,2024-12-27,UK,Email,Starter,19.0
U11144,2024-12-27,IN,Paid Social,Pro,49.0
U11379,2024-12-28,JP,Paid Search,Starter,19.0
U15186,2024-12-28,US,Referral,Starter,19.0
U15232,2024-12-28,US,Organic,Starter,19.0
U13681,2024-12-28,JP,Paid Social,Starter,19.0
U10719,2024-12-29,FR,Paid Social,Pro,49.0
U14791,2024-12-29,FR,Organic,Starter,19.0
U12655,2024-12-29,UK,Email,Pro,49.0
U12994,2024-12-29,DE,Organic,Starter,19.0
U12304,2024-12-29,US,Paid Social,Starter,19.0
U13949,2024-12-30,CA,Referral,Starter,19.0
U14131,2024-12-30,FR,Email,Pro,49.0
U15070,2024-12-30,US,Organic,Business,199.0
U13362,2024-12-30,AU,Paid Social,Starter,19.0
U10173,2024-12-30,CA,Organic,Starter,19.0
U15137,2024-12-30,CA,Organic,Business,199.0
U14840,2024-12-30,US,Organic,Starter,19.0
U11741,2024-12-30,US,Organic,Starter,19.0
U12651,2024-12-30,DE,Email,Starter,19.0
U15072,2024-12-30,US,Organic,Enterprise,599.0
