customer_id,signup_date,country,region,segment
C1000,2022-09-05,Singapore,APAC,Consumer
C1001,2022-06-09,France,Europe,Small Business
C1002,2023-01-15,India,APAC,Consumer
C1003,2023-04-29,Australia,APAC,Consumer
C1004,2022-07-10,United States,North America,Consumer
C1005,2023-07-14,Argentina,LATAM,Small Business
C1006,2023-04-12,Singapore,APAC,Enterprise
C1007,2022-05-02,Singapore,APAC,Small Business
C1008,2023-11-17,United States,North America,Consumer
C1009,2022-02-02,France,Europe,Consumer
C1010,2023-04-23,Germany,Europe,Consumer
C1011,2022-11-17,Brazil,LATAM,Consumer
C1012,2023-04-23,Japan,APAC,Consumer
C1013,2023-07-20,India,APAC,Consumer
C1014,2023-05-17,France,Europe,Small Business
C1015,2023-04-21,Mexico,North America,Consumer
C1016,2023-09-06,Italy,Europe,Small Business
C1017,2023-05-28,United States,North America,Consumer
C1018,2023-08-18,India,APAC,Consumer
C1019,2022-10-22,Japan,APAC,Consumer
C1020,2022-05-29,Singapore,APAC,Consumer
C1021,2022-06-21,Germany,Europe,Consumer
C1022,2023-03-23,Argentina,LATAM,Consumer
C1023,2023-01-24,Brazil,LATAM,Consumer
C1024,2022-02-26,Singapore,APAC,Consumer
C1025,2022-05-30,Mexico,North America,Consumer
C1026,2023-12-08,France,Europe,Small Business
C1027,2023-06-15,United States,North America,Small Business
C1028,2023-07-06,Canada,North America,Consumer
C1029,2022-05-24,Australia,APAC,Consumer
C1030,2022-02-16,Singapore,APAC,Consumer
C1031,2022-08-01,Argentina,LATAM,Consumer
C1032,2023-09-18,Germany,Europe,Consumer
C1033,2023-01-05,Germany,Europe,Consumer
C1034,2023-07-27,France,Europe,Consumer
C1035,2022-12-22,Mexico,North America,Enterprise
C1036,2022-12-24,United States,North America,Consumer
C1037,2023-03-15,France,Europe,Small Business
C1038,2023-12-02,Mexico,North America,Consumer
C1039,2022-11-16,Japan,APAC,Consumer
C1040,2023-03-11,France,Europe,Enterprise
C1041,2023-11-03,India,APAC,Consumer
C1042,2022-09-29,Australia,APAC,Consumer
C1043,2023-09-06,United Kingdom,Europe,Enterprise
C1044,2023-01-26,India,APAC,Consumer
C1045,2023-10-04,India,APAC,Consumer
C1046,2022-12-08,Germany,Europe,Consumer
C1047,2023-04-05,United Kingdom,Europe,Consumer
C1048,2022-08-24,Australia,APAC,Consumer
C1049,2023-04-09,Canada,North America,Consumer
C1050,2022-08-27,Mexico,North America,Small Business
C1051,2023-03-21,United States,North America,Consumer
C1052,2023-07-30,Singapore,APAC,Consumer
C1053,2022-11-14,Japan,APAC,Consumer
C1054,2022-11-10,Australia,APAC,Consumer
C1055,2022-08-24,Singapore,APAC,Enterprise
C1056,2023-06-18,France,Europe,Consumer
C1057,2023-03-09,Italy,Europe,Consumer
C1058,2023-01-13,Canada,North America,Small Business
C1059,2022-01-19,United States,North America,Small Business
C1060,2022-03-22,Japan,APAC,Enterprise
C1061,2022-01-06,France,Europe,Consumer
C1062,2023-09-13,Italy,Europe,Consumer
C1063,2023-09-14,Singapore,APAC,Consumer
C1064,2022-02-19,Japan,APAC,Consumer
C1065,2022-02-03,Italy,Europe,Small Business
C1066,2023-07-25,Italy,Europe,Consumer
C1067,2023-01-19,United Kingdom,Europe,Consumer
C1068,2022-08-14,United States,North America,Enterprise
C1069,2023-03-25,France,Europe,Enterprise
C1070,2022-06-22,Mexico,North America,Consumer
C1071,2022-05-25,Germany,Europe,Enterprise
C1072,2022-09-26,India,APAC,Consumer
C1073,2023-10-16,United Kingdom,Europe,Consumer
C1074,2023-07-15,United States,North America,Consumer
C1075,2022-05-19,United Kingdom,Europe,Enterprise
C1076,2023-02-15,United Kingdom,Europe,Enterprise
C1077,2023-10-08,Japan,APAC,Consumer
C1078,2023-11-26,Italy,Europe,Consumer
C1079,2023-07-11,Singapore,APAC,Consumer
C1080,2022-04-05,Japan,APAC,Consumer
C1081,2022-06-25,Germany,Europe,Small Business
C1082,2022-06-09,India,APAC,Consumer
C1083,2022-04-21,Canada,North America,Small Business
C1084,2022-05-08,United States,North America,Consumer
C1085,2022-08-19,United States,North America,Consumer
C1086,2023-02-10,Australia,APAC,Consumer
C1087,2022-10-18,France,Europe,Enterprise
C1088,2022-11-04,Canada,North America,Consumer
C1089,2022-06-29,Spain,Europe,Consumer
C1090,2022-04-21,Canada,North America,Consumer
C1091,2023-12-31,Australia,APAC,Enterprise
C1092,2023-03-14,France,Europe,Small Business
C1093,2022-06-17,Germany,Europe,Small Business
C1094,2023-08-15,United Kingdom,Europe,Consumer
C1095,2023-08-30,Japan,APAC,Small Business
C1096,2023-12-07,Germany,Europe,Consumer
C1097,2022-04-27,United States,North America,Small Business
C1098,2023-04-13,United States,North America,Consumer
C1099,2023-12-17,Argentina,LATAM,Consumer
C1100,2023-08-12,Brazil,LATAM,Enterprise
C1101,2022-06-14,Australia,APAC,Enterprise
C1102,2023-10-14,United Kingdom,Europe,Consumer
C1103,2022-11-04,Argentina,LATAM,Consumer
C1104,2022-12-23,Singapore,APAC,Small Business
C1105,2023-02-12,Australia,APAC,Enterprise
C1106,2023-07-18,France,Europe,Small Business
C1107,2022-03-29,United Kingdom,Europe,Consumer
C1108,2023-01-29,United States,North America,Consumer
C1109,2023-08-20,Brazil,LATAM,Small Business
C1110,2023-02-05,France,Europe,Small Business
C1111,2022-07-20,Mexico,North America,Small Business
C1112,2022-02-11,United Kingdom,Europe,Consumer
C1113,2023-02-05,Italy,Europe,Consumer
C1114,2023-05-29,Canada,North America,Consumer
C1115,2023-02-06,India,APAC,Small Business
C1116,2023-12-16,Singapore,APAC,Consumer
C1117,2023-03-16,Australia,APAC,Consumer
C1118,2023-01-07,France,Europe,Small Business
C1119,2022-02-10,Japan,APAC,Small Business
C1120,2023-02-12,Japan,APAC,Consumer
C1121,2022-05-04,Japan,APAC,Small Business
C1122,2023-06-14,United States,North America,Consumer
C1123,2022-04-28,Germany,Europe,Consumer
C1124,2023-10-24,United States,North America,Consumer
C1125,2022-08-09,Spain,Europe,Consumer
C1126,2022-11-13,Germany,Europe,Enterprise
C1127,2022-04-16,Canada,North America,Enterprise
C1128,2022-06-03,United States,North America,Consumer
C1129,2023-11-05,Japan,APAC,Small Business
C1130,2022-07-27,Canada,North America,Consumer
C1131,2023-01-10,Brazil,LATAM,Small Business
C1132,2023-12-18,Italy,Europe,Small Business
C1133,2023-04-01,Germany,Europe,Consumer
C1134,2022-01-31,Japan,APAC,Consumer
C1135,2022-09-18,United States,North America,Consumer
C1136,2022-10-10,Argentina,LATAM,Consumer
C1137,2022-07-21,France,Europe,Enterprise
C1138,2022-06-26,Singapore,APAC,Consumer
C1139,2023-01-03,United States,North America,Consumer
C1140,2022-10-03,France,Europe,Consumer
C1141,2022-08-03,Spain,Europe,Enterprise
C1142,2022-10-29,Argentina,LATAM,Consumer
C1143,2022-09-08,Italy,Europe,Small Business
C1144,2022-06-16,France,Europe,Consumer
C1145,2022-11-27,United Kingdom,Europe,Consumer
C1146,2023-11-19,Germany,Europe,Consumer
C1147,2023-01-05,Spain,Europe,Consumer
C1148,2023-03-13,France,Europe,Consumer
C1149,2023-12-20,United States,North America,Small Business
C1150,2023-03-24,India,APAC,Small Business
C1151,2022-06-13,Brazil,LATAM,Consumer
C1152,2022-10-18,Canada,North America,Consumer
C1153,2022-12-23,Italy,Europe,Consumer
C1154,2022-12-13,United States,North America,Consumer
C1155,2022-04-20,Japan,APAC,Small Business
C1156,2022-03-19,United Kingdom,Europe,Small Business
C1157,2022-09-13,Japan,APAC,Small Business
C1158,2023-10-30,Australia,APAC,Consumer
C1159,2023-06-08,Singapore,APAC,Consumer
C1160,2023-09-07,United States,North America,Consumer
C1161,2022-05-08,Brazil,LATAM,Enterprise
C1162,2022-10-30,Mexico,North America,Consumer
C1163,2023-03-01,United States,North America,Enterprise
C1164,2022-11-14,Italy,Europe,Consumer
C1165,2022-11-01,Germany,Europe,Consumer
C1166,2022-09-20,India,APAC,Small Business
C1167,2022-02-07,India,APAC,Consumer
C1168,2023-09-18,United Kingdom,Europe,Consumer
C1169,2023-11-13,Argentina,LATAM,Consumer
C1170,2022-03-01,United Kingdom,Europe,Enterprise
C1171,2022-10-29,Spain,Europe,Consumer
C1172,2023-01-14,United Kingdom,Europe,Enterprise
C1173,2023-07-27,Argentina,LATAM,Consumer
C1174,2023-12-22,Canada,North America,Consumer
C1175,2022-10-31,United States,North America,Consumer
C1176,2023-07-01,France,Europe,Consumer
C1177,2023-11-16,Chile,LATAM,Enterprise
C1178,2023-08-30,Brazil,LATAM,Enterprise
C1179,2022-08-01,Singapore,APAC,Enterprise
C1180,2023-08-20,Brazil,LATAM,Enterprise
C1181,2022-10-28,Brazil,LATAM,Consumer
C1182,2022-01-13,Spain,Europe,Consumer
C1183,2023-07-08,United Kingdom,Europe,Small Business
C1184,2023-09-02,Singapore,APAC,Consumer
C1185,2022-09-08,Japan,APAC,Small Business
C1186,2022-11-26,Germany,Europe,Consumer
C1187,2022-09-23,United States,North America,Consumer
C1188,2022-03-27,Singapore,APAC,Consumer
C1189,2023-12-28,United Kingdom,Europe,Consumer
C1190,2022-01-17,Argentina,LATAM,Consumer
C1191,2023-02-10,United Kingdom,Europe,Consumer
C1192,2022-01-11,United States,North America,Consumer
C1193,2023-05-19,India,APAC,Consumer
C1194,2023-10-20,Canada,North America,Consumer
C1195,2023-04-15,Canada,North America,Consumer
C1196,2023-03-19,Japan,APAC,Consumer
C1197,2023-08-28,Brazil,LATAM,Small Business
C1198,2023-12-13,Mexico,North America,Consumer
C1199,2023-09-22,United Kingdom,Europe,Consumer
C1200,2022-06-18,Singapore,APAC,Consumer
C1201,2023-02-16,Argentina,LATAM,Consumer
C1202,2023-08-21,Spain,Europe,Consumer
C1203,2022-08-04,Canada,North America,Consumer
C1204,2023-05-08,United States,North America,Consumer
C1205,2022-01-17,Mexico,North America,Consumer
C1206,2023-10-03,United States,North America,Consumer
C1207,2023-03-25,Australia,APAC,Consumer
C1208,2023-06-27,United States,North America,Consumer
C1209,2023-08-26,Spain,Europe,Consumer
C1210,2022-06-09,Australia,APAC,Consumer
C1211,2022-11-25,Italy,Europe,Small Business
C1212,2023-09-19,Mexico,North America,Consumer
C1213,2022-05-01,India,APAC,Consumer
C1214,2023-08-24,Australia,APAC,Consumer
C1215,2022-07-30,Australia,APAC,Consumer
C1216,2023-02-25,United States,North America,Consumer
C1217,2023-01-08,United States,North America,Small Business
C1218,2023-05-17,Brazil,LATAM,Small Business
C1219,2023-09-03,Germany,Europe,Consumer
C1220,2022-09-12,United Kingdom,Europe,Consumer
C1221,2022-05-06,Spain,Europe,Small Business
C1222,2022-11-05,Japan,APAC,Consumer
C1223,2023-03-23,Argentina,LATAM,Consumer
C1224,2023-07-02,United Kingdom,Europe,Small Business
C1225,2023-07-04,Brazil,LATAM,Consumer
C1226,2022-09-06,United States,North America,Consumer
C1227,2023-11-15,Italy,Europe,Consumer
C1228,2022-03-02,Japan,APAC,Consumer
C1229,2022-03-27,United States,North America,Consumer
C1230,2022-01-19,Canada,North America,Consumer
C1231,2023-11-08,France,Europe,Consumer
C1232,2022-05-12,Argentina,LATAM,Consumer
C1233,2023-03-16,Japan,APAC,Consumer
C1234,2023-08-17,Argentina,LATAM,Small Business
C1235,2023-07-14,India,APAC,Consumer
C1236,2023-11-24,France,Europe,Small Business
C1237,2022-02-09,Singapore,APAC,Consumer
C1238,2022-10-25,United States,North America,Consumer
C1239,2023-01-05,United States,North America,Consumer
C1240,2023-05-24,India,APAC,Consumer
C1241,2023-03-31,India,APAC,Consumer
C1242,2023-02-13,United Kingdom,Europe,Small Business
C1243,2022-08-12,Spain,Europe,Enterprise
C1244,2022-03-19,Japan,APAC,Small Business
C1245,2022-11-12,Brazil,LATAM,Consumer
C1246,2022-07-09,Japan,APAC,Consumer
C1247,2023-02-09,Germany,Europe,Consumer
C1248,2023-08-05,Germany,Europe,Consumer
C1249,2023-02-08,France,Europe,Small Business
C1250,2023-03-02,Japan,APAC,Small Business
C1251,2022-01-31,Brazil,LATAM,Consumer
C1252,2023-04-16,France,Europe,Enterprise
C1253,2022-11-17,United Kingdom,Europe,Small Business
C1254,2022-04-01,United Kingdom,Europe,Consumer
C1255,2022-06-06,Singapore,APAC,Enterprise
C1256,2023-07-24,India,APAC,Consumer
C1257,2023-11-01,United States,North America,Consumer
C1258,2023-01-06,United States,North America,Consumer
C1259,2023-12-14,Japan,APAC,Consumer
C1260,2022-05-12,Canada,North America,Consumer
C1261,2022-08-07,India,APAC,Enterprise
C1262,2023-11-10,United Kingdom,Europe,Consumer
C1263,2022-05-08,Canada,North America,Consumer
C1264,2023-04-27,Brazil,LATAM,Consumer
C1265,2022-06-10,Canada,North America,Consumer
C1266,2022-08-30,United Kingdom,Europe,Small Business
C1267,2022-12-15,Canada,North America,Consumer
C1268,2022-09-20,United States,North America,Enterprise
C1269,2023-10-01,United States,North America,Consumer
C1270,2023-12-12,United States,North America,Consumer
C1271,2023-01-01,Canada,North America,Consumer
C1272,2023-01-19,United States,North America,Consumer
C1273,2022-02-10,Japan,APAC,Enterprise
C1274,2022-06-20,Australia,APAC,Consumer
C1275,2022-01-30,Germany,Europe,Consumer
C1276,2023-09-18,United Kingdom,Europe,Consumer
C1277,2022-06-15,Spain,Europe,Small Business
C1278,2022-09-06,Brazil,LATAM,Consumer
C1279,2023-09-08,India,APAC,Small Business
C1280,2023-06-05,United States,North America,Small Business
C1281,2023-03-30,Canada,North America,Consumer
C1282,2022-01-29,United Kingdom,Europe,Consumer
C1283,2023-02-15,United Kingdom,Europe,Consumer
C1284,2023-02-14,Italy,Europe,Consumer
C1285,2022-08-21,Germany,Europe,Enterprise
C1286,2023-06-28,United States,North America,Consumer
C1287,2023-11-10,Germany,Europe,Small Business
C1288,2022-07-09,Spain,Europe,Consumer
C1289,2022-08-30,United States,North America,Consumer
C1290,2022-08-24,India,APAC,Small Business
C1291,2023-09-02,United States,North America,Consumer
C1292,2022-02-26,Brazil,LATAM,Consumer
C1293,2023-10-17,United States,North America,Consumer
C1294,2023-07-20,India,APAC,Consumer
C1295,2022-12-19,Brazil,LATAM,Small Business
C1296,2023-03-02,Chile,LATAM,Consumer
C1297,2023-10-15,India,APAC,Small Business
C1298,2023-07-16,Singapore,APAC,Consumer
C1299,2022-07-22,Japan,APAC,Consumer
C1300,2022-02-06,Singapore,APAC,Consumer
C1301,2023-04-26,United States,North America,Small Business
C1302,2022-04-17,Italy,Europe,Consumer
C1303,2022-03-06,Spain,Europe,Consumer
C1304,2023-12-19,India,APAC,Consumer
C1305,2022-12-12,France,Europe,Consumer
C1306,2023-04-21,Germany,Europe,Small Business
C1307,2022-06-08,Japan,APAC,Consumer
C1308,2022-03-16,United Kingdom,Europe,Enterprise
C1309,2022-02-15,Canada,North America,Consumer
C1310,2022-09-16,France,Europe,Consumer
C1311,2022-01-03,Germany,Europe,Consumer
C1312,2022-11-03,United Kingdom,Europe,Small Business
C1313,2022-08-26,Germany,Europe,Consumer
C1314,2023-01-20,Germany,Europe,Consumer
C1315,2023-03-07,Germany,Europe,Consumer
C1316,2022-08-14,Germany,Europe,Consumer
C1317,2022-11-29,Australia,APAC,Consumer
C1318,2022-02-27,United Kingdom,Europe,Enterprise
C1319,2022-08-09,Argentina,LATAM,Consumer
C1320,2023-12-16,Brazil,LATAM,Consumer
C1321,2023-12-25,France,Europe,Consumer
C1322,2022-12-21,Germany,Europe,Consumer
C1323,2023-11-17,Italy,Europe,Consumer
C1324,2023-01-01,India,APAC,Enterprise
C1325,2022-04-02,Japan,APAC,Consumer
C1326,2023-09-26,India,APAC,Small Business
C1327,2022-10-31,Spain,Europe,Consumer
C1328,2023-03-24,Japan,APAC,Small Business
C1329,2023-04-19,United Kingdom,Europe,Consumer
C1330,2022-08-13,Australia,APAC,Enterprise
C1331,2023-06-20,Mexico,North America,Consumer
C1332,2023-01-01,Australia,APAC,Consumer
C1333,2022-09-25,Brazil,LATAM,Consumer
C1334,2022-08-06,United States,North America,Consumer
C1335,2023-06-29,Japan,APAC,Consumer
C1336,2022-07-02,United States,North America,Consumer
C1337,2022-04-01,Australia,APAC,Small Business
C1338,2023-10-06,United States,North America,Small Business
C1339,2022-08-31,Argentina,LATAM,Consumer
C1340,2023-04-13,United States,North America,Small Business
C1341,2023-06-07,Argentina,LATAM,Consumer
C1342,2023-09-04,India,APAC,Consumer
C1343,2023-04-02,Japan,APAC,Consumer
C1344,2023-06-01,Singapore,APAC,Consumer
C1345,2023-09-04,India,APAC,Consumer
C1346,2023-11-20,Argentina,LATAM,Consumer
C1347,2022-02-04,United Kingdom,Europe,Consumer
C1348,2023-06-27,Japan,APAC,Consumer
C1349,2022-05-08,United States,North America,Small Business
C1350,2023-10-13,Japan,APAC,Consumer
C1351,2022-02-05,Canada,North America,Small Business
C1352,2022-06-30,Italy,Europe,Consumer
C1353,2022-05-21,Italy,Europe,Consumer
C1354,2023-03-17,France,Europe,Consumer
C1355,2022-01-04,Spain,Europe,Small Business
C1356,2022-01-13,Singapore,APAC,Consumer
C1357,2023-01-04,India,APAC,Consumer
C1358,2023-12-11,Spain,Europe,Small Business
C1359,2023-01-21,Japan,APAC,Small Business
C1360,2022-11-22,Argentina,LATAM,Consumer
C1361,2023-04-26,United States,North America,Consumer
C1362,2023-02-07,United States,North America,Consumer
C1363,2022-10-08,United States,North America,Consumer
C1364,2023-03-06,Japan,APAC,Small Business
C1365,2022-01-03,France,Europe,Consumer
C1366,2022-06-28,Singapore,APAC,Consumer
C1367,2023-05-07,Japan,APAC,Consumer
C1368,2022-09-07,Germany,Europe,Consumer
C1369,2022-02-09,Brazil,LATAM,Consumer
C1370,2022-04-01,Singapore,APAC,Consumer
C1371,2023-09-25,United Kingdom,Europe,Consumer
C1372,2022-08-29,Germany,Europe,Consumer
C1373,2022-01-17,United Kingdom,Europe,Consumer
C1374,2023-06-17,Canada,North America,Consumer
C1375,2023-01-23,Canada,North America,Consumer
C1376,2022-11-26,Argentina,LATAM,Consumer
C1377,2023-10-16,France,Europe,Small Business
C1378,2022-08-18,Germany,Europe,Enterprise
C1379,2023-02-22,Australia,APAC,Enterprise
C1380,2023-06-28,Italy,Europe,Consumer
C1381,2023-03-21,Argentina,LATAM,Consumer
C1382,2022-06-01,Singapore,APAC,Consumer
C1383,2023-05-13,France,Europe,Small Business
C1384,2023-06-27,Germany,Europe,Consumer
C1385,2022-03-31,Chile,LATAM,Consumer
C1386,2022-05-01,Australia,APAC,Consumer
C1387,2023-05-08,Argentina,LATAM,Consumer
C1388,2022-03-28,United States,North America,Small Business
C1389,2023-10-05,India,APAC,Consumer
C1390,2022-03-21,Japan,APAC,Consumer
C1391,2023-12-13,United States,North America,Enterprise
C1392,2023-05-06,Japan,APAC,Consumer
C1393,2022-11-20,Australia,APAC,Consumer
C1394,2022-07-15,United States,North America,Consumer
C1395,2022-09-09,France,Europe,Consumer
C1396,2023-07-01,India,APAC,Consumer
C1397,2023-07-04,United Kingdom,Europe,Consumer
C1398,2022-06-02,France,Europe,Enterprise
C1399,2023-02-01,France,Europe,Consumer
C1400,2023-12-26,United Kingdom,Europe,Consumer
C1401,2022-07-07,Brazil,LATAM,Consumer
C1402,2023-05-22,Singapore,APAC,Enterprise
C1403,2022-05-06,United States,North America,Consumer
C1404,2023-09-01,Chile,LATAM,Enterprise
C1405,2022-05-05,Brazil,LATAM,Consumer
C1406,2022-08-06,United Kingdom,Europe,Consumer
C1407,2022-12-02,India,APAC,Small Business
C1408,2022-09-28,United States,North America,Consumer
C1409,2022-05-05,Chile,LATAM,Consumer
C1410,2023-04-13,Japan,APAC,Enterprise
C1411,2022-01-15,Japan,APAC,Consumer
C1412,2023-12-19,United States,North America,Consumer
C1413,2022-02-08,Brazil,LATAM,Small Business
C1414,2022-09-01,United States,North America,Enterprise
C1415,2023-11-10,United Kingdom,Europe,Enterprise
C1416,2022-04-24,Canada,North America,Small Business
C1417,2022-02-23,Singapore,APAC,Consumer
C1418,2023-06-28,Mexico,North America,Enterprise
C1419,2022-02-23,Brazil,LATAM,Consumer
C1420,2023-10-19,Japan,APAC,Consumer
C1421,2022-11-26,United States,North America,Consumer
C1422,2023-09-27,United States,North America,Small Business
C1423,2022-06-28,United States,North America,Consumer
C1424,2022-04-14,Japan,APAC,Small Business
C1425,2023-12-04,India,APAC,Consumer
C1426,2023-07-11,United Kingdom,Europe,Consumer
C1427,2023-10-28,India,APAC,Consumer
C1428,2022-08-22,United States,North America,Consumer
C1429,2022-10-23,India,APAC,Consumer
C1430,2023-02-26,Brazil,LATAM,Consumer
C1431,2022-11-24,Singapore,APAC,Consumer
C1432,2022-06-27,Australia,APAC,Consumer
C1433,2022-10-01,India,APAC,Consumer
C1434,2023-03-21,United States,North America,Consumer
C1435,2022-01-28,Mexico,North America,Consumer
C1436,2022-09-03,United States,North America,Consumer
C1437,2022-08-02,Spain,Europe,Consumer
C1438,2022-02-21,Singapore,APAC,Consumer
C1439,2022-03-31,Japan,APAC,Consumer
C1440,2022-12-28,India,APAC,Consumer
C1441,2022-03-16,Canada,North America,Consumer
C1442,2022-09-09,Australia,APAC,Consumer
C1443,2023-02-14,Mexico,North America,Consumer
C1444,2023-09-30,United Kingdom,Europe,Consumer
C1445,2022-03-14,Australia,APAC,Consumer
C1446,2022-11-14,Chile,LATAM,Enterprise
C1447,2022-03-17,Japan,APAC,Consumer
C1448,2022-11-09,United States,North America,Consumer
C1449,2022-12-17,Japan,APAC,Enterprise
C1450,2023-08-07,United States,North America,Consumer
C1451,2022-11-19,Brazil,LATAM,Consumer
C1452,2023-11-14,Australia,APAC,Small Business
C1453,2022-04-11,Canada,North America,Consumer
C1454,2022-02-08,United States,North America,Small Business
C1455,2022-01-04,Canada,North America,Consumer
C1456,2022-09-18,Chile,LATAM,Consumer
C1457,2022-05-21,France,Europe,Consumer
C1458,2022-03-08,Singapore,APAC,Consumer
C1459,2022-06-22,Japan,APAC,Enterprise
C1460,2023-12-13,Italy,Europe,Consumer
C1461,2023-08-08,Canada,North America,Consumer
C1462,2022-01-14,Argentina,LATAM,Consumer
C1463,2023-10-31,United Kingdom,Europe,Small Business
C1464,2022-05-30,Italy,Europe,Consumer
C1465,2022-10-24,Australia,APAC,Small Business
C1466,2022-08-28,Japan,APAC,Consumer
C1467,2022-10-23,Argentina,LATAM,Small Business
C1468,2023-07-10,Canada,North America,Consumer
C1469,2023-06-05,Spain,Europe,Consumer
C1470,2023-03-10,Germany,Europe,Consumer
C1471,2023-04-03,France,Europe,Consumer
C1472,2023-06-16,United States,North America,Consumer
C1473,2022-05-15,United States,North America,Consumer
C1474,2022-10-16,United Kingdom,Europe,Small Business
C1475,2022-03-20,United Kingdom,Europe,Small Business
C1476,2023-05-30,France,Europe,Small Business
C1477,2022-11-16,Japan,APAC,Enterprise
C1478,2023-04-11,Japan,APAC,Enterprise
C1479,2023-02-17,Germany,Europe,Consumer
C1480,2022-07-19,Germany,Europe,Consumer
C1481,2022-04-12,Mexico,North America,Small Business
C1482,2023-12-12,Japan,APAC,Enterprise
C1483,2022-08-03,United Kingdom,Europe,Enterprise
C1484,2022-03-21,United States,North America,Small Business
C1485,2022-08-12,Germany,Europe,Consumer
C1486,2023-10-21,France,Europe,Enterprise
C1487,2022-07-10,Mexico,North America,Enterprise
C1488,2023-12-22,Italy,Europe,Consumer
C1489,2022-12-03,Italy,Europe,Small Business
C1490,2023-09-22,Australia,APAC,Consumer
C1491,2023-04-22,Japan,APAC,Enterprise
C1492,2022-02-02,Japan,APAC,Consumer
C1493,2023-01-07,United Kingdom,Europe,Small Business
C1494,2022-11-01,Singapore,APAC,Consumer
C1495,2022-05-28,Italy,Europe,Consumer
C1496,2023-02-06,France,Europe,Consumer
C1497,2022-03-17,Japan,APAC,Consumer
C1498,2023-05-25,Germany,Europe,Consumer
C1499,2023-08-23,Spain,Europe,Enterprise
C1500,2022-03-09,Australia,APAC,Consumer
C1501,2022-12-16,Brazil,LATAM,Small Business
C1502,2023-04-24,Brazil,LATAM,Consumer
C1503,2022-02-15,Spain,Europe,Consumer
C1504,2022-10-12,Spain,Europe,Small Business
C1505,2022-07-08,India,APAC,Small Business
C1506,2022-01-29,United Kingdom,Europe,Consumer
C1507,2023-08-10,India,APAC,Small Business
C1508,2022-11-21,Spain,Europe,Small Business
C1509,2023-07-03,United States,North America,Consumer
C1510,2023-03-05,United States,North America,Enterprise
C1511,2023-10-02,India,APAC,Small Business
C1512,2023-12-29,United States,North America,Consumer
C1513,2023-03-16,United Kingdom,Europe,Consumer
C1514,2022-09-15,Germany,Europe,Consumer
C1515,2022-11-05,Canada,North America,Consumer
C1516,2023-08-26,United Kingdom,Europe,Small Business
C1517,2022-11-08,Australia,APAC,Small Business
C1518,2023-01-15,United States,North America,Consumer
C1519,2022-05-22,India,APAC,Consumer
C1520,2023-12-24,India,APAC,Consumer
C1521,2023-04-21,Germany,Europe,Consumer
C1522,2022-08-30,Canada,North America,Enterprise
C1523,2023-03-04,Japan,APAC,Consumer
C1524,2022-10-20,United States,North America,Consumer
C1525,2022-04-24,Germany,Europe,Consumer
C1526,2023-10-01,Argentina,LATAM,Consumer
C1527,2023-10-09,Chile,LATAM,Small Business
C1528,2023-09-02,Singapore,APAC,Enterprise
C1529,2022-09-26,United Kingdom,Europe,Consumer
C1530,2022-07-07,Australia,APAC,Consumer
C1531,2022-02-06,Australia,APAC,Consumer
C1532,2023-06-19,Germany,Europe,Consumer
C1533,2022-08-28,Japan,APAC,Consumer
C1534,2023-10-14,United States,North America,Consumer
C1535,2023-09-27,Mexico,North America,Small Business
C1536,2022-04-04,Spain,Europe,Consumer
C1537,2023-11-01,Canada,North America,Consumer
C1538,2022-04-13,Canada,North America,Consumer
C1539,2022-12-24,India,APAC,Small Business
C1540,2022-12-12,Chile,LATAM,Consumer
C1541,2023-11-30,Italy,Europe,Consumer
C1542,2023-04-25,India,APAC,Small Business
C1543,2023-10-01,Chile,LATAM,Consumer
C1544,2023-03-11,Canada,North America,Enterprise
C1545,2023-08-26,France,Europe,Consumer
C1546,2023-09-15,Germany,Europe,Small Business
C1547,2023-09-20,United States,North America,Enterprise
C1548,2022-10-28,Singapore,APAC,Consumer
C1549,2022-10-06,France,Europe,Consumer
C1550,2023-12-20,France,Europe,Consumer
C1551,2023-07-07,Canada,North America,Small Business
C1552,2023-11-01,Canada,North America,Enterprise
C1553,2023-02-26,Brazil,LATAM,Small Business
C1554,2023-11-10,United States,North America,Enterprise
C1555,2023-06-10,United Kingdom,Europe,Consumer
C1556,2023-06-27,United Kingdom,Europe,Consumer
C1557,2022-05-10,Spain,Europe,Consumer
C1558,2023-02-18,Japan,APAC,Small Business
C1559,2023-06-18,Spain,Europe,Small Business
C1560,2023-07-10,United States,North America,Consumer
C1561,2023-12-01,United Kingdom,Europe,Consumer
C1562,2022-08-27,India,APAC,Consumer
C1563,2022-08-09,Japan,APAC,Small Business
C1564,2023-12-09,Japan,APAC,Enterprise
C1565,2023-12-21,Japan,APAC,Consumer
C1566,2022-05-12,Singapore,APAC,Consumer
C1567,2022-10-04,United States,North America,Consumer
C1568,2023-11-24,Germany,Europe,Consumer
C1569,2022-05-26,Italy,Europe,Enterprise
C1570,2023-07-26,Germany,Europe,Consumer
C1571,2022-03-23,India,APAC,Consumer
C1572,2022-05-11,France,Europe,Consumer
C1573,2023-07-28,Singapore,APAC,Consumer
C1574,2023-03-20,India,APAC,Enterprise
C1575,2023-02-10,Spain,Europe,Consumer
C1576,2023-09-18,Brazil,LATAM,Consumer
C1577,2022-08-13,Japan,APAC,Consumer
C1578,2023-01-03,India,APAC,Enterprise
C1579,2023-03-21,Germany,Europe,Enterprise
C1580,2023-06-25,Spain,Europe,Consumer
C1581,2022-08-31,Spain,Europe,Consumer
C1582,2023-04-08,United States,North America,Consumer
C1583,2022-11-24,Germany,Europe,Consumer
C1584,2023-01-31,Brazil,LATAM,Consumer
C1585,2023-09-22,Japan,APAC,Small Business
C1586,2022-10-15,Canada,North America,Enterprise
C1587,2023-05-03,Germany,Europe,Consumer
C1588,2023-11-19,Mexico,North America,Consumer
C1589,2023-07-11,United States,North America,Consumer
C1590,2023-12-23,Brazil,LATAM,Consumer
C1591,2023-03-02,France,Europe,Consumer
C1592,2022-07-25,United Kingdom,Europe,Consumer
C1593,2023-12-25,Japan,APAC,Enterprise
C1594,2023-04-16,United States,North America,Consumer
C1595,2022-06-26,United Kingdom,Europe,Small Business
C1596,2022-08-20,Australia,APAC,Consumer
C1597,2022-07-11,Japan,APAC,Consumer
C1598,2023-09-01,Chile,LATAM,Consumer
C1599,2022-03-09,Japan,APAC,Enterprise
C1600,2023-06-25,France,Europe,Consumer
C1601,2023-02-09,Singapore,APAC,Consumer
C1602,2022-02-23,Brazil,LATAM,Small Business
C1603,2023-03-24,Australia,APAC,Small Business
C1604,2023-07-04,Argentina,LATAM,Consumer
C1605,2023-06-14,Singapore,APAC,Consumer
C1606,2023-01-21,Brazil,LATAM,Consumer
C1607,2022-09-02,United States,North America,Small Business
C1608,2022-04-30,Australia,APAC,Consumer
C1609,2022-01-09,France,Europe,Consumer
C1610,2022-09-20,Italy,Europe,Consumer
C1611,2023-04-07,Japan,APAC,Consumer
C1612,2022-01-28,Argentina,LATAM,Enterprise
C1613,2023-12-31,Chile,LATAM,Small Business
C1614,2023-03-04,United Kingdom,Europe,Consumer
C1615,2022-08-04,Australia,APAC,Enterprise
C1616,2023-12-04,Singapore,APAC,Consumer
C1617,2022-05-15,Germany,Europe,Consumer
C1618,2023-12-01,United States,North America,Consumer
C1619,2022-07-25,United States,North America,Small Business
C1620,2022-10-05,Singapore,APAC,Consumer
C1621,2022-11-07,Spain,Europe,Consumer
C1622,2023-12-28,Chile,LATAM,Small Business
C1623,2022-07-03,France,Europe,Consumer
C1624,2023-12-12,Chile,LATAM,Enterprise
C1625,2022-09-11,Germany,Europe,Consumer
C1626,2022-07-28,India,APAC,Consumer
C1627,2023-04-11,United States,North America,Consumer
C1628,2023-05-22,Italy,Europe,Consumer
C1629,2022-09-09,India,APAC,Consumer
C1630,2022-04-08,Brazil,LATAM,Consumer
C1631,2022-10-17,India,APAC,Enterprise
C1632,2023-01-30,United States,North America,Small Business
C1633,2022-01-30,Germany,Europe,Small Business
C1634,2022-02-27,United States,North America,Consumer
C1635,2023-11-02,United States,North America,Consumer
C1636,2022-01-27,Australia,APAC,Consumer
C1637,2022-10-25,Australia,APAC,Consumer
C1638,2023-07-12,Singapore,APAC,Small Business
C1639,2022-08-28,Brazil,LATAM,Consumer
C1640,2022-12-28,Australia,APAC,Consumer
C1641,2022-03-05,India,APAC,Consumer
C1642,2023-08-03,United States,North America,Consumer
C1643,2023-04-08,United Kingdom,Europe,Consumer
C1644,2023-09-14,Japan,APAC,Consumer
C1645,2023-09-23,India,APAC,Consumer
C1646,2022-09-14,United States,North America,Consumer
C1647,2022-01-31,Spain,Europe,Consumer
C1648,2022-09-10,Australia,APAC,Small Business
C1649,2022-04-17,United States,North America,Consumer
C1650,2023-01-25,Germany,Europe,Consumer
C1651,2022-04-17,Brazil,LATAM,Consumer
C1652,2023-11-04,Japan,APAC,Consumer
C1653,2023-03-16,United Kingdom,Europe,Small Business
C1654,2022-07-04,India,APAC,Consumer
C1655,2023-11-04,Germany,Europe,Enterprise
C1656,2023-07-16,India,APAC,Small Business
C1657,2022-11-16,United Kingdom,Europe,Consumer
C1658,2022-04-17,Japan,APAC,Consumer
C1659,2022-09-08,Germany,Europe,Consumer
C1660,2023-03-03,United Kingdom,Europe,Consumer
C1661,2023-07-14,Brazil,LATAM,Consumer
C1662,2022-07-11,Mexico,North America,Consumer
C1663,2023-06-27,United States,North America,Consumer
C1664,2022-07-26,Germany,Europe,Consumer
C1665,2022-06-30,Australia,APAC,Consumer
C1666,2022-11-23,India,APAC,Consumer
C1667,2022-04-28,Chile,LATAM,Enterprise
C1668,2022-10-23,United Kingdom,Europe,Consumer
C1669,2022-09-19,Germany,Europe,Consumer
C1670,2022-07-24,United States,North America,Enterprise
C1671,2023-07-21,Italy,Europe,Consumer
C1672,2022-08-31,Chile,LATAM,Consumer
C1673,2023-05-23,Australia,APAC,Consumer
C1674,2023-06-10,Japan,APAC,Consumer
C1675,2023-05-02,Germany,Europe,Small Business
C1676,2022-07-16,Brazil,LATAM,Consumer
C1677,2023-08-29,Spain,Europe,Consumer
C1678,2022-06-22,United States,North America,Consumer
C1679,2022-07-22,Germany,Europe,Consumer
C1680,2023-10-01,United States,North America,Consumer
C1681,2022-09-05,Mexico,North America,Small Business
C1682,2023-05-24,United States,North America,Consumer
C1683,2022-01-31,France,Europe,Consumer
C1684,2023-03-25,Japan,APAC,Consumer
C1685,2023-09-27,Germany,Europe,Enterprise
C1686,2023-06-02,France,Europe,Consumer
C1687,2023-03-02,Argentina,LATAM,Consumer
C1688,2023-09-12,Singapore,APAC,Consumer
C1689,2022-08-06,Italy,Europe,Small Business
C1690,2022-10-03,United Kingdom,Europe,Consumer
C1691,2022-02-20,Brazil,LATAM,Small Business
C1692,2023-05-25,United Kingdom,Europe,Consumer
C1693,2023-06-13,United Kingdom,Europe,Enterprise
C1694,2023-07-03,Brazil,LATAM,Enterprise
C1695,2023-07-01,Spain,Europe,Consumer
C1696,2022-04-03,Australia,APAC,Consumer
C1697,2023-05-02,Japan,APAC,Consumer
C1698,2023-07-12,Japan,APAC,Consumer
C1699,2022-05-29,United Kingdom,Europe,Consumer
C1700,2022-12-14,United Kingdom,Europe,Consumer
C1701,2023-10-29,United Kingdom,Europe,Enterprise
C1702,2022-10-30,Canada,North America,Consumer
C1703,2023-07-04,Brazil,LATAM,Consumer
C1704,2023-01-23,United Kingdom,Europe,Consumer
C1705,2023-04-26,Italy,Europe,Consumer
C1706,2023-04-03,India,APAC,Consumer
C1707,2023-04-21,Singapore,APAC,Consumer
C1708,2023-07-23,France,Europe,Consumer
C1709,2023-10-23,France,Europe,Enterprise
C1710,2022-08-04,Chile,LATAM,Consumer
C1711,2023-11-09,Australia,APAC,Enterprise
C1712,2023-04-04,India,APAC,Consumer
C1713,2023-03-11,Brazil,LATAM,Consumer
C1714,2022-08-28,Singapore,APAC,Consumer
C1715,2022-11-01,Canada,North America,Consumer
C1716,2023-04-21,Italy,Europe,Small Business
C1717,2022-09-23,United States,North America,Consumer
C1718,2022-07-29,Japan,APAC,Consumer
C1719,2023-08-21,Argentina,LATAM,Small Business
C1720,2022-10-31,Spain,Europe,Consumer
C1721,2023-04-16,France,Europe,Small Business
C1722,2022-01-23,United States,North America,Consumer
C1723,2022-02-26,Argentina,LATAM,Enterprise
C1724,2023-09-12,United States,North America,Consumer
C1725,2022-04-14,United States,North America,Consumer
C1726,2023-08-04,United Kingdom,Europe,Consumer
C1727,2023-10-20,United States,North America,Consumer
C1728,2022-12-18,France,Europe,Enterprise
C1729,2023-10-08,Spain,Europe,Consumer
C1730,2022-11-08,United Kingdom,Europe,Consumer
C1731,2023-11-26,United States,North America,Consumer
C1732,2022-06-23,United States,North America,Enterprise
C1733,2022-11-09,Germany,Europe,Consumer
C1734,2022-10-11,United States,North America,Small Business
C1735,2023-07-27,Australia,APAC,Consumer
C1736,2022-02-01,Mexico,North America,Enterprise
C1737,2023-08-28,United Kingdom,Europe,Consumer
C1738,2022-01-18,Germany,Europe,Consumer
C1739,2022-08-19,Germany,Europe,Consumer
C1740,2023-03-12,United States,North America,Consumer
C1741,2022-04-17,United States,North America,Enterprise
C1742,2022-12-24,Brazil,LATAM,Enterprise
C1743,2023-12-29,United States,North America,Consumer
C1744,2023-08-24,Spain,Europe,Enterprise
C1745,2022-01-23,Spain,Europe,Consumer
C1746,2023-03-08,Germany,Europe,Consumer
C1747,2023-03-13,France,Europe,Consumer
C1748,2022-02-19,Singapore,APAC,Consumer
C1749,2023-04-20,India,APAC,Consumer
C1750,2023-01-16,United Kingdom,Europe,Consumer
C1751,2023-05-13,United Kingdom,Europe,Consumer
C1752,2022-08-06,United Kingdom,Europe,Small Business
C1753,2022-07-06,France,Europe,Small Business
C1754,2023-06-22,Australia,APAC,Consumer
C1755,2023-06-11,Mexico,North America,Consumer
C1756,2022-04-29,Germany,Europe,Small Business
C1757,2022-06-07,Argentina,LATAM,Consumer
C1758,2023-03-05,United States,North America,Small Business
C1759,2023-08-29,France,Europe,Consumer
C1760,2022-05-28,Australia,APAC,Consumer
C1761,2022-06-09,Canada,North America,Consumer
C1762,2023-08-13,United States,North America,Small Business
C1763,2023-05-24,United States,North America,Enterprise
C1764,2023-10-21,Brazil,LATAM,Consumer
C1765,2023-07-26,United States,North America,Enterprise
C1766,2023-11-27,Mexico,North America,Enterprise
C1767,2022-05-18,United States,North America,Consumer
C1768,2022-07-18,United States,North America,Small Business
C1769,2022-06-23,Japan,APAC,Consumer
C1770,2022-02-10,United Kingdom,Europe,Consumer
C1771,2023-07-23,Italy,Europe,Consumer
C1772,2023-04-29,Japan,APAC,Enterprise
C1773,2022-03-04,India,APAC,Small Business
C1774,2022-05-25,United States,North America,Consumer
C1775,2022-05-20,India,APAC,Consumer
C1776,2022-10-22,Japan,APAC,Consumer
C1777,2022-11-29,Canada,North America,Small Business
C1778,2022-07-30,Singapore,APAC,Enterprise
C1779,2023-11-11,India,APAC,Consumer
C1780,2022-06-05,United Kingdom,Europe,Consumer
C1781,2023-02-15,Brazil,LATAM,Consumer
C1782,2022-11-16,France,Europe,Consumer
C1783,2022-10-11,Japan,APAC,Consumer
C1784,2023-08-26,Chile,LATAM,Consumer
C1785,2023-12-16,Germany,Europe,Consumer
C1786,2022-01-05,India,APAC,Consumer
C1787,2022-12-05,United Kingdom,Europe,Enterprise
C1788,2022-03-28,India,APAC,Consumer
C1789,2022-11-13,Japan,APAC,Consumer
C1790,2023-03-27,Mexico,North America,Small Business
C1791,2022-10-28,Germany,Europe,Enterprise
C1792,2022-08-14,United Kingdom,Europe,Consumer
C1793,2022-08-16,United States,North America,Consumer
C1794,2022-08-07,United States,North America,Consumer
C1795,2022-08-26,Germany,Europe,Consumer
C1796,2022-10-01,United States,North America,Consumer
C1797,2023-05-18,Canada,North America,Consumer
C1798,2022-03-12,Australia,APAC,Consumer
C1799,2022-01-30,Australia,APAC,Consumer
C1800,2023-01-13,Australia,APAC,Small Business
C1801,2023-05-13,United Kingdom,Europe,Consumer
C1802,2022-07-08,Brazil,LATAM,Consumer
C1803,2022-05-27,Japan,APAC,Consumer
C1804,2023-04-02,United States,North America,Small Business
C1805,2022-10-08,Canada,North America,Consumer
C1806,2023-06-22,Australia,APAC,Consumer
C1807,2022-04-17,Canada,North America,Consumer
C1808,2022-03-30,Spain,Europe,Consumer
C1809,2023-02-08,Chile,LATAM,Enterprise
C1810,2022-10-14,United States,North America,Small Business
C1811,2023-06-17,United States,North America,Consumer
C1812,2023-01-05,Chile,LATAM,Consumer
C1813,2022-09-16,Japan,APAC,Consumer
C1814,2022-04-27,United States,North America,Consumer
C1815,2022-04-30,Brazil,LATAM,Consumer
C1816,2023-07-06,Brazil,LATAM,Enterprise
C1817,2022-06-15,Italy,Europe,Small Business
C1818,2023-01-02,Japan,APAC,Consumer
C1819,2023-08-21,United Kingdom,Europe,Consumer
C1820,2023-10-18,United States,North America,Consumer
C1821,2022-07-15,Japan,APAC,Consumer
C1822,2022-03-22,United Kingdom,Europe,Consumer
C1823,2023-07-20,Japan,APAC,Enterprise
C1824,2023-05-17,India,APAC,Small Business
C1825,2022-08-30,United States,North America,Consumer
C1826,2023-03-10,Japan,APAC,Consumer
C1827,2022-05-18,Mexico,North America,Consumer
C1828,2023-05-27,Brazil,LATAM,Small Business
C1829,2023-06-15,United Kingdom,Europe,Consumer
C1830,2022-08-07,Japan,APAC,Consumer
C1831,2022-12-09,Italy,Europe,Consumer
C1832,2022-09-01,Germany,Europe,Consumer
C1833,2022-01-23,Australia,APAC,Consumer
C1834,2022-04-03,Australia,APAC,Consumer
C1835,2023-12-02,Italy,Europe,Consumer
C1836,2022-11-29,Singapore,APAC,Small Business
C1837,2022-04-18,Chile,LATAM,Consumer
C1838,2022-02-02,France,Europe,Consumer
C1839,2022-09-15,Spain,Europe,Small Business
C1840,2023-12-19,United States,North America,Consumer
C1841,2022-10-08,India,APAC,Consumer
C1842,2023-12-31,Spain,Europe,Consumer
C1843,2022-12-24,Germany,Europe,Consumer
C1844,2023-07-12,United States,North America,Small Business
C1845,2023-07-28,Brazil,LATAM,Consumer
C1846,2022-01-21,Germany,Europe,Consumer
C1847,2022-01-05,Australia,APAC,Consumer
C1848,2023-11-05,Canada,North America,Consumer
C1849,2023-11-12,Argentina,LATAM,Consumer
C1850,2022-04-07,Canada,North America,Enterprise
C1851,2023-04-17,Mexico,North America,Small Business
C1852,2023-11-06,India,APAC,Small Business
C1853,2023-11-25,Brazil,LATAM,Consumer
C1854,2022-08-05,Mexico,North America,Consumer
C1855,2023-08-20,France,Europe,Small Business
C1856,2023-04-17,Australia,APAC,Consumer
C1857,2023-11-09,Brazil,LATAM,Consumer
C1858,2022-04-18,Germany,Europe,Small Business
C1859,2023-03-15,Spain,Europe,Consumer
C1860,2022-01-18,Australia,APAC,Consumer
C1861,2022-09-18,Australia,APAC,Enterprise
C1862,2022-01-09,Singapore,APAC,Consumer
C1863,2022-11-20,Italy,Europe,Consumer
C1864,2023-08-16,United States,North America,Consumer
C1865,2023-04-26,Brazil,LATAM,Enterprise
C1866,2022-08-20,Brazil,LATAM,Consumer
C1867,2022-11-08,India,APAC,Small Business
C1868,2022-09-26,United States,North America,Consumer
C1869,2023-06-19,Mexico,North America,Consumer
C1870,2022-07-14,Australia,APAC,Consumer
C1871,2022-03-09,United States,North America,Consumer
C1872,2023-01-05,Chile,LATAM,Consumer
C1873,2023-08-29,Germany,Europe,Consumer
C1874,2022-12-15,Australia,APAC,Consumer
C1875,2022-05-30,Brazil,LATAM,Consumer
C1876,2022-02-03,Germany,Europe,Small Business
C1877,2023-11-21,United Kingdom,Europe,Small Business
C1878,2023-07-10,Japan,APAC,Consumer
C1879,2022-04-24,Italy,Europe,Consumer
C1880,2022-02-23,Germany,Europe,Consumer
C1881,2022-04-05,Japan,APAC,Consumer
C1882,2022-10-02,Argentina,LATAM,Consumer
C1883,2023-08-16,France,Europe,Consumer
C1884,2022-04-27,Mexico,North America,Consumer
C1885,2023-08-21,Germany,Europe,Consumer
C1886,2022-01-02,Germany,Europe,Enterprise
C1887,2023-06-24,United States,North America,Consumer
C1888,2022-07-26,Canada,North America,Consumer
C1889,2023-12-03,Australia,APAC,Consumer
C1890,2022-12-14,Germany,Europe,Consumer
C1891,2022-07-17,Argentina,LATAM,Consumer
C1892,2022-06-27,United Kingdom,Europe,Consumer
C1893,2023-08-27,United States,North America,Small Business
C1894,2022-10-22,Singapore,APAC,Consumer
C1895,2022-09-14,Brazil,LATAM,Consumer
C1896,2023-06-22,United Kingdom,Europe,Consumer
C1897,2023-01-28,Mexico,North America,Small Business
C1898,2023-04-30,Canada,North America,Enterprise
C1899,2022-11-22,Spain,Europe,Small Business
C1900,2022-02-16,France,Europe,Consumer
C1901,2022-01-05,United Kingdom,Europe,Consumer
C1902,2022-01-29,United States,North America,Consumer
C1903,2023-02-24,France,Europe,Small Business
C1904,2023-01-10,Argentina,LATAM,Enterprise
C1905,2023-06-30,Japan,APAC,Small Business
C1906,2023-10-16,Spain,Europe,Consumer
C1907,2022-05-08,United States,North America,Small Business
C1908,2023-11-30,United Kingdom,Europe,Small Business
C1909,2023-11-12,United Kingdom,Europe,Consumer
C1910,2023-03-26,Singapore,APAC,Consumer
C1911,2023-01-23,Brazil,LATAM,Consumer
C1912,2022-05-09,Brazil,LATAM,Consumer
C1913,2022-05-11,Chile,LATAM,Consumer
C1914,2022-01-14,Chile,LATAM,Consumer
C1915,2023-04-17,Argentina,LATAM,Small Business
C1916,2022-11-13,United States,North America,Enterprise
C1917,2022-05-21,United States,North America,Small Business
C1918,2022-04-08,United Kingdom,Europe,Consumer
C1919,2022-02-16,Italy,Europe,Consumer
C1920,2023-04-13,United States,North America,Consumer
C1921,2023-05-16,India,APAC,Small Business
C1922,2023-04-07,Japan,APAC,Consumer
C1923,2022-03-22,Italy,Europe,Enterprise
C1924,2022-01-31,Canada,North America,Consumer
C1925,2022-03-19,United Kingdom,Europe,Consumer
C1926,2023-07-03,Canada,North America,Small Business
C1927,2023-06-25,India,APAC,Consumer
C1928,2022-08-04,Japan,APAC,Enterprise
C1929,2022-02-10,Australia,APAC,Consumer
C1930,2022-08-22,United Kingdom,Europe,Consumer
C1931,2023-08-15,Germany,Europe,Consumer
C1932,2022-04-15,Germany,Europe,Small Business
C1933,2023-08-05,Singapore,APAC,Consumer
C1934,2022-12-05,Singapore,APAC,Small Business
C1935,2022-04-14,Mexico,North America,Small Business
C1936,2023-11-13,Argentina,LATAM,Consumer
C1937,2023-01-14,United States,North America,Small Business
C1938,2023-05-06,Brazil,LATAM,Enterprise
C1939,2022-03-12,United States,North America,Consumer
C1940,2022-09-29,United Kingdom,Europe,Small Business
C1941,2023-04-07,India,APAC,Consumer
C1942,2023-04-17,Canada,North America,Consumer
C1943,2022-02-15,Germany,Europe,Consumer
C1944,2023-03-18,France,Europe,Small Business
C1945,2023-11-21,United Kingdom,Europe,Consumer
C1946,2023-07-29,Australia,APAC,Consumer
C1947,2022-06-01,India,APAC,Consumer
C1948,2023-10-29,Brazil,LATAM,Consumer
C1949,2023-05-14,Germany,Europe,Small Business
C1950,2022-02-11,Spain,Europe,Enterprise
C1951,2022-04-04,United Kingdom,Europe,Consumer
C1952,2023-11-04,United Kingdom,Europe,Consumer
C1953,2022-06-03,Canada,North America,Enterprise
C1954,2022-03-12,Argentina,LATAM,Consumer
C1955,2022-11-26,Brazil,LATAM,Consumer
C1956,2023-01-19,Singapore,APAC,Enterprise
C1957,2023-02-23,Spain,Europe,Small Business
C1958,2023-04-26,Spain,Europe,Consumer
C1959,2023-12-31,Spain,Europe,Consumer
C1960,2023-07-09,Italy,Europe,Enterprise
C1961,2022-01-19,France,Europe,Consumer
C1962,2022-03-06,United States,North America,Consumer
C1963,2022-01-01,United States,North America,Small Business
C1964,2022-10-16,Argentina,LATAM,Consumer
C1965,2022-09-13,France,Europe,Consumer
C1966,2023-11-13,Argentina,LATAM,Consumer
C1967,2022-09-25,Canada,North America,Consumer
C1968,2022-01-23,Italy,Europe,Consumer
C1969,2023-10-08,Mexico,North America,Consumer
C1970,2022-07-09,United Kingdom,Europe,Consumer
C1971,2023-10-29,United States,North America,Small Business
C1972,2023-07-20,United States,North America,Consumer
C1973,2023-10-05,Brazil,LATAM,Consumer
C1974,2023-08-22,United Kingdom,Europe,Consumer
C1975,2022-04-15,Japan,APAC,Consumer
C1976,2023-04-03,France,Europe,Small Business
C1977,2022-10-28,Germany,Europe,Consumer
C1978,2023-04-05,Spain,Europe,Consumer
C1979,2023-06-29,Mexico,North America,Small Business
C1980,2023-01-01,Chile,LATAM,Consumer
C1981,2022-08-17,India,APAC,Consumer
C1982,2023-10-31,Australia,APAC,Small Business
C1983,2023-04-30,France,Europe,Consumer
C1984,2023-10-09,Canada,North America,Small Business
C1985,2022-06-23,Brazil,LATAM,Small Business
C1986,2023-09-04,Germany,Europe,Enterprise
C1987,2022-08-25,United States,North America,Consumer
C1988,2022-12-03,Germany,Europe,Small Business
C1989,2023-09-21,India,APAC,Small Business
C1990,2022-09-16,Japan,APAC,Consumer
C1991,2022-07-02,Singapore,APAC,Enterprise
C1992,2023-10-31,India,APAC,Consumer
C1993,2023-12-05,Mexico,North America,Small Business
C1994,2022-08-16,Brazil,LATAM,Consumer
C1995,2022-08-12,France,Europe,Consumer
C1996,2022-06-16,Japan,APAC,Consumer
C1997,2022-01-18,United States,North America,Enterprise
C1998,2023-02-08,Chile,LATAM,Consumer
C1999,2022-07-06,United Kingdom,Europe,Consumer
C2000,2023-09-12,United States,North America,Consumer
C2001,2022-05-05,France,Europe,Small Business
C2002,2023-04-09,United States,North America,Consumer
C2003,2023-01-05,Canada,North America,Consumer
C2004,2023-03-23,Japan,APAC,Consumer
C2005,2022-03-24,Germany,Europe,Consumer
C2006,2022-12-07,Brazil,LATAM,Consumer
C2007,2023-04-03,United Kingdom,Europe,Consumer
C2008,2022-09-06,Australia,APAC,Enterprise
C2009,2023-10-01,France,Europe,Small Business
C2010,2023-01-22,Japan,APAC,Consumer
C2011,2022-09-22,Japan,APAC,Consumer
C2012,2022-01-23,France,Europe,Consumer
C2013,2022-05-03,Argentina,LATAM,Enterprise
C2014,2022-12-14,Germany,Europe,Consumer
C2015,2022-10-20,Canada,North America,Consumer
C2016,2023-09-29,Australia,APAC,Enterprise
C2017,2023-07-28,India,APAC,Consumer
C2018,2022-04-27,United States,North America,Consumer
C2019,2023-03-08,France,Europe,Consumer
C2020,2022-11-28,Brazil,LATAM,Consumer
C2021,2022-03-15,Singapore,APAC,Consumer
C2022,2023-05-02,Chile,LATAM,Enterprise
C2023,2023-01-28,Spain,Europe,Consumer
C2024,2022-03-05,Japan,APAC,Consumer
C2025,2022-12-08,United Kingdom,Europe,Small Business
C2026,2023-06-19,Argentina,LATAM,Small Business
C2027,2022-08-27,Germany,Europe,Consumer
C2028,2022-09-18,Australia,APAC,Small Business
C2029,2022-03-22,Germany,Europe,Consumer
C2030,2022-05-30,Italy,Europe,Consumer
C2031,2023-12-18,Australia,APAC,Consumer
C2032,2023-03-30,Spain,Europe,Consumer
C2033,2022-05-09,Brazil,LATAM,Enterprise
C2034,2022-12-19,France,Europe,Small Business
C2035,2022-05-21,Japan,APAC,Consumer
C2036,2022-11-20,Germany,Europe,Consumer
C2037,2022-04-17,Germany,Europe,Enterprise
C2038,2023-03-28,France,Europe,Consumer
C2039,2023-02-21,United States,North America,Consumer
C2040,2023-04-08,United States,North America,Consumer
C2041,2022-11-20,Japan,APAC,Consumer
C2042,2022-07-28,Japan,APAC,Consumer
C2043,2022-07-02,Japan,APAC,Enterprise
C2044,2022-06-07,United States,North America,Consumer
C2045,2022-11-10,Germany,Europe,Consumer
C2046,2022-11-26,Mexico,North America,Small Business
C2047,2023-05-07,Singapore,APAC,Consumer
C2048,2022-02-08,Brazil,LATAM,Small Business
C2049,2022-07-25,United Kingdom,Europe,Consumer
C2050,2023-09-15,Japan,APAC,Consumer
C2051,2023-10-31,United States,North America,Consumer
C2052,2023-11-11,United Kingdom,Europe,Small Business
C2053,2022-08-12,United States,North America,Small Business
C2054,2022-04-11,United Kingdom,Europe,Small Business
C2055,2022-05-25,Australia,APAC,Consumer
C2056,2022-04-07,Brazil,LATAM,Consumer
C2057,2023-11-28,Mexico,North America,Small Business
C2058,2023-10-07,Italy,Europe,Consumer
C2059,2023-08-15,Australia,APAC,Small Business
C2060,2023-06-17,Argentina,LATAM,Consumer
C2061,2022-09-08,Japan,APAC,Consumer
C2062,2022-12-14,United Kingdom,Europe,Small Business
C2063,2023-09-07,Japan,APAC,Consumer
C2064,2023-08-18,United Kingdom,Europe,Consumer
C2065,2023-01-14,Argentina,LATAM,Consumer
C2066,2023-09-04,Germany,Europe,Small Business
C2067,2022-09-11,Australia,APAC,Consumer
C2068,2022-10-29,United States,North America,Consumer
C2069,2023-09-05,Germany,Europe,Small Business
C2070,2022-10-02,Brazil,LATAM,Consumer
C2071,2023-07-04,Japan,APAC,Enterprise
C2072,2022-11-27,France,Europe,Small Business
C2073,2022-08-06,Argentina,LATAM,Consumer
C2074,2022-06-09,India,APAC,Enterprise
C2075,2023-03-19,United Kingdom,Europe,Consumer
C2076,2022-12-17,Italy,Europe,Consumer
C2077,2022-09-27,Spain,Europe,Consumer
C2078,2023-06-27,Japan,APAC,Consumer
C2079,2022-01-01,Germany,Europe,Consumer
C2080,2022-03-09,United Kingdom,Europe,Consumer
C2081,2023-12-04,Brazil,LATAM,Consumer
C2082,2023-04-30,Brazil,LATAM,Consumer
C2083,2023-02-06,India,APAC,Consumer
C2084,2022-01-11,Chile,LATAM,Small Business
C2085,2023-03-13,Singapore,APAC,Consumer
C2086,2022-11-14,Singapore,APAC,Consumer
C2087,2023-03-14,Singapore,APAC,Consumer
C2088,2022-01-30,France,Europe,Consumer
C2089,2023-02-06,France,Europe,Consumer
C2090,2023-02-26,United Kingdom,Europe,Consumer
C2091,2022-07-31,Japan,APAC,Consumer
C2092,2022-02-09,United Kingdom,Europe,Small Business
C2093,2023-12-11,United Kingdom,Europe,Consumer
C2094,2023-06-02,Japan,APAC,Consumer
C2095,2023-03-30,Germany,Europe,Small Business
C2096,2023-07-14,Mexico,North America,Consumer
C2097,2023-05-05,India,APAC,Consumer
C2098,2022-04-09,Brazil,LATAM,Consumer
C2099,2022-11-28,Canada,North America,Consumer
C2100,2023-10-11,United States,North America,Consumer
C2101,2022-07-30,Germany,Europe,Consumer
C2102,2023-12-11,India,APAC,Consumer
C2103,2022-02-16,India,APAC,Enterprise
C2104,2022-08-30,United States,North America,Consumer
C2105,2022-09-13,Singapore,APAC,Consumer
C2106,2023-03-27,United States,North America,Consumer
C2107,2022-05-09,Germany,Europe,Small Business
C2108,2022-06-17,Chile,LATAM,Consumer
C2109,2023-04-29,Mexico,North America,Consumer
C2110,2022-07-27,Canada,North America,Consumer
C2111,2023-10-04,France,Europe,Small Business
C2112,2023-09-28,Japan,APAC,Consumer
C2113,2022-08-10,Argentina,LATAM,Consumer
C2114,2023-02-13,Chile,LATAM,Consumer
C2115,2022-09-01,United States,North America,Consumer
C2116,2022-09-09,United States,North America,Consumer
C2117,2023-05-05,India,APAC,Consumer
C2118,2022-08-02,United Kingdom,Europe,Consumer
C2119,2022-04-19,Brazil,LATAM,Small Business
C2120,2022-07-09,Japan,APAC,Enterprise
C2121,2023-11-10,United States,North America,Consumer
C2122,2022-07-09,India,APAC,Consumer
C2123,2022-09-23,Canada,North America,Consumer
C2124,2023-04-05,France,Europe,Consumer
C2125,2022-03-15,Italy,Europe,Consumer
C2126,2022-07-15,Spain,Europe,Consumer
C2127,2022-05-08,Australia,APAC,Enterprise
C2128,2023-11-06,Japan,APAC,Consumer
C2129,2023-11-12,Chile,LATAM,Small Business
C2130,2023-07-06,Chile,LATAM,Consumer
C2131,2022-06-30,Spain,Europe,Consumer
C2132,2023-03-26,United States,North America,Consumer
C2133,2023-04-29,Australia,APAC,Consumer
C2134,2023-09-27,Argentina,LATAM,Consumer
C2135,2022-04-25,United Kingdom,Europe,Consumer
C2136,2023-06-22,France,Europe,Consumer
C2137,2022-05-22,France,Europe,Consumer
C2138,2023-02-20,United States,North America,Consumer
C2139,2023-10-04,Japan,APAC,Consumer
C2140,2022-02-15,Germany,Europe,Consumer
C2141,2022-04-19,Singapore,APAC,Enterprise
C2142,2023-08-17,India,APAC,Consumer
C2143,2022-01-14,India,APAC,Consumer
C2144,2023-05-16,Germany,Europe,Consumer
C2145,2023-01-01,United Kingdom,Europe,Consumer
C2146,2022-09-11,Singapore,APAC,Consumer
C2147,2023-09-22,India,APAC,Consumer
C2148,2023-09-12,Spain,Europe,Consumer
C2149,2022-08-26,Brazil,LATAM,Consumer
C2150,2022-01-04,Canada,North America,Consumer
C2151,2022-04-04,Brazil,LATAM,Enterprise
C2152,2022-03-20,United States,North America,Enterprise
C2153,2023-12-19,Canada,North America,Consumer
C2154,2023-03-12,Spain,Europe,Consumer
C2155,2023-05-10,United States,North America,Consumer
C2156,2022-06-18,United States,North America,Consumer
C2157,2023-09-14,United States,North America,Consumer
C2158,2023-06-12,France,Europe,Consumer
C2159,2023-07-04,Singapore,APAC,Consumer
C2160,2022-12-08,United States,North America,Consumer
C2161,2023-05-25,Japan,APAC,Consumer
C2162,2023-02-02,India,APAC,Enterprise
C2163,2022-10-08,Canada,North America,Enterprise
C2164,2023-03-10,Canada,North America,Consumer
C2165,2022-08-25,Brazil,LATAM,Consumer
C2166,2023-11-27,India,APAC,Consumer
C2167,2023-06-08,Italy,Europe,Consumer
C2168,2023-06-24,India,APAC,Consumer
C2169,2023-06-08,United States,North America,Small Business
C2170,2022-11-24,Germany,Europe,Consumer
C2171,2023-11-25,Australia,APAC,Consumer
C2172,2022-06-01,United Kingdom,Europe,Enterprise
C2173,2023-02-20,Singapore,APAC,Consumer
C2174,2022-02-20,Spain,Europe,Consumer
C2175,2022-08-04,Singapore,APAC,Small Business
C2176,2023-02-24,France,Europe,Small Business
C2177,2022-12-24,Germany,Europe,Consumer
C2178,2023-11-19,Mexico,North America,Small Business
C2179,2023-03-25,Mexico,North America,Consumer
C2180,2022-10-28,Singapore,APAC,Consumer
C2181,2022-11-08,United States,North America,Consumer
C2182,2023-03-23,United States,North America,Small Business
C2183,2023-08-01,Canada,North America,Small Business
C2184,2022-07-21,Canada,North America,Consumer
C2185,2023-03-03,India,APAC,Consumer
C2186,2023-02-24,Germany,Europe,Small Business
C2187,2022-01-07,Chile,LATAM,Consumer
C2188,2023-10-29,United States,North America,Consumer
C2189,2023-02-20,Japan,APAC,Small Business
C2190,2022-06-26,France,Europe,Consumer
C2191,2023-04-08,Germany,Europe,Consumer
C2192,2023-05-10,Brazil,LATAM,Consumer
C2193,2023-10-31,Argentina,LATAM,Consumer
C2194,2022-01-25,Brazil,LATAM,Small Business
C2195,2022-10-30,Mexico,North America,Consumer
C2196,2022-05-12,Mexico,North America,Consumer
C2197,2023-02-24,Japan,APAC,Consumer
C2198,2023-01-02,United Kingdom,Europe,Consumer
C2199,2022-12-13,Australia,APAC,Consumer
C2200,2023-12-18,Italy,Europe,Consumer
C2201,2023-01-24,Italy,Europe,Consumer
C2202,2022-10-28,India,APAC,Consumer
C2203,2022-02-19,Australia,APAC,Consumer
C2204,2022-07-31,United States,North America,Consumer
C2205,2023-10-18,United States,North America,Consumer
C2206,2022-11-26,Japan,APAC,Consumer
C2207,2023-10-27,France,Europe,Consumer
C2208,2023-01-24,United Kingdom,Europe,Consumer
C2209,2023-02-05,France,Europe,Consumer
C2210,2022-11-10,Singapore,APAC,Small Business
C2211,2023-02-11,India,APAC,Consumer
C2212,2022-02-18,Italy,Europe,Small Business
C2213,2022-02-12,Germany,Europe,Small Business
C2214,2022-12-14,United Kingdom,Europe,Consumer
C2215,2023-03-13,Spain,Europe,Consumer
C2216,2023-02-07,United Kingdom,Europe,Consumer
C2217,2022-11-10,Italy,Europe,Consumer
C2218,2022-08-03,Australia,APAC,Consumer
C2219,2023-06-02,United States,North America,Consumer
C2220,2023-03-18,United States,North America,Small Business
C2221,2022-02-04,Mexico,North America,Consumer
C2222,2022-11-27,Brazil,LATAM,Small Business
C2223,2023-06-03,Japan,APAC,Small Business
C2224,2023-07-27,Canada,North America,Consumer
C2225,2022-07-29,Brazil,LATAM,Enterprise
C2226,2023-11-07,France,Europe,Enterprise
C2227,2023-04-21,France,Europe,Consumer
C2228,2022-11-16,Argentina,LATAM,Consumer
C2229,2023-04-03,United States,North America,Consumer
C2230,2023-09-29,Mexico,North America,Consumer
C2231,2022-06-15,Japan,APAC,Consumer
C2232,2022-04-20,Mexico,North America,Consumer
C2233,2022-11-18,Australia,APAC,Consumer
C2234,2022-03-03,Mexico,North America,Small Business
C2235,2023-09-03,United States,North America,Consumer
C2236,2023-12-10,Mexico,North America,Consumer
C2237,2023-03-19,France,Europe,Consumer
C2238,2023-12-17,Canada,North America,Small Business
C2239,2022-02-20,United States,North America,Consumer
C2240,2023-04-07,India,APAC,Consumer
C2241,2022-11-20,United Kingdom,Europe,Consumer
C2242,2022-07-22,Germany,Europe,Consumer
C2243,2022-08-16,United States,North America,Small Business
C2244,2023-02-02,Germany,Europe,Consumer
C2245,2023-04-14,United Kingdom,Europe,Consumer
C2246,2022-04-30,Japan,APAC,Consumer
C2247,2023-03-25,Mexico,North America,Small Business
C2248,2023-11-08,Brazil,LATAM,Small Business
C2249,2022-01-08,Brazil,LATAM,Consumer
C2250,2023-10-04,United States,North America,Small Business
C2251,2023-03-20,United States,North America,Consumer
C2252,2022-09-07,United States,North America,Small Business
C2253,2023-06-21,Japan,APAC,Small Business
C2254,2023-03-27,United States,North America,Consumer
C2255,2023-07-16,India,APAC,Consumer
C2256,2022-03-01,Singapore,APAC,Consumer
C2257,2022-02-13,India,APAC,Consumer
C2258,2023-04-14,Spain,Europe,Consumer
C2259,2022-08-10,Chile,LATAM,Consumer
C2260,2022-06-23,United States,North America,Consumer
C2261,2022-11-04,Germany,Europe,Consumer
C2262,2023-06-14,United Kingdom,Europe,Consumer
C2263,2022-05-12,Argentina,LATAM,Consumer
C2264,2023-12-12,Italy,Europe,Consumer
C2265,2022-11-04,India,APAC,Consumer
C2266,2022-04-20,Canada,North America,Small Business
C2267,2022-02-21,Chile,LATAM,Enterprise
C2268,2023-09-18,Spain,Europe,Consumer
C2269,2022-03-24,Spain,Europe,Consumer
C2270,2022-11-02,Argentina,LATAM,Consumer
C2271,2023-05-04,Germany,Europe,Enterprise
C2272,2023-01-10,Germany,Europe,Consumer
C2273,2022-07-11,Japan,APAC,Small Business
C2274,2022-03-20,United States,North America,Consumer
C2275,2023-06-04,United Kingdom,Europe,Consumer
C2276,2022-12-24,Mexico,North America,Consumer
C2277,2022-02-05,United States,North America,Small Business
C2278,2022-05-13,Brazil,LATAM,Small Business
C2279,2023-02-15,Japan,APAC,Consumer
C2280,2022-05-03,Germany,Europe,Consumer
C2281,2022-10-13,Germany,Europe,Consumer
C2282,2022-04-01,France,Europe,Enterprise
C2283,2023-08-05,Japan,APAC,Consumer
C2284,2023-04-06,Brazil,LATAM,Small Business
C2285,2023-07-27,Argentina,LATAM,Consumer
C2286,2022-02-08,Germany,Europe,Consumer
C2287,2022-10-02,Germany,Europe,Consumer
C2288,2022-07-15,France,Europe,Consumer
C2289,2023-03-31,Italy,Europe,Small Business
C2290,2023-08-23,France,Europe,Small Business
C2291,2022-06-16,Japan,APAC,Small Business
C2292,2023-07-16,Italy,Europe,Consumer
C2293,2023-02-28,United Kingdom,Europe,Small Business
C2294,2023-08-25,Germany,Europe,Consumer
C2295,2022-03-01,Germany,Europe,Consumer
C2296,2023-12-25,United States,North America,Consumer
C2297,2022-11-14,Canada,North America,Consumer
C2298,2022-07-24,Australia,APAC,Consumer
C2299,2022-05-14,Germany,Europe,Consumer
C2300,2023-12-20,Mexico,North America,Consumer
C2301,2023-10-07,Italy,Europe,Consumer
C2302,2022-04-06,Singapore,APAC,Consumer
C2303,2022-11-21,United Kingdom,Europe,Consumer
C2304,2023-06-20,India,APAC,Small Business
C2305,2023-03-08,Brazil,LATAM,Consumer
C2306,2022-05-18,Japan,APAC,Consumer
C2307,2022-09-21,Japan,APAC,Small Business
C2308,2022-09-26,United States,North America,Enterprise
C2309,2022-07-30,Argentina,LATAM,Small Business
C2310,2023-12-03,Germany,Europe,Small Business
C2311,2022-05-29,Brazil,LATAM,Enterprise
C2312,2023-05-31,Italy,Europe,Consumer
C2313,2023-10-28,United States,North America,Enterprise
C2314,2023-08-04,United States,North America,Enterprise
C2315,2023-08-07,Australia,APAC,Consumer
C2316,2022-04-26,Italy,Europe,Small Business
C2317,2022-04-08,United States,North America,Small Business
C2318,2023-07-26,Australia,APAC,Small Business
C2319,2023-06-30,India,APAC,Small Business
C2320,2023-06-26,Spain,Europe,Consumer
C2321,2022-11-02,France,Europe,Consumer
C2322,2023-01-18,United States,North America,Consumer
C2323,2022-01-12,Singapore,APAC,Small Business
C2324,2022-08-01,Germany,Europe,Small Business
C2325,2023-01-21,Brazil,LATAM,Small Business
C2326,2022-04-02,Germany,Europe,Small Business
C2327,2022-04-05,Italy,Europe,Enterprise
C2328,2022-02-03,United Kingdom,Europe,Consumer
C2329,2022-06-03,Canada,North America,Enterprise
C2330,2023-12-26,Singapore,APAC,Consumer
C2331,2023-05-24,Spain,Europe,Consumer
C2332,2023-11-24,Italy,Europe,Consumer
C2333,2022-07-07,Argentina,LATAM,Consumer
C2334,2023-03-14,Argentina,LATAM,Consumer
C2335,2023-10-14,India,APAC,Consumer
C2336,2022-09-14,Mexico,North America,Consumer
C2337,2023-04-25,Japan,APAC,Small Business
C2338,2023-05-21,Brazil,LATAM,Consumer
C2339,2023-08-31,Germany,Europe,Consumer
C2340,2023-12-09,United States,North America,Consumer
C2341,2023-03-26,India,APAC,Consumer
C2342,2023-03-02,France,Europe,Consumer
C2343,2023-09-27,Italy,Europe,Consumer
C2344,2023-05-15,Chile,LATAM,Small Business
C2345,2022-09-22,Japan,APAC,Consumer
C2346,2023-04-06,France,Europe,Small Business
C2347,2023-02-05,Germany,Europe,Consumer
C2348,2022-06-16,Germany,Europe,Small Business
C2349,2023-01-12,United States,North America,Enterprise
C2350,2023-04-01,India,APAC,Consumer
C2351,2023-10-22,India,APAC,Consumer
C2352,2023-02-28,United Kingdom,Europe,Consumer
C2353,2022-05-01,United Kingdom,Europe,Consumer
C2354,2023-12-22,Brazil,LATAM,Consumer
C2355,2023-02-26,United States,North America,Consumer
C2356,2022-07-29,Spain,Europe,Small Business
C2357,2023-07-05,France,Europe,Enterprise
C2358,2022-10-08,Australia,APAC,Consumer
C2359,2022-09-28,Canada,North America,Consumer
C2360,2023-09-05,Japan,APAC,Consumer
C2361,2023-09-26,Germany,Europe,Consumer
C2362,2023-01-18,Japan,APAC,Small Business
C2363,2022-09-30,United States,North America,Consumer
C2364,2023-09-23,France,Europe,Consumer
C2365,2022-05-07,Spain,Europe,Consumer
C2366,2023-06-30,Mexico,North America,Consumer
C2367,2023-03-03,Canada,North America,Consumer
C2368,2023-09-16,Mexico,North America,Consumer
C2369,2022-11-04,Germany,Europe,Consumer
C2370,2023-08-31,United States,North America,Consumer
C2371,2022-01-12,Argentina,LATAM,Small Business
C2372,2023-07-08,Germany,Europe,Consumer
C2373,2022-02-20,India,APAC,Small Business
C2374,2023-04-14,Argentina,LATAM,Consumer
C2375,2022-05-23,United States,North America,Consumer
C2376,2023-12-05,Japan,APAC,Small Business
C2377,2023-07-16,Brazil,LATAM,Consumer
C2378,2022-03-18,Japan,APAC,Consumer
C2379,2023-10-14,France,Europe,Consumer
C2380,2022-07-03,France,Europe,Small Business
C2381,2023-02-03,United States,North America,Enterprise
C2382,2022-03-04,Spain,Europe,Consumer
C2383,2022-03-19,Chile,LATAM,Consumer
C2384,2022-06-26,Argentina,LATAM,Consumer
C2385,2023-01-26,United States,North America,Consumer
C2386,2023-02-01,Australia,APAC,Consumer
C2387,2023-09-17,United Kingdom,Europe,Consumer
C2388,2022-05-01,Brazil,LATAM,Small Business
C2389,2023-07-02,United States,North America,Consumer
C2390,2022-01-05,Argentina,LATAM,Small Business
C2391,2022-08-01,India,APAC,Small Business
C2392,2022-05-08,United States,North America,Small Business
C2393,2022-04-01,United States,North America,Consumer
C2394,2023-03-03,India,APAC,Consumer
C2395,2023-10-20,Canada,North America,Consumer
C2396,2023-05-02,Italy,Europe,Consumer
C2397,2023-09-16,Brazil,LATAM,Consumer
C2398,2023-03-08,Italy,Europe,Consumer
C2399,2022-02-09,Germany,Europe,Consumer
C2400,2022-09-10,France,Europe,Consumer
C2401,2023-08-25,United States,North America,Enterprise
C2402,2022-02-02,Argentina,LATAM,Small Business
C2403,2022-03-12,United Kingdom,Europe,Consumer
C2404,2023-09-01,Mexico,North America,Enterprise
C2405,2022-02-16,United Kingdom,Europe,Consumer
C2406,2023-12-02,Argentina,LATAM,Consumer
C2407,2023-07-08,United States,North America,Small Business
C2408,2023-05-01,Brazil,LATAM,Consumer
C2409,2023-01-27,Australia,APAC,Consumer
C2410,2022-03-07,India,APAC,Consumer
C2411,2022-10-30,Argentina,LATAM,Consumer
C2412,2023-08-13,India,APAC,Consumer
C2413,2023-10-22,Argentina,LATAM,Consumer
C2414,2022-11-23,United States,North America,Consumer
C2415,2023-09-05,India,APAC,Consumer
C2416,2023-07-21,Italy,Europe,Consumer
C2417,2022-02-12,Italy,Europe,Consumer
C2418,2023-03-29,Brazil,LATAM,Small Business
C2419,2023-03-26,Argentina,LATAM,Small Business
C2420,2023-02-01,Australia,APAC,Consumer
C2421,2023-07-18,France,Europe,Small Business
C2422,2023-10-12,France,Europe,Consumer
C2423,2023-02-06,Germany,Europe,Consumer
C2424,2022-08-22,Germany,Europe,Consumer
C2425,2023-12-19,Germany,Europe,Consumer
C2426,2023-12-05,United States,North America,Small Business
C2427,2023-05-16,United States,North America,Enterprise
C2428,2023-04-13,Singapore,APAC,Consumer
C2429,2022-03-18,France,Europe,Consumer
C2430,2022-10-21,Argentina,LATAM,Consumer
C2431,2022-05-25,Japan,APAC,Consumer
C2432,2023-01-11,United States,North America,Consumer
C2433,2023-08-27,Canada,North America,Enterprise
C2434,2022-06-13,Mexico,North America,Small Business
C2435,2023-12-29,Argentina,LATAM,Enterprise
C2436,2022-04-05,Mexico,North America,Consumer
C2437,2022-03-13,Spain,Europe,Consumer
C2438,2023-12-13,Argentina,LATAM,Consumer
C2439,2022-03-15,Chile,LATAM,Enterprise
C2440,2023-06-21,United Kingdom,Europe,Consumer
C2441,2023-07-12,United States,North America,Consumer
C2442,2022-08-29,Canada,North America,Consumer
C2443,2022-02-16,United States,North America,Small Business
C2444,2022-08-14,Mexico,North America,Small Business
C2445,2022-02-20,Italy,Europe,Consumer
C2446,2023-05-06,Brazil,LATAM,Consumer
C2447,2023-10-11,Italy,Europe,Small Business
C2448,2023-12-29,Japan,APAC,Consumer
C2449,2023-08-08,Mexico,North America,Consumer
C2450,2023-07-20,India,APAC,Consumer
C2451,2023-10-06,Japan,APAC,Consumer
C2452,2023-07-17,Brazil,LATAM,Consumer
C2453,2023-04-20,Argentina,LATAM,Enterprise
C2454,2023-12-29,Germany,Europe,Consumer
C2455,2022-08-24,United States,North America,Consumer
C2456,2022-10-29,Mexico,North America,Consumer
C2457,2023-10-24,France,Europe,Consumer
C2458,2022-08-16,Argentina,LATAM,Consumer
C2459,2022-08-07,Germany,Europe,Consumer
C2460,2022-04-22,Singapore,APAC,Consumer
C2461,2022-07-21,Italy,Europe,Consumer
C2462,2023-03-10,Canada,North America,Small Business
C2463,2023-10-10,United Kingdom,Europe,Consumer
C2464,2022-04-10,Japan,APAC,Consumer
C2465,2023-05-13,Japan,APAC,Consumer
C2466,2023-07-14,France,Europe,Consumer
C2467,2023-10-16,Mexico,North America,Consumer
C2468,2023-07-02,Australia,APAC,Enterprise
C2469,2022-04-24,Canada,North America,Consumer
C2470,2022-12-23,Argentina,LATAM,Small Business
C2471,2023-11-27,Mexico,North America,Consumer
C2472,2023-10-26,United States,North America,Small Business
C2473,2023-03-24,Spain,Europe,Consumer
C2474,2023-12-05,Spain,Europe,Consumer
C2475,2023-05-03,Spain,Europe,Consumer
C2476,2022-02-17,France,Europe,Consumer
C2477,2023-10-30,Chile,LATAM,Enterprise
C2478,2022-05-03,France,Europe,Small Business
C2479,2022-10-05,France,Europe,Consumer
C2480,2022-06-23,France,Europe,Consumer
C2481,2023-06-10,United States,North America,Consumer
C2482,2022-01-22,Japan,APAC,Consumer
C2483,2023-04-13,Mexico,North America,Small Business
C2484,2023-09-23,Japan,APAC,Consumer
C2485,2023-07-30,United States,North America,Small Business
C2486,2022-08-13,Chile,LATAM,Consumer
C2487,2023-10-17,France,Europe,Enterprise
C2488,2022-09-22,Brazil,LATAM,Consumer
C2489,2023-05-12,France,Europe,Consumer
C2490,2023-01-05,United States,North America,Small Business
C2491,2022-02-19,India,APAC,Consumer
C2492,2022-01-03,Japan,APAC,Consumer
C2493,2022-05-14,Singapore,APAC,Consumer
C2494,2023-11-14,France,Europe,Consumer
C2495,2023-11-28,Japan,APAC,Enterprise
C2496,2022-10-27,India,APAC,Small Business
C2497,2023-12-09,Japan,APAC,Consumer
C2498,2022-02-06,Germany,Europe,Enterprise
C2499,2023-12-08,Japan,APAC,Consumer
C2500,2022-06-18,Japan,APAC,Small Business
C2501,2022-01-27,Argentina,LATAM,Consumer
C2502,2023-07-08,Germany,Europe,Consumer
C2503,2022-10-07,France,Europe,Consumer
C2504,2022-08-02,India,APAC,Consumer
C2505,2023-07-09,Spain,Europe,Small Business
C2506,2022-09-01,Australia,APAC,Consumer
C2507,2023-07-04,France,Europe,Consumer
C2508,2022-05-23,Mexico,North America,Consumer
C2509,2022-03-04,Singapore,APAC,Consumer
C2510,2022-08-26,United States,North America,Consumer
C2511,2023-03-21,Mexico,North America,Consumer
C2512,2022-06-14,Japan,APAC,Small Business
C2513,2022-04-15,Singapore,APAC,Consumer
C2514,2023-07-01,Brazil,LATAM,Enterprise
C2515,2022-12-27,United Kingdom,Europe,Small Business
C2516,2022-11-11,United States,North America,Consumer
C2517,2022-06-24,Argentina,LATAM,Consumer
C2518,2022-01-13,Canada,North America,Small Business
C2519,2022-02-08,Mexico,North America,Small Business
C2520,2023-05-13,United Kingdom,Europe,Consumer
C2521,2022-02-28,Spain,Europe,Enterprise
C2522,2022-06-30,Brazil,LATAM,Enterprise
C2523,2023-10-27,Singapore,APAC,Consumer
C2524,2022-09-09,Australia,APAC,Small Business
C2525,2023-06-28,Canada,North America,Consumer
C2526,2022-09-08,Germany,Europe,Small Business
C2527,2023-11-12,France,Europe,Small Business
C2528,2023-08-23,Canada,North America,Consumer
C2529,2022-12-10,United Kingdom,Europe,Consumer
C2530,2023-05-15,United Kingdom,Europe,Consumer
C2531,2022-10-29,United States,North America,Enterprise
C2532,2023-11-21,Italy,Europe,Consumer
C2533,2022-09-19,Australia,APAC,Small Business
C2534,2023-09-03,United States,North America,Consumer
C2535,2023-03-26,France,Europe,Consumer
C2536,2023-04-15,Singapore,APAC,Enterprise
C2537,2022-09-14,Singapore,APAC,Consumer
C2538,2023-08-31,India,APAC,Consumer
C2539,2023-06-29,France,Europe,Consumer
C2540,2023-08-19,India,APAC,Consumer
C2541,2023-08-08,United Kingdom,Europe,Consumer
C2542,2022-04-26,Germany,Europe,Consumer
C2543,2023-10-02,Canada,North America,Consumer
C2544,2023-09-07,France,Europe,Consumer
C2545,2022-06-27,Germany,Europe,Consumer
C2546,2023-12-18,United Kingdom,Europe,Consumer
C2547,2023-01-20,Singapore,APAC,Consumer
C2548,2022-08-23,United Kingdom,Europe,Enterprise
C2549,2022-06-13,United Kingdom,Europe,Consumer
C2550,2022-09-24,United States,North America,Consumer
C2551,2022-01-28,France,Europe,Consumer
C2552,2023-05-20,United Kingdom,Europe,Enterprise
C2553,2023-06-01,Germany,Europe,Small Business
C2554,2023-05-03,United Kingdom,Europe,Small Business
C2555,2023-02-05,Singapore,APAC,Enterprise
C2556,2022-09-22,Brazil,LATAM,Consumer
C2557,2023-06-13,Spain,Europe,Enterprise
C2558,2023-09-29,Japan,APAC,Consumer
C2559,2022-03-05,Brazil,LATAM,Small Business
C2560,2022-10-07,Chile,LATAM,Small Business
C2561,2023-12-28,Japan,APAC,Enterprise
C2562,2023-09-22,Brazil,LATAM,Consumer
C2563,2023-12-27,Brazil,LATAM,Small Business
C2564,2022-05-14,India,APAC,Consumer
C2565,2022-12-06,France,Europe,Consumer
C2566,2022-04-06,United States,North America,Consumer
C2567,2023-09-25,United States,North America,Consumer
C2568,2023-01-14,France,Europe,Consumer
C2569,2022-06-27,Spain,Europe,Consumer
C2570,2022-03-07,Germany,Europe,Consumer
C2571,2023-06-23,Italy,Europe,Consumer
C2572,2023-08-16,Italy,Europe,Consumer
C2573,2023-10-04,India,APAC,Consumer
C2574,2023-12-11,United States,North America,Small Business
C2575,2023-08-18,Mexico,North America,Consumer
C2576,2023-07-29,India,APAC,Small Business
C2577,2023-08-16,India,APAC,Consumer
C2578,2023-12-31,Chile,LATAM,Consumer
C2579,2022-12-05,Brazil,LATAM,Consumer
C2580,2023-07-08,Brazil,LATAM,Consumer
C2581,2023-08-22,United Kingdom,Europe,Consumer
C2582,2022-03-26,Germany,Europe,Consumer
C2583,2023-05-20,United Kingdom,Europe,Consumer
C2584,2022-09-05,Japan,APAC,Consumer
C2585,2022-04-07,Argentina,LATAM,Consumer
C2586,2022-05-05,Germany,Europe,Consumer
C2587,2022-03-25,Italy,Europe,Small Business
C2588,2023-10-18,United Kingdom,Europe,Consumer
C2589,2023-07-18,Canada,North America,Consumer
C2590,2022-03-16,Mexico,North America,Consumer
C2591,2023-04-02,United States,North America,Consumer
C2592,2023-04-28,Argentina,LATAM,Consumer
C2593,2023-01-15,Germany,Europe,Consumer
C2594,2023-03-19,India,APAC,Consumer
C2595,2023-10-25,Australia,APAC,Consumer
C2596,2023-01-14,Mexico,North America,Consumer
C2597,2023-04-27,Canada,North America,Consumer
C2598,2023-02-21,India,APAC,Consumer
C2599,2022-10-17,United Kingdom,Europe,Enterprise
C2600,2023-10-13,Brazil,LATAM,Consumer
C2601,2022-10-30,Canada,North America,Consumer
C2602,2023-08-07,Australia,APAC,Consumer
C2603,2023-03-18,India,APAC,Small Business
C2604,2023-05-16,United Kingdom,Europe,Small Business
C2605,2023-07-10,United Kingdom,Europe,Small Business
C2606,2023-06-22,Argentina,LATAM,Consumer
C2607,2023-02-16,United Kingdom,Europe,Consumer
C2608,2023-03-26,France,Europe,Small Business
C2609,2023-01-07,France,Europe,Consumer
C2610,2022-09-05,United Kingdom,Europe,Enterprise
C2611,2023-06-15,Singapore,APAC,Consumer
C2612,2023-10-04,Singapore,APAC,Consumer
C2613,2023-05-30,Germany,Europe,Consumer
C2614,2023-07-18,India,APAC,Consumer
C2615,2023-08-30,Mexico,North America,Small Business
C2616,2022-09-26,United States,North America,Consumer
C2617,2022-02-15,Italy,Europe,Consumer
C2618,2022-09-04,Chile,LATAM,Consumer
C2619,2023-07-06,United States,North America,Small Business
C2620,2023-08-19,Mexico,North America,Consumer
C2621,2023-01-11,Spain,Europe,Enterprise
C2622,2023-07-23,India,APAC,Small Business
C2623,2022-02-24,United States,North America,Consumer
C2624,2023-04-16,Germany,Europe,Small Business
C2625,2023-05-11,Singapore,APAC,Enterprise
C2626,2023-01-06,Germany,Europe,Consumer
C2627,2023-06-08,Mexico,North America,Consumer
C2628,2022-12-25,Mexico,North America,Consumer
C2629,2023-01-18,Germany,Europe,Consumer
C2630,2023-03-17,France,Europe,Consumer
C2631,2023-08-03,Brazil,LATAM,Small Business
C2632,2022-07-01,Japan,APAC,Consumer
C2633,2022-08-08,Australia,APAC,Consumer
C2634,2022-11-02,Chile,LATAM,Consumer
C2635,2022-05-28,Germany,Europe,Consumer
C2636,2022-09-01,Germany,Europe,Consumer
C2637,2022-09-14,Brazil,LATAM,Consumer
C2638,2022-08-18,United Kingdom,Europe,Consumer
C2639,2022-10-27,Australia,APAC,Consumer
C2640,2023-01-04,Singapore,APAC,Consumer
C2641,2023-05-24,United States,North America,Enterprise
C2642,2022-08-10,France,Europe,Consumer
C2643,2023-09-10,Mexico,North America,Consumer
C2644,2022-12-16,Canada,North America,Consumer
C2645,2023-06-11,France,Europe,Small Business
C2646,2022-03-25,United Kingdom,Europe,Consumer
C2647,2022-05-08,India,APAC,Consumer
C2648,2022-11-28,Brazil,LATAM,Consumer
C2649,2022-09-25,India,APAC,Consumer
C2650,2022-12-29,United Kingdom,Europe,Consumer
C2651,2022-04-26,United Kingdom,Europe,Consumer
C2652,2022-12-12,United Kingdom,Europe,Consumer
C2653,2023-05-17,United States,North America,Enterprise
C2654,2023-06-16,Argentina,LATAM,Consumer
C2655,2022-07-01,Germany,Europe,Enterprise
C2656,2022-09-09,Mexico,North America,Consumer
C2657,2023-01-19,India,APAC,Consumer
C2658,2023-01-14,Germany,Europe,Consumer
C2659,2023-08-02,United States,North America,Consumer
C2660,2022-10-12,Canada,North America,Consumer
C2661,2023-05-05,Japan,APAC,Small Business
C2662,2023-10-08,Singapore,APAC,Consumer
C2663,2022-08-06,Mexico,North America,Consumer
C2664,2023-08-24,Brazil,LATAM,Consumer
C2665,2022-08-31,India,APAC,Consumer
C2666,2022-09-02,India,APAC,Consumer
C2667,2023-04-22,Mexico,North America,Consumer
C2668,2023-03-30,United States,North America,Consumer
C2669,2023-02-06,Brazil,LATAM,Consumer
C2670,2022-06-18,United Kingdom,Europe,Consumer
C2671,2022-03-12,Japan,APAC,Consumer
C2672,2023-10-26,Singapore,APAC,Consumer
C2673,2023-10-01,United States,North America,Consumer
C2674,2023-10-10,Singapore,APAC,Enterprise
C2675,2023-01-10,Argentina,LATAM,Enterprise
C2676,2023-10-08,Australia,APAC,Consumer
C2677,2022-12-12,France,Europe,Consumer
C2678,2022-02-25,Brazil,LATAM,Small Business
C2679,2022-05-25,Spain,Europe,Consumer
C2680,2022-07-18,Singapore,APAC,Consumer
C2681,2022-10-03,India,APAC,Consumer
C2682,2023-11-17,Singapore,APAC,Consumer
C2683,2022-08-31,United Kingdom,Europe,Enterprise
C2684,2023-03-24,United States,North America,Small Business
C2685,2022-07-17,United Kingdom,Europe,Enterprise
C2686,2023-04-15,Spain,Europe,Small Business
C2687,2023-02-19,Spain,Europe,Consumer
C2688,2022-04-20,Japan,APAC,Small Business
C2689,2022-12-04,Germany,Europe,Consumer
C2690,2022-03-18,Singapore,APAC,Consumer
C2691,2023-10-12,Brazil,LATAM,Consumer
C2692,2023-05-30,United Kingdom,Europe,Consumer
C2693,2023-11-19,Australia,APAC,Consumer
C2694,2023-10-02,Australia,APAC,Consumer
C2695,2022-06-10,Spain,Europe,Consumer
C2696,2023-06-01,Mexico,North America,Consumer
C2697,2022-03-15,India,APAC,Consumer
C2698,2023-12-03,Argentina,LATAM,Consumer
C2699,2023-07-28,Australia,APAC,Consumer
C2700,2023-05-12,Brazil,LATAM,Consumer
C2701,2023-12-28,Chile,LATAM,Enterprise
C2702,2023-09-11,Germany,Europe,Consumer
C2703,2023-09-23,Japan,APAC,Consumer
C2704,2022-03-15,France,Europe,Consumer
C2705,2022-01-18,Chile,LATAM,Small Business
C2706,2023-12-03,United States,North America,Consumer
C2707,2022-07-03,Germany,Europe,Consumer
C2708,2022-11-08,Brazil,LATAM,Consumer
C2709,2022-02-01,United Kingdom,Europe,Small Business
C2710,2023-03-31,Singapore,APAC,Enterprise
C2711,2023-08-23,Germany,Europe,Consumer
C2712,2023-09-07,Chile,LATAM,Consumer
C2713,2023-03-01,Brazil,LATAM,Consumer
C2714,2023-04-28,United Kingdom,Europe,Consumer
C2715,2023-01-11,Singapore,APAC,Small Business
C2716,2022-11-22,Germany,Europe,Enterprise
C2717,2023-02-09,Japan,APAC,Enterprise
C2718,2023-11-15,Japan,APAC,Small Business
C2719,2022-07-04,India,APAC,Consumer
C2720,2022-12-10,United States,North America,Enterprise
C2721,2023-03-16,Mexico,North America,Consumer
C2722,2023-02-21,Australia,APAC,Consumer
C2723,2022-01-23,Italy,Europe,Consumer
C2724,2022-07-29,Spain,Europe,Consumer
C2725,2023-04-17,United States,North America,Small Business
C2726,2023-05-22,Germany,Europe,Enterprise
C2727,2023-06-21,Brazil,LATAM,Small Business
C2728,2023-12-25,United States,North America,Small Business
C2729,2023-05-07,Germany,Europe,Consumer
C2730,2023-02-28,Argentina,LATAM,Consumer
C2731,2022-08-31,United States,North America,Small Business
C2732,2022-09-28,Singapore,APAC,Consumer
C2733,2023-08-27,United Kingdom,Europe,Enterprise
C2734,2022-12-09,Brazil,LATAM,Consumer
C2735,2023-06-07,Singapore,APAC,Consumer
C2736,2022-04-01,Brazil,LATAM,Consumer
C2737,2022-04-04,Mexico,North America,Consumer
C2738,2022-06-07,Spain,Europe,Small Business
C2739,2022-05-23,Singapore,APAC,Enterprise
C2740,2023-03-20,United Kingdom,Europe,Consumer
C2741,2023-04-11,Mexico,North America,Consumer
C2742,2023-02-12,United States,North America,Consumer
C2743,2022-07-31,Argentina,LATAM,Consumer
C2744,2023-02-25,Australia,APAC,Consumer
C2745,2022-03-29,Japan,APAC,Consumer
C2746,2022-12-12,Australia,APAC,Consumer
C2747,2022-04-24,Spain,Europe,Consumer
C2748,2022-02-26,France,Europe,Consumer
C2749,2022-05-01,France,Europe,Small Business
C2750,2022-03-23,Japan,APAC,Consumer
C2751,2022-12-15,Mexico,North America,Consumer
C2752,2023-02-03,Brazil,LATAM,Small Business
C2753,2023-03-20,India,APAC,Small Business
C2754,2022-11-17,Germany,Europe,Small Business
C2755,2022-05-09,Italy,Europe,Consumer
C2756,2022-01-16,Canada,North America,Consumer
C2757,2023-06-05,Argentina,LATAM,Enterprise
C2758,2023-12-19,Brazil,LATAM,Consumer
C2759,2022-07-25,Brazil,LATAM,Consumer
C2760,2022-05-30,Germany,Europe,Enterprise
C2761,2022-08-16,Canada,North America,Consumer
C2762,2022-06-06,Mexico,North America,Small Business
C2763,2022-06-13,United States,North America,Small Business
C2764,2022-12-28,United States,North America,Consumer
C2765,2023-07-28,United States,North America,Small Business
C2766,2023-06-04,Chile,LATAM,Consumer
C2767,2023-12-02,United States,North America,Small Business
C2768,2022-09-18,United States,North America,Enterprise
C2769,2022-12-26,India,APAC,Small Business
C2770,2022-10-05,Italy,Europe,Consumer
C2771,2022-01-31,Singapore,APAC,Small Business
C2772,2022-10-11,Japan,APAC,Enterprise
C2773,2022-07-10,Brazil,LATAM,Consumer
C2774,2022-12-16,Japan,APAC,Consumer
C2775,2022-04-26,Spain,Europe,Consumer
C2776,2023-06-26,Australia,APAC,Small Business
C2777,2023-09-08,France,Europe,Consumer
C2778,2023-12-03,Germany,Europe,Consumer
C2779,2022-03-03,France,Europe,Enterprise
C2780,2022-03-27,Canada,North America,Enterprise
C2781,2023-12-07,India,APAC,Enterprise
C2782,2023-09-12,United Kingdom,Europe,Consumer
C2783,2023-03-06,Canada,North America,Consumer
C2784,2022-08-23,United Kingdom,Europe,Consumer
C2785,2023-01-13,India,APAC,Consumer
C2786,2023-01-27,Germany,Europe,Small Business
C2787,2023-09-11,Australia,APAC,Consumer
C2788,2023-01-22,India,APAC,Consumer
C2789,2022-01-21,United States,North America,Consumer
C2790,2023-05-26,Singapore,APAC,Consumer
C2791,2023-07-22,United Kingdom,Europe,Small Business
C2792,2022-08-06,Mexico,North America,Small Business
C2793,2022-03-27,Australia,APAC,Consumer
C2794,2022-04-14,Brazil,LATAM,Consumer
C2795,2023-09-06,United Kingdom,Europe,Consumer
C2796,2022-11-23,Italy,Europe,Consumer
C2797,2023-01-22,United Kingdom,Europe,Enterprise
C2798,2023-12-03,Italy,Europe,Consumer
C2799,2022-02-14,Japan,APAC,Consumer
C2800,2022-05-31,Japan,APAC,Small Business
C2801,2023-09-01,Japan,APAC,Consumer
C2802,2023-01-30,United States,North America,Consumer
C2803,2022-01-20,Australia,APAC,Consumer
C2804,2023-05-29,Australia,APAC,Consumer
C2805,2022-04-12,Australia,APAC,Consumer
C2806,2023-07-25,United States,North America,Small Business
C2807,2023-08-06,France,Europe,Enterprise
C2808,2023-08-25,Germany,Europe,Consumer
C2809,2022-12-06,United States,North America,Consumer
C2810,2022-07-15,Mexico,North America,Consumer
C2811,2023-10-06,France,Europe,Consumer
C2812,2023-02-12,Australia,APAC,Consumer
C2813,2023-04-09,United Kingdom,Europe,Consumer
C2814,2022-04-10,India,APAC,Consumer
C2815,2023-04-01,Italy,Europe,Enterprise
C2816,2023-02-28,Singapore,APAC,Small Business
C2817,2022-08-02,France,Europe,Consumer
C2818,2023-07-14,Spain,Europe,Small Business
C2819,2022-04-08,Japan,APAC,Consumer
C2820,2023-06-10,Brazil,LATAM,Small Business
C2821,2023-12-03,Spain,Europe,Consumer
C2822,2023-02-19,Spain,Europe,Consumer
C2823,2022-03-18,Japan,APAC,Consumer
C2824,2023-02-08,Australia,APAC,Consumer
C2825,2023-01-22,United States,North America,Consumer
C2826,2023-02-08,Spain,Europe,Consumer
C2827,2022-07-18,France,Europe,Consumer
C2828,2023-04-03,Brazil,LATAM,Consumer
C2829,2022-07-12,Spain,Europe,Consumer
C2830,2023-02-12,France,Europe,Consumer
C2831,2023-03-11,Argentina,LATAM,Consumer
C2832,2023-04-17,France,Europe,Consumer
C2833,2023-08-06,Canada,North America,Consumer
C2834,2023-10-07,Mexico,North America,Consumer
C2835,2023-07-22,United States,North America,Small Business
C2836,2023-08-04,United States,North America,Consumer
C2837,2023-09-27,France,Europe,Consumer
C2838,2022-06-27,Singapore,APAC,Consumer
C2839,2022-08-02,Australia,APAC,Consumer
C2840,2023-01-25,United States,North America,Consumer
C2841,2022-12-06,Italy,Europe,Consumer
C2842,2023-05-28,Canada,North America,Small Business
C2843,2022-01-07,Argentina,LATAM,Consumer
C2844,2022-04-12,Canada,North America,Consumer
C2845,2023-06-30,Japan,APAC,Consumer
C2846,2023-08-24,Germany,Europe,Consumer
C2847,2022-08-09,Japan,APAC,Small Business
C2848,2022-08-15,Germany,Europe,Consumer
C2849,2023-02-14,Singapore,APAC,Consumer
C2850,2022-12-15,Mexico,North America,Small Business
C2851,2022-05-04,Brazil,LATAM,Consumer
C2852,2023-01-01,Spain,Europe,Consumer
C2853,2023-08-22,Singapore,APAC,Small Business
C2854,2023-06-17,India,APAC,Consumer
C2855,2023-08-20,Chile,LATAM,Consumer
C2856,2023-04-15,Mexico,North America,Enterprise
C2857,2023-10-03,United Kingdom,Europe,Consumer
C2858,2022-07-02,United Kingdom,Europe,Consumer
C2859,2022-02-03,United Kingdom,Europe,Consumer
C2860,2022-03-25,Japan,APAC,Consumer
C2861,2023-12-26,Chile,LATAM,Consumer
C2862,2023-04-13,Chile,LATAM,Consumer
C2863,2022-06-30,Spain,Europe,Consumer
C2864,2023-09-16,Japan,APAC,Small Business
C2865,2022-08-14,India,APAC,Consumer
C2866,2023-03-13,Argentina,LATAM,Small Business
C2867,2022-07-02,Mexico,North America,Small Business
C2868,2022-03-11,Spain,Europe,Small Business
C2869,2022-07-15,India,APAC,Small Business
C2870,2022-06-16,United Kingdom,Europe,Small Business
C2871,2023-02-08,France,Europe,Consumer
C2872,2022-01-16,Chile,LATAM,Consumer
C2873,2022-06-25,Chile,LATAM,Enterprise
C2874,2023-02-19,Brazil,LATAM,Consumer
C2875,2022-10-15,India,APAC,Consumer
C2876,2023-04-10,United Kingdom,Europe,Enterprise
C2877,2023-04-24,United Kingdom,Europe,Consumer
C2878,2023-12-06,Italy,Europe,Consumer
C2879,2023-09-03,Italy,Europe,Consumer
C2880,2022-06-16,Spain,Europe,Consumer
C2881,2023-05-21,Japan,APAC,Consumer
C2882,2023-04-03,Germany,Europe,Consumer
C2883,2023-03-10,Singapore,APAC,Enterprise
C2884,2023-08-07,Germany,Europe,Consumer
C2885,2022-04-18,Germany,Europe,Consumer
C2886,2022-10-01,United States,North America,Small Business
C2887,2023-08-19,Mexico,North America,Small Business
C2888,2023-10-14,India,APAC,Consumer
C2889,2022-01-28,France,Europe,Consumer
C2890,2022-12-11,Mexico,North America,Consumer
C2891,2022-07-12,Singapore,APAC,Small Business
C2892,2022-05-03,Italy,Europe,Consumer
C2893,2022-02-11,United States,North America,Consumer
C2894,2023-01-28,United Kingdom,Europe,Small Business
C2895,2023-05-03,Canada,North America,Consumer
C2896,2023-01-23,Japan,APAC,Consumer
C2897,2022-09-26,United Kingdom,Europe,Small Business
C2898,2023-07-18,United States,North America,Small Business
C2899,2023-04-21,United States,North America,Consumer
C2900,2023-10-26,Japan,APAC,Consumer
C2901,2022-09-11,United States,North America,Consumer
C2902,2022-06-24,India,APAC,Consumer
C2903,2022-11-29,Canada,North America,Consumer
C2904,2023-01-06,Japan,APAC,Small Business
C2905,2022-12-01,France,Europe,Consumer
C2906,2023-08-31,France,Europe,Consumer
C2907,2022-02-03,United States,North America,Consumer
C2908,2023-01-21,India,APAC,Small Business
C2909,2022-11-11,Brazil,LATAM,Consumer
C2910,2022-06-03,United States,North America,Consumer
C2911,2023-04-13,Canada,North America,Consumer
C2912,2023-08-08,Brazil,LATAM,Consumer
C2913,2023-02-03,Italy,Europe,Enterprise
C2914,2022-03-04,Canada,North America,Small Business
C2915,2022-02-24,Mexico,North America,Consumer
C2916,2022-11-04,Japan,APAC,Consumer
C2917,2023-05-03,Australia,APAC,Small Business
C2918,2022-08-17,Japan,APAC,Consumer
C2919,2022-08-14,Argentina,LATAM,Enterprise
C2920,2023-09-20,Spain,Europe,Consumer
C2921,2022-01-11,United Kingdom,Europe,Consumer
C2922,2022-02-28,France,Europe,Consumer
C2923,2022-04-24,Germany,Europe,Consumer
C2924,2023-12-20,Mexico,North America,Consumer
C2925,2022-12-30,United States,North America,Small Business
C2926,2022-04-26,Germany,Europe,Consumer
C2927,2022-08-15,Australia,APAC,Consumer
C2928,2023-12-09,United States,North America,Consumer
C2929,2023-05-22,France,Europe,Small Business
C2930,2022-06-13,Japan,APAC,Consumer
C2931,2022-06-25,Japan,APAC,Consumer
C2932,2022-02-24,Singapore,APAC,Consumer
C2933,2023-07-19,India,APAC,Consumer
C2934,2022-04-11,Australia,APAC,Small Business
C2935,2022-07-29,United States,North America,Consumer
C2936,2022-09-12,France,Europe,Consumer
C2937,2023-03-30,Japan,APAC,Small Business
C2938,2023-03-19,United Kingdom,Europe,Consumer
C2939,2023-08-07,United States,North America,Consumer
C2940,2022-08-06,Mexico,North America,Consumer
C2941,2022-10-09,France,Europe,Enterprise
C2942,2022-10-11,Germany,Europe,Small Business
C2943,2022-02-04,Canada,North America,Consumer
C2944,2023-06-23,India,APAC,Small Business
C2945,2023-01-26,Brazil,LATAM,Consumer
C2946,2022-12-14,Mexico,North America,Consumer
C2947,2023-12-28,Brazil,LATAM,Consumer
C2948,2022-05-11,United States,North America,Consumer
C2949,2023-12-09,Brazil,LATAM,Consumer
C2950,2023-05-12,Argentina,LATAM,Enterprise
C2951,2022-06-11,United States,North America,Consumer
C2952,2023-05-11,Singapore,APAC,Small Business
C2953,2023-07-06,Argentina,LATAM,Consumer
C2954,2022-09-22,Brazil,LATAM,Consumer
C2955,2022-09-09,Argentina,LATAM,Consumer
C2956,2023-09-02,Italy,Europe,Consumer
C2957,2022-04-27,United States,North America,Consumer
C2958,2022-01-10,India,APAC,Consumer
C2959,2023-05-02,Japan,APAC,Enterprise
C2960,2023-10-24,Japan,APAC,Small Business
C2961,2023-01-01,Germany,Europe,Consumer
C2962,2022-04-09,Italy,Europe,Consumer
C2963,2023-01-29,Canada,North America,Consumer
C2964,2022-07-03,Australia,APAC,Enterprise
C2965,2023-08-27,United States,North America,Consumer
C2966,2023-03-23,Australia,APAC,Consumer
C2967,2022-09-03,India,APAC,Consumer
C2968,2023-04-01,France,Europe,Consumer
C2969,2023-05-02,Spain,Europe,Consumer
C2970,2023-05-11,United Kingdom,Europe,Consumer
C2971,2022-09-25,Argentina,LATAM,Consumer
C2972,2023-02-21,Australia,APAC,Consumer
C2973,2022-02-01,Germany,Europe,Consumer
C2974,2022-10-22,Canada,North America,Consumer
C2975,2022-10-03,Mexico,North America,Enterprise
C2976,2023-01-26,France,Europe,Consumer
C2977,2023-11-25,Argentina,LATAM,Small Business
C2978,2023-11-28,Australia,APAC,Consumer
C2979,2022-12-19,Mexico,North America,Small Business
C2980,2023-04-17,India,APAC,Enterprise
C2981,2022-03-21,Germany,Europe,Consumer
C2982,2022-12-19,India,APAC,Enterprise
C2983,2023-05-18,United Kingdom,Europe,Consumer
C2984,2023-05-14,Japan,APAC,Small Business
C2985,2023-12-05,Brazil,LATAM,Consumer
C2986,2022-12-07,United Kingdom,Europe,Consumer
C2987,2023-10-25,Australia,APAC,Consumer
C2988,2023-12-16,Chile,LATAM,Enterprise
C2989,2023-02-22,Canada,North America,Enterprise
C2990,2022-03-08,United States,North America,Consumer
C2991,2022-10-02,Japan,APAC,Enterprise
C2992,2023-07-13,Germany,Europe,Small Business
C2993,2023-02-28,United States,North America,Consumer
C2994,2023-11-15,France,Europe,Consumer
C2995,2023-08-19,Singapore,APAC,Consumer
C2996,2022-02-16,United Kingdom,Europe,Consumer
C2997,2023-09-21,Germany,Europe,Consumer
C2998,2022-09-18,India,APAC,Enterprise
C2999,2023-08-21,Spain,Europe,Consumer
C3000,2023-01-06,India,APAC,Consumer
C3001,2022-11-29,France,Europe,Consumer
C3002,2022-02-22,Argentina,LATAM,Consumer
C3003,2022-03-28,Japan,APAC,Consumer
C3004,2023-03-11,United States,North America,Consumer
C3005,2023-02-20,Brazil,LATAM,Consumer
C3006,2023-02-10,Spain,Europe,Consumer
C3007,2022-04-25,Canada,North America,Consumer
C3008,2023-01-08,Canada,North America,Small Business
C3009,2022-02-14,Australia,APAC,Consumer
C3010,2022-04-16,United States,North America,Consumer
C3011,2022-12-31,United Kingdom,Europe,Consumer
C3012,2023-03-27,Canada,North America,Consumer
C3013,2023-04-24,France,Europe,Small Business
C3014,2023-12-18,Germany,Europe,Consumer
C3015,2023-09-16,Spain,Europe,Enterprise
C3016,2022-10-05,United Kingdom,Europe,Small Business
C3017,2023-07-26,United States,North America,Consumer
C3018,2022-03-11,Japan,APAC,Consumer
C3019,2023-09-18,Germany,Europe,Consumer
C3020,2022-10-10,Japan,APAC,Enterprise
C3021,2023-07-09,United States,North America,Consumer
C3022,2023-12-10,United States,North America,Consumer
C3023,2023-05-29,United Kingdom,Europe,Consumer
C3024,2023-11-03,France,Europe,Consumer
C3025,2022-01-08,Germany,Europe,Consumer
C3026,2022-05-05,India,APAC,Consumer
C3027,2023-04-03,Germany,Europe,Consumer
C3028,2023-01-30,Spain,Europe,Small Business
C3029,2022-03-29,Japan,APAC,Consumer
C3030,2023-06-09,United States,North America,Consumer
C3031,2022-02-12,Spain,Europe,Consumer
C3032,2023-12-25,Germany,Europe,Enterprise
C3033,2022-04-25,France,Europe,Consumer
C3034,2022-11-22,United States,North America,Enterprise
C3035,2023-08-25,Singapore,APAC,Consumer
C3036,2023-01-11,Argentina,LATAM,Small Business
C3037,2023-06-28,United States,North America,Consumer
C3038,2023-05-29,Japan,APAC,Small Business
C3039,2023-11-24,Singapore,APAC,Consumer
C3040,2022-12-05,United Kingdom,Europe,Enterprise
C3041,2023-12-16,Singapore,APAC,Enterprise
C3042,2023-01-13,Japan,APAC,Consumer
C3043,2023-10-15,Brazil,LATAM,Consumer
C3044,2023-06-19,Chile,LATAM,Consumer
C3045,2022-04-08,United States,North America,Consumer
C3046,2023-04-15,France,Europe,Consumer
C3047,2023-10-04,Italy,Europe,Consumer
C3048,2022-04-04,Canada,North America,Consumer
C3049,2023-09-05,Germany,Europe,Consumer
C3050,2022-03-18,Chile,LATAM,Enterprise
C3051,2023-09-28,United States,North America,Consumer
C3052,2023-07-30,France,Europe,Consumer
C3053,2022-04-21,India,APAC,Consumer
C3054,2023-06-15,United Kingdom,Europe,Consumer
C3055,2022-03-27,France,Europe,Consumer
C3056,2023-02-19,Chile,LATAM,Consumer
C3057,2023-11-06,France,Europe,Consumer
C3058,2022-05-31,United States,North America,Consumer
C3059,2022-05-07,United States,North America,Consumer
C3060,2022-11-05,Argentina,LATAM,Consumer
C3061,2022-09-27,United Kingdom,Europe,Consumer
C3062,2022-02-05,Spain,Europe,Consumer
C3063,2022-11-29,United States,North America,Consumer
C3064,2022-07-09,France,Europe,Consumer
C3065,2022-04-01,Brazil,LATAM,Consumer
C3066,2022-07-21,Spain,Europe,Consumer
C3067,2022-01-16,Argentina,LATAM,Small Business
C3068,2023-10-30,United Kingdom,Europe,Consumer
C3069,2023-12-27,Spain,Europe,Consumer
C3070,2022-09-26,India,APAC,Consumer
C3071,2023-10-02,France,Europe,Consumer
C3072,2022-12-03,United Kingdom,Europe,Consumer
C3073,2023-10-29,India,APAC,Small Business
C3074,2022-05-07,Germany,Europe,Consumer
C3075,2022-07-27,Spain,Europe,Consumer
C3076,2023-06-25,Argentina,LATAM,Consumer
C3077,2022-06-10,Mexico,North America,Consumer
C3078,2023-08-25,United Kingdom,Europe,Consumer
C3079,2022-11-07,United States,North America,Consumer
C3080,2022-10-22,Germany,Europe,Small Business
C3081,2022-11-27,Mexico,North America,Consumer
C3082,2023-08-06,Australia,APAC,Consumer
C3083,2022-01-05,Canada,North America,Small Business
C3084,2023-07-03,Australia,APAC,Small Business
C3085,2023-07-23,United Kingdom,Europe,Small Business
C3086,2023-08-23,Germany,Europe,Consumer
C3087,2023-12-29,Germany,Europe,Consumer
C3088,2023-07-26,Australia,APAC,Small Business
C3089,2023-01-21,France,Europe,Consumer
C3090,2022-12-07,Germany,Europe,Small Business
C3091,2022-10-11,India,APAC,Consumer
C3092,2023-08-27,Italy,Europe,Enterprise
C3093,2022-10-14,Mexico,North America,Consumer
C3094,2023-02-23,Brazil,LATAM,Consumer
C3095,2022-03-12,Germany,Europe,Consumer
C3096,2022-08-20,United States,North America,Consumer
C3097,2022-07-14,Spain,Europe,Consumer
C3098,2022-11-14,United States,North America,Small Business
C3099,2023-01-02,United Kingdom,Europe,Consumer
C3100,2023-06-08,Singapore,APAC,Consumer
C3101,2022-11-12,United States,North America,Consumer
C3102,2022-04-20,India,APAC,Consumer
C3103,2023-02-02,Argentina,LATAM,Consumer
C3104,2022-02-09,Japan,APAC,Consumer
C3105,2023-09-12,Australia,APAC,Enterprise
C3106,2023-07-17,Australia,APAC,Consumer
C3107,2022-06-14,Chile,LATAM,Consumer
C3108,2022-07-12,Germany,Europe,Enterprise
C3109,2022-01-21,Canada,North America,Consumer
C3110,2022-09-24,Spain,Europe,Enterprise
C3111,2022-01-28,Spain,Europe,Consumer
C3112,2023-11-15,Canada,North America,Consumer
C3113,2022-04-08,Japan,APAC,Consumer
C3114,2023-04-27,United States,North America,Consumer
C3115,2023-02-21,Brazil,LATAM,Consumer
C3116,2022-06-22,United Kingdom,Europe,Consumer
C3117,2023-08-13,United States,North America,Consumer
C3118,2022-03-21,United States,North America,Consumer
C3119,2023-10-10,United Kingdom,Europe,Small Business
C3120,2023-06-25,United Kingdom,Europe,Consumer
C3121,2023-04-09,United States,North America,Small Business
C3122,2023-10-05,United Kingdom,Europe,Enterprise
C3123,2022-10-22,Mexico,North America,Small Business
C3124,2022-07-25,Germany,Europe,Small Business
C3125,2022-04-23,Germany,Europe,Small Business
C3126,2023-11-06,Germany,Europe,Consumer
C3127,2022-10-21,Germany,Europe,Consumer
C3128,2023-08-29,United States,North America,Enterprise
C3129,2022-08-31,United States,North America,Consumer
C3130,2023-11-29,Mexico,North America,Small Business
C3131,2023-09-28,Singapore,APAC,Enterprise
C3132,2022-08-13,Chile,LATAM,Consumer
C3133,2022-12-22,Brazil,LATAM,Consumer
C3134,2023-08-03,Spain,Europe,Consumer
C3135,2022-06-15,Spain,Europe,Consumer
C3136,2022-01-18,United Kingdom,Europe,Consumer
C3137,2022-07-30,Singapore,APAC,Small Business
C3138,2023-03-08,Singapore,APAC,Consumer
C3139,2022-04-10,India,APAC,Consumer
C3140,2022-09-01,Brazil,LATAM,Small Business
C3141,2023-11-02,France,Europe,Consumer
C3142,2022-02-24,Singapore,APAC,Small Business
C3143,2022-02-06,India,APAC,Consumer
C3144,2022-11-06,United Kingdom,Europe,Small Business
C3145,2022-01-10,Brazil,LATAM,Consumer
C3146,2022-01-21,United States,North America,Consumer
C3147,2022-05-14,Chile,LATAM,Consumer
C3148,2022-03-16,Singapore,APAC,Consumer
C3149,2023-08-15,United States,North America,Consumer
C3150,2022-03-31,Japan,APAC,Small Business
C3151,2023-01-18,United States,North America,Small Business
C3152,2023-05-30,Singapore,APAC,Consumer
C3153,2023-04-02,India,APAC,Consumer
C3154,2023-04-23,Japan,APAC,Small Business
C3155,2022-09-19,India,APAC,Small Business
C3156,2023-10-11,United States,North America,Consumer
C3157,2022-02-20,United Kingdom,Europe,Consumer
C3158,2022-03-20,Germany,Europe,Enterprise
C3159,2023-09-17,United States,North America,Consumer
C3160,2022-02-19,France,Europe,Consumer
C3161,2022-05-21,United Kingdom,Europe,Small Business
C3162,2022-05-07,Germany,Europe,Consumer
C3163,2022-01-25,France,Europe,Small Business
C3164,2022-03-27,Brazil,LATAM,Consumer
C3165,2023-02-23,United Kingdom,Europe,Small Business
C3166,2023-04-28,Brazil,LATAM,Enterprise
C3167,2022-03-02,France,Europe,Enterprise
C3168,2023-11-19,Germany,Europe,Enterprise
C3169,2022-03-11,Spain,Europe,Small Business
C3170,2023-05-17,Germany,Europe,Consumer
C3171,2023-08-08,United Kingdom,Europe,Enterprise
C3172,2023-01-16,Spain,Europe,Enterprise
C3173,2022-12-25,Canada,North America,Consumer
C3174,2022-03-21,Germany,Europe,Consumer
C3175,2022-06-26,Italy,Europe,Consumer
C3176,2023-09-13,Germany,Europe,Consumer
C3177,2022-09-12,India,APAC,Small Business
C3178,2022-01-26,United Kingdom,Europe,Consumer
C3179,2023-06-17,Argentina,LATAM,Consumer
C3180,2023-05-15,Singapore,APAC,Consumer
C3181,2022-02-18,Argentina,LATAM,Consumer
C3182,2022-02-07,India,APAC,Enterprise
C3183,2022-03-27,Canada,North America,Consumer
C3184,2022-02-07,Spain,Europe,Consumer
C3185,2023-03-26,Canada,North America,Consumer
C3186,2022-04-07,India,APAC,Small Business
C3187,2023-03-20,Japan,APAC,Small Business
C3188,2022-05-09,United Kingdom,Europe,Consumer
C3189,2023-12-11,Brazil,LATAM,Consumer
C3190,2023-06-14,United States,North America,Consumer
C3191,2022-10-01,Italy,Europe,Consumer
C3192,2022-11-09,Australia,APAC,Small Business
C3193,2022-02-17,United States,North America,Consumer
C3194,2022-02-10,Japan,APAC,Consumer
C3195,2023-01-28,India,APAC,Consumer
C3196,2022-01-17,United States,North America,Consumer
C3197,2023-04-11,Spain,Europe,Consumer
C3198,2022-10-07,United Kingdom,Europe,Consumer
C3199,2022-04-12,Japan,APAC,Consumer
C3200,2023-01-27,United States,North America,Consumer
C3201,2023-02-08,Argentina,LATAM,Consumer
C3202,2023-06-29,Brazil,LATAM,Enterprise
C3203,2022-05-25,Canada,North America,Consumer
C3204,2023-02-04,United Kingdom,Europe,Consumer
C3205,2023-09-09,Japan,APAC,Consumer
C3206,2022-07-17,Australia,APAC,Small Business
C3207,2023-09-02,France,Europe,Enterprise
C3208,2023-06-13,Canada,North America,Small Business
C3209,2022-11-10,United States,North America,Consumer
C3210,2023-10-07,Chile,LATAM,Small Business
C3211,2023-12-07,France,Europe,Consumer
C3212,2022-06-22,Brazil,LATAM,Small Business
C3213,2023-12-17,France,Europe,Small Business
C3214,2022-01-02,Brazil,LATAM,Consumer
C3215,2022-04-05,United States,North America,Consumer
C3216,2022-02-01,United States,North America,Consumer
C3217,2022-09-26,Brazil,LATAM,Consumer
C3218,2023-11-15,Argentina,LATAM,Small Business
C3219,2023-03-15,United Kingdom,Europe,Consumer
C3220,2023-03-27,Germany,Europe,Small Business
C3221,2022-03-03,France,Europe,Enterprise
C3222,2023-01-12,Germany,Europe,Consumer
C3223,2022-10-07,Mexico,North America,Consumer
C3224,2022-12-16,Brazil,LATAM,Consumer
C3225,2022-07-10,United Kingdom,Europe,Small Business
C3226,2022-05-28,Australia,APAC,Consumer
C3227,2023-11-26,United States,North America,Consumer
C3228,2023-02-12,United States,North America,Consumer
C3229,2022-10-28,Japan,APAC,Enterprise
C3230,2022-02-23,Germany,Europe,Consumer
C3231,2023-07-11,Japan,APAC,Consumer
C3232,2022-12-11,United States,North America,Enterprise
C3233,2022-10-10,Argentina,LATAM,Consumer
C3234,2023-05-02,Singapore,APAC,Consumer
C3235,2022-04-07,Brazil,LATAM,Consumer
C3236,2023-01-25,United States,North America,Consumer
C3237,2023-09-23,United Kingdom,Europe,Consumer
C3238,2022-12-05,Germany,Europe,Consumer
C3239,2022-01-01,Italy,Europe,Consumer
C3240,2022-06-17,United Kingdom,Europe,Consumer
C3241,2022-02-10,United States,North America,Consumer
C3242,2023-01-01,Germany,Europe,Consumer
C3243,2022-09-24,United Kingdom,Europe,Consumer
C3244,2022-04-07,Germany,Europe,Small Business
C3245,2023-05-17,Mexico,North America,Small Business
C3246,2022-05-09,United Kingdom,Europe,Consumer
C3247,2022-09-07,Japan,APAC,Small Business
C3248,2023-12-23,Germany,Europe,Small Business
C3249,2022-02-18,Germany,Europe,Consumer
C3250,2022-06-30,Spain,Europe,Enterprise
C3251,2022-08-21,Singapore,APAC,Small Business
C3252,2023-01-07,Germany,Europe,Consumer
C3253,2022-06-28,Japan,APAC,Consumer
C3254,2023-12-10,Argentina,LATAM,Consumer
C3255,2022-01-04,Spain,Europe,Consumer
C3256,2023-11-24,Brazil,LATAM,Small Business
C3257,2023-01-26,India,APAC,Consumer
C3258,2022-01-28,United States,North America,Consumer
C3259,2022-03-27,France,Europe,Consumer
C3260,2022-03-17,Australia,APAC,Small Business
C3261,2022-07-29,Chile,LATAM,Consumer
C3262,2022-09-01,France,Europe,Small Business
C3263,2023-04-14,United States,North America,Consumer
C3264,2022-08-16,Italy,Europe,Consumer
C3265,2023-06-14,United States,North America,Consumer
C3266,2022-08-03,Singapore,APAC,Consumer
C3267,2022-07-12,Spain,Europe,Consumer
C3268,2022-07-21,Australia,APAC,Consumer
C3269,2022-08-29,Brazil,LATAM,Consumer
C3270,2023-09-04,Japan,APAC,Consumer
C3271,2022-06-30,Japan,APAC,Small Business
C3272,2022-07-19,Singapore,APAC,Small Business
C3273,2023-11-30,India,APAC,Consumer
C3274,2023-04-23,Brazil,LATAM,Small Business
C3275,2022-05-20,United States,North America,Consumer
C3276,2023-09-26,Italy,Europe,Consumer
C3277,2022-05-14,Mexico,North America,Consumer
C3278,2022-04-29,India,APAC,Consumer
C3279,2022-11-21,Japan,APAC,Small Business
C3280,2023-05-20,France,Europe,Consumer
C3281,2022-05-19,Mexico,North America,Consumer
C3282,2023-07-04,Germany,Europe,Consumer
C3283,2022-04-25,Australia,APAC,Consumer
C3284,2023-07-25,Mexico,North America,Consumer
C3285,2022-03-11,United States,North America,Consumer
C3286,2022-12-06,Brazil,LATAM,Consumer
C3287,2023-04-13,Singapore,APAC,Consumer
C3288,2022-07-13,Mexico,North America,Consumer
C3289,2023-03-23,United Kingdom,Europe,Enterprise
C3290,2023-05-18,Argentina,LATAM,Consumer
C3291,2023-04-20,Australia,APAC,Consumer
C3292,2022-10-17,Japan,APAC,Consumer
C3293,2023-07-19,United Kingdom,Europe,Consumer
C3294,2023-06-19,United Kingdom,Europe,Consumer
C3295,2022-08-27,United States,North America,Consumer
C3296,2023-06-20,Australia,APAC,Consumer
C3297,2023-11-02,United States,North America,Consumer
C3298,2023-08-20,United States,North America,Consumer
C3299,2023-06-20,Australia,APAC,Consumer
C3300,2023-07-14,Argentina,LATAM,Consumer
C3301,2023-08-11,Singapore,APAC,Consumer
C3302,2022-07-31,France,Europe,Consumer
C3303,2023-06-11,France,Europe,Small Business
C3304,2022-05-26,France,Europe,Consumer
C3305,2022-09-19,United Kingdom,Europe,Small Business
C3306,2023-11-14,Spain,Europe,Consumer
C3307,2022-07-26,France,Europe,Consumer
C3308,2023-09-08,Japan,APAC,Consumer
C3309,2022-11-05,Brazil,LATAM,Small Business
C3310,2022-06-03,Chile,LATAM,Consumer
C3311,2022-03-12,United States,North America,Consumer
C3312,2023-02-05,Germany,Europe,Consumer
C3313,2022-11-26,Canada,North America,Consumer
C3314,2023-01-09,Germany,Europe,Enterprise
C3315,2022-02-01,United Kingdom,Europe,Consumer
C3316,2022-07-15,Canada,North America,Consumer
C3317,2022-01-03,Singapore,APAC,Consumer
C3318,2022-08-09,Spain,Europe,Consumer
C3319,2023-11-11,Brazil,LATAM,Small Business
C3320,2022-04-22,United States,North America,Small Business
C3321,2023-05-19,United States,North America,Enterprise
C3322,2022-01-05,Germany,Europe,Consumer
C3323,2023-02-15,United States,North America,Consumer
C3324,2023-11-04,United Kingdom,Europe,Consumer
C3325,2022-09-07,Chile,LATAM,Consumer
C3326,2022-05-24,Mexico,North America,Enterprise
C3327,2023-02-21,Mexico,North America,Consumer
C3328,2022-07-23,Italy,Europe,Consumer
C3329,2023-10-13,Spain,Europe,Consumer
C3330,2023-09-12,Italy,Europe,Small Business
C3331,2023-04-22,Germany,Europe,Consumer
C3332,2023-04-12,India,APAC,Small Business
C3333,2023-03-16,United States,North America,Small Business
C3334,2023-06-21,France,Europe,Small Business
C3335,2022-12-02,Australia,APAC,Consumer
C3336,2023-12-09,Brazil,LATAM,Consumer
C3337,2022-09-10,Germany,Europe,Consumer
C3338,2022-01-07,Italy,Europe,Small Business
C3339,2023-05-25,United States,North America,Enterprise
C3340,2023-04-29,Canada,North America,Consumer
C3341,2023-12-18,United States,North America,Consumer
C3342,2022-10-16,Australia,APAC,Consumer
C3343,2022-11-07,United Kingdom,Europe,Consumer
C3344,2023-02-15,Australia,APAC,Consumer
C3345,2022-10-14,United States,North America,Consumer
C3346,2023-07-27,Brazil,LATAM,Small Business
C3347,2022-11-09,India,APAC,Consumer
C3348,2023-07-27,United States,North America,Consumer
C3349,2022-11-07,United States,North America,Consumer
C3350,2022-06-14,United States,North America,Consumer
C3351,2023-12-25,India,APAC,Consumer
C3352,2023-01-20,United Kingdom,Europe,Consumer
C3353,2023-05-31,Italy,Europe,Consumer
C3354,2023-03-08,France,Europe,Consumer
C3355,2022-09-20,India,APAC,Consumer
C3356,2023-12-11,Spain,Europe,Consumer
C3357,2022-09-29,Spain,Europe,Consumer
C3358,2023-12-26,Chile,LATAM,Consumer
C3359,2022-11-11,Canada,North America,Consumer
C3360,2022-01-17,India,APAC,Consumer
C3361,2022-01-27,United States,North America,Consumer
C3362,2023-12-12,France,Europe,Consumer
C3363,2023-01-21,Brazil,LATAM,Enterprise
C3364,2022-10-10,Japan,APAC,Consumer
C3365,2023-08-16,Australia,APAC,Consumer
C3366,2023-03-27,United Kingdom,Europe,Consumer
C3367,2023-04-28,Germany,Europe,Small Business
C3368,2023-05-16,Germany,Europe,Consumer
C3369,2022-05-25,Spain,Europe,Enterprise
C3370,2022-03-06,France,Europe,Consumer
C3371,2023-06-16,Germany,Europe,Small Business
C3372,2022-01-16,United Kingdom,Europe,Consumer
C3373,2023-06-10,United Kingdom,Europe,Consumer
C3374,2022-04-05,Germany,Europe,Consumer
C3375,2022-07-11,Canada,North America,Consumer
C3376,2023-06-01,Brazil,LATAM,Small Business
C3377,2023-03-31,Japan,APAC,Small Business
C3378,2023-07-25,United States,North America,Consumer
C3379,2023-03-22,Australia,APAC,Consumer
C3380,2022-02-04,India,APAC,Consumer
C3381,2023-09-06,United Kingdom,Europe,Consumer
C3382,2022-06-07,Canada,North America,Consumer
C3383,2022-04-10,United States,North America,Consumer
C3384,2023-10-04,United States,North America,Consumer
C3385,2022-05-23,Singapore,APAC,Small Business
C3386,2023-01-27,Chile,LATAM,Small Business
C3387,2022-12-21,United States,North America,Small Business
C3388,2023-07-16,Singapore,APAC,Consumer
C3389,2022-02-02,United States,North America,Enterprise
C3390,2022-03-19,Japan,APAC,Consumer
C3391,2022-10-31,Singapore,APAC,Consumer
C3392,2022-12-12,Germany,Europe,Consumer
C3393,2023-07-30,United States,North America,Small Business
C3394,2023-03-19,Japan,APAC,Consumer
C3395,2022-04-19,Chile,LATAM,Small Business
C3396,2023-12-16,United Kingdom,Europe,Consumer
C3397,2022-12-02,Mexico,North America,Small Business
C3398,2023-12-06,United States,North America,Consumer
C3399,2023-12-24,Italy,Europe,Enterprise
C3400,2022-02-07,Japan,APAC,Consumer
C3401,2023-01-05,India,APAC,Consumer
C3402,2022-11-05,Singapore,APAC,Small Business
C3403,2022-12-30,Brazil,LATAM,Consumer
C3404,2022-08-15,India,APAC,Consumer
C3405,2023-02-12,United Kingdom,Europe,Small Business
C3406,2022-12-26,Italy,Europe,Consumer
C3407,2022-05-16,United Kingdom,Europe,Small Business
C3408,2022-07-30,Germany,Europe,Consumer
C3409,2022-04-18,Argentina,LATAM,Small Business
C3410,2023-09-08,Australia,APAC,Consumer
C3411,2023-05-10,Argentina,LATAM,Consumer
C3412,2022-10-10,Germany,Europe,Small Business
C3413,2022-10-16,Italy,Europe,Consumer
C3414,2022-02-27,France,Europe,Consumer
C3415,2022-07-31,United States,North America,Consumer
C3416,2023-11-06,United Kingdom,Europe,Consumer
C3417,2022-01-23,Spain,Europe,Consumer
C3418,2022-04-17,United States,North America,Consumer
C3419,2023-09-10,Argentina,LATAM,Small Business
C3420,2023-01-15,United States,North America,Consumer
C3421,2022-01-24,Mexico,North America,Consumer
C3422,2022-12-24,Singapore,APAC,Consumer
C3423,2023-07-02,United States,North America,Consumer
C3424,2022-09-09,Brazil,LATAM,Consumer
C3425,2022-10-06,Australia,APAC,Enterprise
C3426,2023-04-06,United States,North America,Consumer
C3427,2023-03-14,Australia,APAC,Consumer
C3428,2023-10-22,Japan,APAC,Small Business
C3429,2022-06-30,Singapore,APAC,Consumer
C3430,2022-07-21,India,APAC,Consumer
C3431,2022-04-24,Australia,APAC,Consumer
C3432,2023-05-01,Japan,APAC,Consumer
C3433,2023-01-25,United Kingdom,Europe,Consumer
C3434,2022-09-11,Australia,APAC,Small Business
C3435,2023-05-23,Argentina,LATAM,Consumer
C3436,2022-10-02,Japan,APAC,Consumer
C3437,2022-05-23,Japan,APAC,Consumer
C3438,2023-01-30,France,Europe,Small Business
C3439,2022-11-15,Singapore,APAC,Small Business
C3440,2022-10-23,Chile,LATAM,Enterprise
C3441,2022-11-21,Canada,North America,Consumer
C3442,2023-10-30,Mexico,North America,Small Business
C3443,2022-06-07,Italy,Europe,Consumer
C3444,2022-07-21,France,Europe,Consumer
C3445,2023-02-17,Italy,Europe,Consumer
C3446,2022-02-04,United States,North America,Small Business
C3447,2022-04-17,Germany,Europe,Consumer
C3448,2023-02-18,Japan,APAC,Consumer
C3449,2023-01-08,Japan,APAC,Consumer
C3450,2023-04-22,Japan,APAC,Consumer
C3451,2022-03-24,Australia,APAC,Enterprise
C3452,2023-09-16,Japan,APAC,Small Business
C3453,2022-12-21,Singapore,APAC,Consumer
C3454,2022-04-24,Japan,APAC,Consumer
C3455,2022-08-16,Italy,Europe,Consumer
C3456,2022-06-16,Japan,APAC,Small Business
C3457,2022-11-27,United States,North America,Consumer
C3458,2022-12-09,United Kingdom,Europe,Consumer
C3459,2022-11-13,Spain,Europe,Consumer
C3460,2022-12-03,Brazil,LATAM,Consumer
C3461,2023-10-25,Australia,APAC,Consumer
C3462,2023-12-02,United States,North America,Consumer
C3463,2022-12-24,Japan,APAC,Enterprise
C3464,2023-12-05,Mexico,North America,Consumer
C3465,2023-08-21,Australia,APAC,Consumer
C3466,2023-08-22,India,APAC,Consumer
C3467,2022-06-14,Japan,APAC,Consumer
C3468,2022-11-17,Japan,APAC,Consumer
C3469,2022-09-15,Germany,Europe,Consumer
C3470,2022-03-12,France,Europe,Small Business
C3471,2022-02-24,Brazil,LATAM,Consumer
C3472,2023-03-31,Australia,APAC,Enterprise
C3473,2022-11-04,Spain,Europe,Consumer
C3474,2023-08-26,Germany,Europe,Consumer
C3475,2023-05-04,United States,North America,Consumer
C3476,2022-03-04,Canada,North America,Small Business
C3477,2023-09-04,Mexico,North America,Small Business
C3478,2022-12-29,Germany,Europe,Consumer
C3479,2023-02-18,Argentina,LATAM,Consumer
C3480,2023-12-06,Spain,Europe,Consumer
C3481,2023-04-13,United Kingdom,Europe,Consumer
C3482,2022-01-17,United States,North America,Enterprise
C3483,2022-05-10,Germany,Europe,Consumer
C3484,2022-11-08,India,APAC,Consumer
C3485,2022-01-28,Germany,Europe,Enterprise
C3486,2022-05-03,Singapore,APAC,Small Business
C3487,2023-08-01,India,APAC,Small Business
C3488,2022-04-15,United States,North America,Consumer
C3489,2022-05-02,Japan,APAC,Consumer
C3490,2023-01-04,Argentina,LATAM,Consumer
C3491,2022-03-08,Germany,Europe,Consumer
C3492,2022-07-06,United States,North America,Consumer
C3493,2023-11-16,Brazil,LATAM,Consumer
C3494,2023-04-06,Brazil,LATAM,Consumer
C3495,2023-12-05,Spain,Europe,Consumer
C3496,2022-09-16,Italy,Europe,Consumer
C3497,2023-03-26,Mexico,North America,Consumer
C3498,2022-06-24,India,APAC,Consumer
C3499,2022-10-04,Spain,Europe,Consumer
C3500,2022-05-08,United States,North America,Small Business
C3501,2023-09-01,Australia,APAC,Small Business
C3502,2022-05-15,Argentina,LATAM,Consumer
C3503,2022-05-30,India,APAC,Consumer
C3504,2022-12-05,United Kingdom,Europe,Consumer
C3505,2022-11-10,United States,North America,Consumer
C3506,2022-08-18,Argentina,LATAM,Consumer
C3507,2022-09-18,Argentina,LATAM,Enterprise
C3508,2022-08-04,Spain,Europe,Consumer
C3509,2023-10-29,Japan,APAC,Consumer
C3510,2023-02-28,France,Europe,Small Business
C3511,2023-11-03,France,Europe,Consumer
C3512,2023-12-22,United States,North America,Consumer
C3513,2023-04-21,United States,North America,Consumer
C3514,2023-08-26,United Kingdom,Europe,Enterprise
C3515,2022-03-22,India,APAC,Consumer
C3516,2023-11-25,Canada,North America,Consumer
C3517,2022-12-19,Mexico,North America,Small Business
C3518,2023-06-05,Italy,Europe,Consumer
C3519,2022-06-29,Mexico,North America,Small Business
C3520,2022-03-11,Canada,North America,Consumer
C3521,2023-10-08,Italy,Europe,Consumer
C3522,2022-11-25,Germany,Europe,Consumer
C3523,2022-04-12,Japan,APAC,Enterprise
C3524,2023-04-26,Brazil,LATAM,Consumer
C3525,2022-02-09,Canada,North America,Consumer
C3526,2022-11-25,Brazil,LATAM,Enterprise
C3527,2023-05-30,Brazil,LATAM,Consumer
C3528,2023-06-10,India,APAC,Small Business
C3529,2022-11-27,Japan,APAC,Consumer
C3530,2022-09-28,Japan,APAC,Consumer
C3531,2023-09-05,Japan,APAC,Small Business
C3532,2022-05-15,Australia,APAC,Small Business
C3533,2022-02-24,United States,North America,Consumer
C3534,2022-04-25,Argentina,LATAM,Enterprise
C3535,2023-08-08,Japan,APAC,Enterprise
C3536,2022-12-10,Singapore,APAC,Small Business
C3537,2022-01-28,Germany,Europe,Consumer
C3538,2022-05-04,United States,North America,Consumer
C3539,2022-01-21,Spain,Europe,Consumer
C3540,2023-08-18,Spain,Europe,Consumer
C3541,2022-12-03,France,Europe,Consumer
C3542,2022-02-19,Germany,Europe,Consumer
C3543,2022-06-11,United Kingdom,Europe,Consumer
C3544,2023-03-27,Spain,Europe,Consumer
C3545,2023-03-10,Germany,Europe,Consumer
C3546,2023-08-22,Argentina,LATAM,Consumer
C3547,2022-01-19,Canada,North America,Consumer
C3548,2022-02-20,United Kingdom,Europe,Enterprise
C3549,2022-01-26,United Kingdom,Europe,Small Business
C3550,2022-10-15,Italy,Europe,Consumer
C3551,2023-06-15,Spain,Europe,Consumer
C3552,2023-04-29,Japan,APAC,Consumer
C3553,2022-06-03,Argentina,LATAM,Consumer
C3554,2023-04-25,United Kingdom,Europe,Small Business
C3555,2023-04-25,Australia,APAC,Consumer
C3556,2022-05-20,United States,North America,Consumer
C3557,2023-07-02,United Kingdom,Europe,Consumer
C3558,2022-11-05,France,Europe,Small Business
C3559,2022-02-13,United States,North America,Enterprise
C3560,2022-10-13,Japan,APAC,Small Business
C3561,2023-07-16,Australia,APAC,Consumer
C3562,2023-05-24,Singapore,APAC,Small Business
C3563,2022-07-15,Spain,Europe,Consumer
C3564,2023-07-07,Japan,APAC,Consumer
C3565,2022-10-12,Germany,Europe,Enterprise
C3566,2022-12-02,United States,North America,Consumer
C3567,2022-03-05,United States,North America,Enterprise
C3568,2023-12-29,Japan,APAC,Consumer
C3569,2023-09-05,Chile,LATAM,Consumer
C3570,2022-05-23,United States,North America,Consumer
C3571,2023-02-14,Italy,Europe,Enterprise
C3572,2023-07-24,Singapore,APAC,Consumer
C3573,2023-01-04,India,APAC,Small Business
C3574,2022-06-03,Italy,Europe,Consumer
C3575,2023-12-09,Japan,APAC,Small Business
C3576,2022-07-16,Australia,APAC,Consumer
C3577,2022-09-02,India,APAC,Consumer
C3578,2022-09-29,United States,North America,Small Business
C3579,2023-10-13,Brazil,LATAM,Small Business
C3580,2023-01-01,United States,North America,Consumer
C3581,2023-06-10,India,APAC,Consumer
C3582,2023-10-20,United States,North America,Consumer
C3583,2023-11-09,Mexico,North America,Enterprise
C3584,2023-09-18,United States,North America,Consumer
C3585,2023-10-25,France,Europe,Small Business
C3586,2023-11-24,Germany,Europe,Consumer
C3587,2023-12-25,Canada,North America,Small Business
C3588,2023-04-15,France,Europe,Consumer
C3589,2022-04-07,Germany,Europe,Consumer
C3590,2022-03-24,Singapore,APAC,Consumer
C3591,2023-08-05,Brazil,LATAM,Consumer
C3592,2022-08-19,Japan,APAC,Consumer
C3593,2023-08-11,United States,North America,Consumer
C3594,2023-11-14,United Kingdom,Europe,Small Business
C3595,2023-04-16,Brazil,LATAM,Consumer
C3596,2023-07-12,United States,North America,Consumer
C3597,2022-07-23,Germany,Europe,Enterprise
C3598,2022-11-14,Argentina,LATAM,Consumer
C3599,2023-12-06,Argentina,LATAM,Consumer
C3600,2023-08-20,Germany,Europe,Enterprise
C3601,2022-05-30,Japan,APAC,Small Business
C3602,2023-11-15,France,Europe,Enterprise
C3603,2022-12-31,Singapore,APAC,Small Business
C3604,2023-09-09,United States,North America,Consumer
C3605,2023-01-16,Canada,North America,Consumer
C3606,2023-03-17,Japan,APAC,Consumer
C3607,2022-04-29,Mexico,North America,Enterprise
C3608,2022-09-05,Japan,APAC,Small Business
C3609,2023-06-12,Germany,Europe,Consumer
C3610,2023-09-07,Brazil,LATAM,Consumer
C3611,2022-03-06,India,APAC,Consumer
C3612,2022-02-26,Spain,Europe,Consumer
C3613,2023-05-21,Singapore,APAC,Small Business
C3614,2022-11-23,United Kingdom,Europe,Consumer
C3615,2023-09-12,Spain,Europe,Consumer
C3616,2022-02-19,Mexico,North America,Enterprise
C3617,2022-09-13,Brazil,LATAM,Consumer
C3618,2022-01-26,India,APAC,Consumer
C3619,2023-06-02,Brazil,LATAM,Consumer
C3620,2023-09-19,Brazil,LATAM,Consumer
C3621,2022-04-25,Argentina,LATAM,Consumer
C3622,2022-08-25,Mexico,North America,Consumer
C3623,2023-09-10,Argentina,LATAM,Consumer
C3624,2022-01-31,Italy,Europe,Consumer
C3625,2023-11-26,France,Europe,Consumer
C3626,2023-10-10,Italy,Europe,Consumer
C3627,2022-04-22,Germany,Europe,Enterprise
C3628,2022-04-12,United Kingdom,Europe,Consumer
C3629,2023-05-21,United Kingdom,Europe,Consumer
C3630,2022-01-08,United States,North America,Small Business
C3631,2023-01-05,Spain,Europe,Consumer
C3632,2022-02-18,Brazil,LATAM,Consumer
C3633,2023-01-23,Japan,APAC,Small Business
C3634,2022-09-13,Spain,Europe,Consumer
C3635,2023-05-31,France,Europe,Consumer
C3636,2023-10-05,France,Europe,Small Business
C3637,2022-12-23,Mexico,North America,Consumer
C3638,2023-04-14,India,APAC,Consumer
C3639,2023-03-15,Mexico,North America,Consumer
C3640,2023-12-20,Australia,APAC,Consumer
C3641,2022-06-18,Singapore,APAC,Small Business
C3642,2022-06-24,Italy,Europe,Consumer
C3643,2022-10-04,Brazil,LATAM,Consumer
C3644,2023-06-22,United Kingdom,Europe,Consumer
C3645,2023-09-24,Brazil,LATAM,Enterprise
C3646,2022-07-22,Australia,APAC,Consumer
C3647,2022-03-22,India,APAC,Consumer
C3648,2023-03-21,Japan,APAC,Consumer
C3649,2023-03-13,India,APAC,Consumer
C3650,2022-10-01,Chile,LATAM,Consumer
C3651,2022-05-15,France,Europe,Small Business
C3652,2023-09-13,India,APAC,Consumer
C3653,2023-09-10,Singapore,APAC,Consumer
C3654,2023-06-30,France,Europe,Consumer
C3655,2023-02-27,Brazil,LATAM,Consumer
C3656,2022-07-10,Germany,Europe,Consumer
C3657,2022-10-22,Italy,Europe,Small Business
C3658,2022-02-19,United States,North America,Consumer
C3659,2022-07-02,Mexico,North America,Small Business
C3660,2022-11-25,India,APAC,Consumer
C3661,2022-11-15,Germany,Europe,Consumer
C3662,2022-02-28,Germany,Europe,Consumer
C3663,2023-12-01,United Kingdom,Europe,Consumer
C3664,2022-07-15,Spain,Europe,Consumer
C3665,2023-01-07,India,APAC,Enterprise
C3666,2022-12-06,Brazil,LATAM,Enterprise
C3667,2022-12-09,United States,North America,Small Business
C3668,2023-09-09,Italy,Europe,Small Business
C3669,2023-06-29,France,Europe,Consumer
C3670,2023-09-26,Japan,APAC,Consumer
C3671,2022-10-04,France,Europe,Consumer
C3672,2022-07-13,Germany,Europe,Small Business
C3673,2022-11-09,France,Europe,Consumer
C3674,2023-02-14,Japan,APAC,Consumer
C3675,2022-09-03,Spain,Europe,Consumer
C3676,2022-12-02,France,Europe,Consumer
C3677,2022-04-21,India,APAC,Small Business
C3678,2023-03-03,Singapore,APAC,Consumer
C3679,2023-06-06,Germany,Europe,Consumer
C3680,2023-01-20,India,APAC,Small Business
C3681,2023-09-30,India,APAC,Consumer
C3682,2023-12-28,Canada,North America,Consumer
C3683,2023-10-24,Japan,APAC,Consumer
C3684,2022-03-09,United Kingdom,Europe,Consumer
C3685,2023-10-05,Australia,APAC,Consumer
C3686,2022-09-01,United Kingdom,Europe,Consumer
C3687,2022-11-26,Japan,APAC,Consumer
C3688,2022-10-28,United Kingdom,Europe,Consumer
C3689,2022-07-27,Spain,Europe,Consumer
C3690,2023-10-03,Argentina,LATAM,Enterprise
C3691,2023-04-11,Germany,Europe,Consumer
C3692,2023-12-07,Brazil,LATAM,Consumer
C3693,2023-11-28,Chile,LATAM,Consumer
C3694,2022-11-03,Brazil,LATAM,Consumer
C3695,2023-06-15,Canada,North America,Enterprise
C3696,2023-01-02,India,APAC,Consumer
C3697,2022-12-28,United States,North America,Consumer
C3698,2023-06-24,Germany,Europe,Consumer
C3699,2023-05-18,Brazil,LATAM,Small Business
C3700,2023-10-28,Australia,APAC,Consumer
C3701,2023-07-18,Spain,Europe,Small Business
C3702,2023-03-31,Germany,Europe,Consumer
C3703,2023-11-03,India,APAC,Consumer
C3704,2022-03-16,Australia,APAC,Small Business
C3705,2023-07-12,France,Europe,Consumer
C3706,2022-10-14,Brazil,LATAM,Consumer
C3707,2022-11-13,Mexico,North America,Consumer
C3708,2023-07-25,Canada,North America,Consumer
C3709,2022-07-19,Japan,APAC,Consumer
C3710,2023-10-08,Argentina,LATAM,Consumer
C3711,2022-12-31,United Kingdom,Europe,Consumer
C3712,2022-09-12,United Kingdom,Europe,Consumer
C3713,2022-08-28,United States,North America,Consumer
C3714,2022-11-04,Brazil,LATAM,Small Business
C3715,2023-11-20,Mexico,North America,Consumer
C3716,2022-03-16,Spain,Europe,Consumer
C3717,2023-01-06,Chile,LATAM,Consumer
C3718,2023-09-02,United States,North America,Consumer
C3719,2022-12-11,Italy,Europe,Consumer
C3720,2023-02-18,Spain,Europe,Small Business
C3721,2022-09-12,India,APAC,Small Business
C3722,2022-04-10,Germany,Europe,Consumer
C3723,2023-04-12,Germany,Europe,Small Business
C3724,2023-11-03,Canada,North America,Small Business
C3725,2023-01-15,Australia,APAC,Small Business
C3726,2022-11-12,Singapore,APAC,Small Business
C3727,2022-04-05,United States,North America,Consumer
C3728,2023-11-21,Germany,Europe,Consumer
C3729,2023-09-27,Brazil,LATAM,Consumer
C3730,2023-10-21,United States,North America,Consumer
C3731,2022-09-20,United Kingdom,Europe,Small Business
C3732,2023-04-02,Italy,Europe,Consumer
C3733,2022-11-12,Germany,Europe,Consumer
C3734,2022-06-21,United Kingdom,Europe,Small Business
C3735,2022-05-31,France,Europe,Consumer
C3736,2022-10-08,Canada,North America,Small Business
C3737,2023-02-08,Spain,Europe,Consumer
C3738,2022-03-31,Australia,APAC,Consumer
C3739,2023-05-28,Italy,Europe,Consumer
C3740,2022-12-01,United States,North America,Consumer
C3741,2023-10-06,India,APAC,Consumer
C3742,2022-07-23,Canada,North America,Consumer
C3743,2022-02-07,Singapore,APAC,Consumer
C3744,2022-08-16,Germany,Europe,Consumer
C3745,2023-12-12,Singapore,APAC,Small Business
C3746,2022-08-24,Mexico,North America,Consumer
C3747,2023-05-29,Mexico,North America,Consumer
C3748,2023-09-08,Spain,Europe,Consumer
C3749,2022-07-27,United States,North America,Enterprise
C3750,2023-04-15,Mexico,North America,Small Business
C3751,2022-05-30,Australia,APAC,Enterprise
C3752,2022-09-22,India,APAC,Enterprise
C3753,2022-08-05,United States,North America,Consumer
C3754,2023-05-06,Brazil,LATAM,Consumer
C3755,2023-10-02,India,APAC,Consumer
C3756,2022-07-04,Brazil,LATAM,Small Business
C3757,2022-08-01,Australia,APAC,Consumer
C3758,2023-08-23,Japan,APAC,Consumer
C3759,2022-12-04,Spain,Europe,Enterprise
C3760,2023-01-10,Japan,APAC,Small Business
C3761,2023-05-31,Brazil,LATAM,Enterprise
C3762,2022-04-11,United States,North America,Consumer
C3763,2023-09-29,United Kingdom,Europe,Consumer
C3764,2022-09-24,United States,North America,Consumer
C3765,2023-04-26,Argentina,LATAM,Consumer
C3766,2022-11-12,France,Europe,Consumer
C3767,2023-07-04,Australia,APAC,Consumer
C3768,2023-03-23,India,APAC,Small Business
C3769,2022-05-07,Chile,LATAM,Consumer
C3770,2022-05-18,Canada,North America,Consumer
C3771,2023-10-03,India,APAC,Small Business
C3772,2023-01-15,Brazil,LATAM,Consumer
C3773,2022-07-21,United States,North America,Consumer
C3774,2022-04-15,Singapore,APAC,Consumer
C3775,2022-04-04,Germany,Europe,Consumer
C3776,2023-11-03,Japan,APAC,Small Business
C3777,2023-12-14,Spain,Europe,Consumer
C3778,2022-10-15,United Kingdom,Europe,Consumer
C3779,2022-05-28,United States,North America,Enterprise
C3780,2022-11-02,United States,North America,Consumer
C3781,2022-04-10,United States,North America,Small Business
C3782,2023-02-06,Japan,APAC,Consumer
C3783,2023-04-02,Germany,Europe,Enterprise
C3784,2023-12-21,Mexico,North America,Consumer
C3785,2022-08-21,Australia,APAC,Consumer
C3786,2022-05-25,Australia,APAC,Small Business
C3787,2022-04-08,Italy,Europe,Small Business
C3788,2022-10-03,Argentina,LATAM,Consumer
C3789,2023-03-15,Germany,Europe,Consumer
C3790,2022-02-18,India,APAC,Consumer
C3791,2023-07-09,United States,North America,Small Business
C3792,2022-12-02,Australia,APAC,Small Business
C3793,2023-08-03,Chile,LATAM,Consumer
C3794,2022-12-05,India,APAC,Consumer
C3795,2022-04-24,Italy,Europe,Consumer
C3796,2022-01-16,Japan,APAC,Small Business
C3797,2023-02-11,Germany,Europe,Consumer
C3798,2023-01-29,Australia,APAC,Consumer
C3799,2023-08-17,Singapore,APAC,Enterprise
C3800,2023-10-03,Chile,LATAM,Consumer
C3801,2022-04-28,Spain,Europe,Consumer
C3802,2022-08-18,United States,North America,Consumer
C3803,2022-06-01,Japan,APAC,Consumer
C3804,2022-03-19,United States,North America,Small Business
C3805,2022-01-02,United Kingdom,Europe,Consumer
C3806,2022-03-02,Germany,Europe,Consumer
C3807,2023-01-18,Australia,APAC,Consumer
C3808,2022-04-21,Canada,North America,Small Business
C3809,2022-05-23,Canada,North America,Consumer
C3810,2022-03-28,United States,North America,Consumer
C3811,2023-06-13,Brazil,LATAM,Consumer
C3812,2023-04-10,Australia,APAC,Consumer
C3813,2023-12-04,United States,North America,Enterprise
C3814,2022-03-23,United States,North America,Small Business
C3815,2022-06-02,Italy,Europe,Small Business
C3816,2022-11-29,United Kingdom,Europe,Consumer
C3817,2023-04-19,Japan,APAC,Consumer
C3818,2022-04-05,France,Europe,Enterprise
C3819,2022-06-04,Brazil,LATAM,Consumer
C3820,2022-11-04,United Kingdom,Europe,Small Business
C3821,2022-01-14,Australia,APAC,Consumer
C3822,2022-10-16,United States,North America,Consumer
C3823,2023-07-08,Argentina,LATAM,Consumer
C3824,2023-01-20,Chile,LATAM,Consumer
C3825,2022-11-13,Australia,APAC,Consumer
C3826,2022-12-23,France,Europe,Consumer
C3827,2023-11-23,Mexico,North America,Consumer
C3828,2023-01-15,India,APAC,Consumer
C3829,2023-01-26,Australia,APAC,Small Business
C3830,2023-11-11,Mexico,North America,Consumer
C3831,2022-04-25,France,Europe,Small Business
C3832,2022-03-12,France,Europe,Consumer
C3833,2022-11-25,India,APAC,Consumer
C3834,2022-08-21,Australia,APAC,Consumer
C3835,2022-05-29,Japan,APAC,Enterprise
C3836,2022-03-29,Japan,APAC,Consumer
C3837,2023-10-03,United Kingdom,Europe,Enterprise
C3838,2023-03-25,Germany,Europe,Consumer
C3839,2023-05-20,United States,North America,Small Business
C3840,2022-03-28,Singapore,APAC,Small Business
C3841,2022-09-07,France,Europe,Enterprise
C3842,2023-03-30,France,Europe,Consumer
C3843,2023-01-21,United Kingdom,Europe,Enterprise
C3844,2023-05-23,Mexico,North America,Consumer
C3845,2023-05-04,Japan,APAC,Small Business
C3846,2022-10-29,Mexico,North America,Consumer
C3847,2023-07-26,United States,North America,Consumer
C3848,2022-07-09,Singapore,APAC,Consumer
C3849,2022-02-28,Germany,Europe,Small Business
C3850,2023-10-29,Germany,Europe,Consumer
C3851,2022-01-17,France,Europe,Consumer
C3852,2022-07-27,India,APAC,Consumer
C3853,2022-03-25,United Kingdom,Europe,Small Business
C3854,2022-06-19,Singapore,APAC,Consumer
C3855,2022-10-16,Argentina,LATAM,Consumer
C3856,2022-04-05,Japan,APAC,Consumer
C3857,2022-12-07,France,Europe,Consumer
C3858,2023-11-08,Singapore,APAC,Consumer
C3859,2022-04-10,France,Europe,Small Business
C3860,2023-11-08,Germany,Europe,Small Business
C3861,2022-10-28,Spain,Europe,Consumer
C3862,2023-03-09,United Kingdom,Europe,Consumer
C3863,2022-11-19,United States,North America,Consumer
C3864,2022-08-20,Germany,Europe,Consumer
C3865,2022-03-21,United States,North America,Consumer
C3866,2023-03-10,Germany,Europe,Small Business
C3867,2023-11-01,Italy,Europe,Consumer
C3868,2023-01-16,Argentina,LATAM,Consumer
C3869,2023-03-14,United States,North America,Enterprise
C3870,2023-04-15,Japan,APAC,Consumer
C3871,2022-10-11,France,Europe,Consumer
C3872,2022-03-30,United States,North America,Consumer
C3873,2023-01-06,United Kingdom,Europe,Consumer
C3874,2023-09-27,United States,North America,Small Business
C3875,2022-08-18,Mexico,North America,Small Business
C3876,2023-09-29,United Kingdom,Europe,Consumer
C3877,2023-09-16,Germany,Europe,Consumer
C3878,2022-06-28,Spain,Europe,Consumer
C3879,2023-02-24,United States,North America,Consumer
C3880,2023-06-30,Canada,North America,Consumer
C3881,2022-12-28,United States,North America,Consumer
C3882,2023-05-26,Italy,Europe,Consumer
C3883,2023-10-27,Germany,Europe,Small Business
C3884,2023-04-03,Italy,Europe,Small Business
C3885,2023-09-04,Mexico,North America,Consumer
C3886,2023-08-08,United States,North America,Consumer
C3887,2023-08-17,Argentina,LATAM,Consumer
C3888,2023-09-15,United States,North America,Consumer
C3889,2022-06-14,United States,North America,Consumer
C3890,2022-01-14,Canada,North America,Consumer
C3891,2022-04-22,Chile,LATAM,Enterprise
C3892,2022-07-02,Japan,APAC,Consumer
C3893,2023-05-19,Japan,APAC,Consumer
C3894,2023-01-08,Chile,LATAM,Consumer
C3895,2022-12-09,United States,North America,Consumer
C3896,2022-01-07,Argentina,LATAM,Consumer
C3897,2023-05-15,Mexico,North America,Consumer
C3898,2022-09-23,Japan,APAC,Enterprise
C3899,2023-07-10,France,Europe,Small Business
C3900,2022-03-24,Germany,Europe,Enterprise
C3901,2022-08-04,Argentina,LATAM,Consumer
C3902,2022-02-09,Canada,North America,Consumer
C3903,2022-07-27,Chile,LATAM,Consumer
C3904,2023-11-06,Germany,Europe,Consumer
C3905,2022-12-25,Japan,APAC,Consumer
C3906,2022-11-17,Argentina,LATAM,Small Business
C3907,2022-07-19,United States,North America,Consumer
C3908,2022-07-13,Brazil,LATAM,Consumer
C3909,2023-05-03,Italy,Europe,Consumer
C3910,2023-12-21,Australia,APAC,Consumer
C3911,2023-06-30,Canada,North America,Consumer
C3912,2023-06-23,Spain,Europe,Consumer
C3913,2022-12-11,Japan,APAC,Consumer
C3914,2022-03-14,France,Europe,Consumer
C3915,2023-06-13,Canada,North America,Enterprise
C3916,2023-08-14,United Kingdom,Europe,Consumer
C3917,2023-01-08,India,APAC,Consumer
C3918,2022-03-08,United States,North America,Consumer
C3919,2023-06-05,Australia,APAC,Small Business
C3920,2023-11-04,Chile,LATAM,Consumer
C3921,2022-06-14,United States,North America,Consumer
C3922,2022-04-27,Canada,North America,Consumer
C3923,2023-06-24,Japan,APAC,Consumer
C3924,2022-08-31,United States,North America,Consumer
C3925,2023-06-07,Japan,APAC,Consumer
C3926,2023-05-29,Australia,APAC,Consumer
C3927,2022-07-14,Japan,APAC,Small Business
C3928,2022-01-31,Germany,Europe,Consumer
C3929,2023-02-10,Australia,APAC,Consumer
C3930,2022-10-25,Japan,APAC,Consumer
C3931,2023-09-17,Mexico,North America,Consumer
C3932,2022-09-19,Italy,Europe,Consumer
C3933,2022-07-02,Brazil,LATAM,Consumer
C3934,2023-09-20,Japan,APAC,Consumer
C3935,2023-06-22,France,Europe,Enterprise
C3936,2023-03-28,United Kingdom,Europe,Consumer
C3937,2023-11-28,United States,North America,Enterprise
C3938,2023-07-26,United Kingdom,Europe,Enterprise
C3939,2023-09-25,United States,North America,Consumer
C3940,2023-08-07,Chile,LATAM,Consumer
C3941,2022-10-21,Mexico,North America,Consumer
C3942,2022-02-15,India,APAC,Enterprise
C3943,2023-03-20,Canada,North America,Consumer
C3944,2023-07-13,United Kingdom,Europe,Consumer
C3945,2023-12-25,Germany,Europe,Consumer
C3946,2023-05-13,United Kingdom,Europe,Small Business
C3947,2023-02-19,India,APAC,Consumer
C3948,2023-02-25,Argentina,LATAM,Consumer
C3949,2022-03-25,Brazil,LATAM,Consumer
C3950,2022-01-06,Canada,North America,Consumer
C3951,2022-02-03,Singapore,APAC,Small Business
C3952,2023-10-23,Canada,North America,Small Business
C3953,2023-07-31,Brazil,LATAM,Consumer
C3954,2022-07-09,Spain,Europe,Consumer
C3955,2022-11-06,Germany,Europe,Small Business
C3956,2022-12-20,Canada,North America,Consumer
C3957,2022-06-30,United States,North America,Consumer
C3958,2022-11-05,United Kingdom,Europe,Consumer
C3959,2022-09-11,Brazil,LATAM,Consumer
C3960,2023-05-23,India,APAC,Enterprise
C3961,2023-07-07,Argentina,LATAM,Consumer
C3962,2022-03-13,United States,North America,Consumer
C3963,2022-12-06,Japan,APAC,Small Business
C3964,2023-12-25,United Kingdom,Europe,Consumer
C3965,2023-09-27,Italy,Europe,Small Business
C3966,2023-08-03,United Kingdom,Europe,Consumer
C3967,2023-06-21,United Kingdom,Europe,Consumer
C3968,2022-01-04,Italy,Europe,Consumer
C3969,2023-12-13,Canada,North America,Consumer
C3970,2023-06-21,France,Europe,Consumer
C3971,2023-10-11,Japan,APAC,Consumer
C3972,2023-10-26,United States,North America,Small Business
C3973,2022-07-05,Argentina,LATAM,Small Business
C3974,2022-01-11,Spain,Europe,Consumer
C3975,2023-04-27,India,APAC,Consumer
C3976,2022-12-02,Japan,APAC,Consumer
C3977,2022-01-15,Australia,APAC,Consumer
C3978,2022-07-17,Australia,APAC,Consumer
C3979,2023-12-25,Brazil,LATAM,Small Business
C3980,2022-09-23,Japan,APAC,Enterprise
C3981,2022-07-10,United Kingdom,Europe,Consumer
C3982,2023-04-23,United States,North America,Small Business
C3983,2023-05-01,Japan,APAC,Consumer
C3984,2022-08-31,United States,North America,Consumer
C3985,2023-09-12,United Kingdom,Europe,Consumer
C3986,2023-02-28,United States,North America,Consumer
C3987,2022-04-28,Italy,Europe,Consumer
C3988,2022-08-26,Canada,North America,Enterprise
C3989,2023-09-11,Japan,APAC,Consumer
C3990,2022-03-07,India,APAC,Consumer
C3991,2022-01-09,India,APAC,Consumer
C3992,2023-04-25,United Kingdom,Europe,Enterprise
C3993,2022-11-19,Italy,Europe,Consumer
C3994,2022-07-04,Italy,Europe,Enterprise
C3995,2022-12-11,France,Europe,Small Business
C3996,2022-05-15,Japan,APAC,Consumer
C3997,2022-10-01,Mexico,North America,Consumer
C3998,2022-06-20,Chile,LATAM,Consumer
C3999,2023-03-05,United States,North America,Small Business
C4000,2023-05-07,India,APAC,Consumer
C4001,2023-10-30,Japan,APAC,Consumer
C4002,2022-02-19,United Kingdom,Europe,Consumer
C4003,2022-08-27,Singapore,APAC,Consumer
C4004,2022-07-13,United States,North America,Small Business
C4005,2023-02-27,Singapore,APAC,Small Business
C4006,2023-01-25,Japan,APAC,Consumer
C4007,2023-10-03,United States,North America,Consumer
C4008,2023-11-02,United States,North America,Consumer
C4009,2023-07-19,Singapore,APAC,Small Business
C4010,2022-05-26,United Kingdom,Europe,Consumer
C4011,2022-01-30,Brazil,LATAM,Small Business
C4012,2023-10-19,Singapore,APAC,Consumer
C4013,2023-11-20,Australia,APAC,Consumer
C4014,2022-07-02,United Kingdom,Europe,Enterprise
C4015,2022-02-04,Australia,APAC,Consumer
C4016,2023-05-12,Argentina,LATAM,Consumer
C4017,2023-03-06,United States,North America,Consumer
C4018,2023-10-11,Germany,Europe,Consumer
C4019,2023-02-25,United Kingdom,Europe,Enterprise
C4020,2023-07-10,Germany,Europe,Enterprise
C4021,2023-07-29,Australia,APAC,Small Business
C4022,2022-01-08,France,Europe,Consumer
C4023,2022-04-19,Italy,Europe,Consumer
C4024,2023-07-24,United Kingdom,Europe,Small Business
C4025,2022-05-11,Canada,North America,Consumer
C4026,2022-05-31,United Kingdom,Europe,Enterprise
C4027,2023-07-04,India,APAC,Consumer
C4028,2022-05-30,Japan,APAC,Consumer
C4029,2022-04-20,Germany,Europe,Consumer
C4030,2022-01-10,Singapore,APAC,Consumer
C4031,2022-12-09,United States,North America,Consumer
C4032,2023-04-10,United Kingdom,Europe,Consumer
C4033,2023-06-19,Mexico,North America,Small Business
C4034,2023-10-24,Chile,LATAM,Consumer
C4035,2023-04-21,Australia,APAC,Consumer
C4036,2023-07-07,Japan,APAC,Consumer
C4037,2022-06-03,United States,North America,Small Business
C4038,2022-09-06,Canada,North America,Consumer
C4039,2022-08-10,Japan,APAC,Enterprise
C4040,2022-02-17,Germany,Europe,Enterprise
C4041,2023-12-09,Brazil,LATAM,Consumer
C4042,2022-06-26,Singapore,APAC,Consumer
C4043,2022-11-24,France,Europe,Small Business
C4044,2022-09-18,Singapore,APAC,Consumer
C4045,2022-02-02,Argentina,LATAM,Small Business
C4046,2023-10-22,France,Europe,Consumer
C4047,2022-06-10,Japan,APAC,Consumer
C4048,2022-03-15,Brazil,LATAM,Consumer
C4049,2022-09-07,United Kingdom,Europe,Consumer
C4050,2022-04-15,Brazil,LATAM,Enterprise
C4051,2023-12-31,United States,North America,Consumer
C4052,2022-05-18,Japan,APAC,Enterprise
C4053,2022-08-09,Singapore,APAC,Consumer
C4054,2022-07-17,Japan,APAC,Small Business
C4055,2022-01-20,Spain,Europe,Enterprise
C4056,2022-01-10,Japan,APAC,Consumer
C4057,2023-01-10,Canada,North America,Consumer
C4058,2022-06-19,Mexico,North America,Small Business
C4059,2022-03-03,United Kingdom,Europe,Small Business
C4060,2022-08-01,Japan,APAC,Consumer
C4061,2022-07-20,France,Europe,Consumer
C4062,2022-11-06,United Kingdom,Europe,Small Business
C4063,2023-12-26,Brazil,LATAM,Consumer
C4064,2022-08-13,Germany,Europe,Consumer
C4065,2023-05-30,France,Europe,Consumer
C4066,2023-07-15,Germany,Europe,Consumer
C4067,2022-02-06,Canada,North America,Small Business
C4068,2023-01-01,Australia,APAC,Consumer
C4069,2022-11-24,France,Europe,Enterprise
C4070,2023-01-06,United States,North America,Consumer
C4071,2022-05-06,Argentina,LATAM,Consumer
C4072,2022-12-06,India,APAC,Consumer
C4073,2022-03-31,Australia,APAC,Consumer
C4074,2023-11-22,Brazil,LATAM,Small Business
C4075,2023-03-05,Brazil,LATAM,Consumer
C4076,2022-01-26,Germany,Europe,Small Business
C4077,2023-01-05,Japan,APAC,Consumer
C4078,2023-11-08,Japan,APAC,Consumer
C4079,2023-06-27,United Kingdom,Europe,Consumer
C4080,2022-07-19,Mexico,North America,Small Business
C4081,2023-10-14,United States,North America,Consumer
C4082,2022-05-16,Japan,APAC,Consumer
C4083,2022-06-30,Singapore,APAC,Consumer
C4084,2022-04-24,Singapore,APAC,Consumer
C4085,2023-11-05,United Kingdom,Europe,Consumer
C4086,2023-06-08,Mexico,North America,Consumer
C4087,2023-01-14,France,Europe,Enterprise
C4088,2023-05-03,Italy,Europe,Consumer
C4089,2022-07-08,Brazil,LATAM,Consumer
C4090,2022-02-21,Brazil,LATAM,Consumer
C4091,2023-09-10,Brazil,LATAM,Small Business
C4092,2023-12-05,India,APAC,Consumer
C4093,2022-01-26,Argentina,LATAM,Consumer
C4094,2022-02-07,France,Europe,Small Business
C4095,2023-02-13,United States,North America,Consumer
C4096,2022-02-01,United States,North America,Consumer
C4097,2023-06-11,Germany,Europe,Consumer
C4098,2023-11-22,United Kingdom,Europe,Consumer
C4099,2022-07-24,Canada,North America,Small Business
C4100,2022-08-03,Argentina,LATAM,Small Business
C4101,2023-09-23,Mexico,North America,Small Business
C4102,2022-09-18,Argentina,LATAM,Small Business
C4103,2022-06-25,Singapore,APAC,Small Business
C4104,2022-03-03,Japan,APAC,Consumer
C4105,2023-09-06,Australia,APAC,Consumer
C4106,2023-11-07,Germany,Europe,Consumer
C4107,2022-02-27,Japan,APAC,Enterprise
C4108,2023-08-10,Mexico,North America,Enterprise
C4109,2022-04-27,Argentina,LATAM,Small Business
C4110,2022-04-12,United Kingdom,Europe,Consumer
C4111,2022-10-06,United Kingdom,Europe,Consumer
C4112,2022-11-15,Australia,APAC,Small Business
C4113,2023-09-16,Japan,APAC,Consumer
C4114,2023-05-26,France,Europe,Consumer
C4115,2022-04-16,Japan,APAC,Consumer
C4116,2023-03-03,Canada,North America,Consumer
C4117,2023-10-02,Japan,APAC,Consumer
C4118,2023-04-29,United Kingdom,Europe,Enterprise
C4119,2022-06-17,United Kingdom,Europe,Small Business
C4120,2022-04-05,Canada,North America,Consumer
C4121,2022-11-27,Germany,Europe,Consumer
C4122,2022-12-11,Germany,Europe,Enterprise
C4123,2022-09-15,France,Europe,Consumer
C4124,2022-03-21,Mexico,North America,Consumer
C4125,2022-03-28,Mexico,North America,Consumer
C4126,2023-01-22,Italy,Europe,Consumer
C4127,2023-11-21,United States,North America,Consumer
C4128,2023-03-13,Australia,APAC,Small Business
C4129,2022-11-16,Argentina,LATAM,Consumer
C4130,2023-11-11,France,Europe,Consumer
C4131,2023-05-19,Brazil,LATAM,Consumer
C4132,2023-06-09,United States,North America,Enterprise
C4133,2023-02-24,United States,North America,Consumer
C4134,2023-07-11,Australia,APAC,Consumer
C4135,2023-01-02,Singapore,APAC,Consumer
C4136,2023-03-31,India,APAC,Enterprise
C4137,2023-03-27,United States,North America,Small Business
C4138,2023-07-04,Singapore,APAC,Consumer
C4139,2023-10-18,Germany,Europe,Consumer
C4140,2022-08-03,United Kingdom,Europe,Consumer
C4141,2023-05-26,Canada,North America,Small Business
C4142,2022-01-24,Chile,LATAM,Small Business
C4143,2023-01-24,United States,North America,Enterprise
C4144,2023-10-19,India,APAC,Consumer
C4145,2023-04-16,Japan,APAC,Consumer
C4146,2022-07-15,Australia,APAC,Consumer
C4147,2023-03-19,Australia,APAC,Small Business
C4148,2022-09-19,India,APAC,Consumer
C4149,2022-11-13,Canada,North America,Consumer
C4150,2022-06-16,United States,North America,Small Business
C4151,2023-04-02,Japan,APAC,Consumer
C4152,2022-05-25,Germany,Europe,Small Business
C4153,2022-11-20,United States,North America,Consumer
C4154,2023-11-17,Mexico,North America,Consumer
C4155,2023-07-08,Germany,Europe,Consumer
C4156,2022-10-30,United States,North America,Consumer
C4157,2023-12-09,United States,North America,Small Business
C4158,2022-01-11,Brazil,LATAM,Consumer
C4159,2023-12-02,United Kingdom,Europe,Consumer
C4160,2022-09-15,Chile,LATAM,Consumer
C4161,2023-08-23,Argentina,LATAM,Small Business
C4162,2023-11-23,Canada,North America,Enterprise
C4163,2023-03-16,Australia,APAC,Small Business
C4164,2023-03-22,Japan,APAC,Consumer
C4165,2023-07-02,Australia,APAC,Consumer
C4166,2022-06-25,United States,North America,Consumer
C4167,2022-05-10,Mexico,North America,Consumer
C4168,2022-09-08,United States,North America,Consumer
C4169,2022-12-16,Japan,APAC,Consumer
C4170,2023-06-27,Chile,LATAM,Consumer
C4171,2022-07-07,Japan,APAC,Small Business
C4172,2023-02-17,Australia,APAC,Consumer
C4173,2022-01-03,Chile,LATAM,Small Business
C4174,2022-01-23,Australia,APAC,Enterprise
C4175,2023-12-07,United States,North America,Consumer
C4176,2023-09-13,Brazil,LATAM,Consumer
C4177,2023-09-23,Germany,Europe,Small Business
C4178,2022-08-28,United States,North America,Consumer
C4179,2023-01-10,Spain,Europe,Consumer
C4180,2023-05-08,Argentina,LATAM,Consumer
C4181,2022-07-05,United Kingdom,Europe,Small Business
C4182,2023-06-28,Spain,Europe,Small Business
C4183,2023-05-21,Canada,North America,Small Business
C4184,2022-10-25,United States,North America,Consumer
C4185,2022-11-14,United States,North America,Consumer
C4186,2022-08-13,Australia,APAC,Small Business
C4187,2023-08-10,Brazil,LATAM,Small Business
C4188,2023-12-22,Canada,North America,Consumer
C4189,2023-12-31,United Kingdom,Europe,Enterprise
C4190,2023-07-18,Mexico,North America,Small Business
C4191,2022-09-12,United States,North America,Consumer
C4192,2023-07-25,Italy,Europe,Consumer
C4193,2022-06-28,Australia,APAC,Consumer
C4194,2023-10-17,Japan,APAC,Small Business
C4195,2022-07-15,Germany,Europe,Consumer
C4196,2022-10-22,Italy,Europe,Consumer
C4197,2022-03-10,United States,North America,Consumer
C4198,2022-03-01,Canada,North America,Small Business
C4199,2022-10-15,Argentina,LATAM,Small Business
C4200,2023-02-06,Singapore,APAC,Small Business
C4201,2022-01-13,Brazil,LATAM,Consumer
C4202,2023-09-10,Brazil,LATAM,Consumer
C4203,2022-03-25,Japan,APAC,Consumer
C4204,2023-12-30,Brazil,LATAM,Consumer
C4205,2022-07-18,Germany,Europe,Consumer
C4206,2022-10-04,United States,North America,Enterprise
C4207,2022-04-27,United States,North America,Consumer
C4208,2023-08-25,United States,North America,Consumer
C4209,2023-06-19,United States,North America,Consumer
C4210,2022-02-27,Germany,Europe,Small Business
C4211,2022-03-19,Australia,APAC,Consumer
C4212,2023-03-21,Singapore,APAC,Consumer
C4213,2023-09-25,Japan,APAC,Consumer
C4214,2022-03-22,Canada,North America,Consumer
C4215,2022-06-11,Singapore,APAC,Consumer
C4216,2023-02-03,Germany,Europe,Consumer
C4217,2022-03-21,United States,North America,Small Business
C4218,2022-08-11,United Kingdom,Europe,Consumer
C4219,2022-01-08,Germany,Europe,Consumer
C4220,2022-12-31,United Kingdom,Europe,Consumer
C4221,2023-06-07,India,APAC,Consumer
C4222,2022-10-28,Singapore,APAC,Consumer
C4223,2022-07-07,Australia,APAC,Consumer
C4224,2022-11-06,United States,North America,Enterprise
C4225,2023-01-07,India,APAC,Enterprise
C4226,2022-05-01,Australia,APAC,Small Business
C4227,2022-03-23,Mexico,North America,Consumer
C4228,2022-05-13,Japan,APAC,Small Business
C4229,2023-12-21,France,Europe,Small Business
C4230,2023-06-12,France,Europe,Consumer
C4231,2022-04-02,United States,North America,Consumer
C4232,2022-08-08,Spain,Europe,Small Business
C4233,2022-10-28,United States,North America,Enterprise
C4234,2022-05-13,Canada,North America,Consumer
C4235,2023-09-14,United States,North America,Consumer
C4236,2023-11-18,Argentina,LATAM,Consumer
C4237,2022-06-28,United Kingdom,Europe,Consumer
C4238,2022-01-13,Germany,Europe,Small Business
C4239,2022-07-14,United Kingdom,Europe,Consumer
C4240,2023-03-02,Brazil,LATAM,Enterprise
C4241,2023-08-14,Italy,Europe,Small Business
C4242,2022-09-05,Brazil,LATAM,Consumer
C4243,2022-07-19,United Kingdom,Europe,Small Business
C4244,2022-07-01,United States,North America,Small Business
C4245,2022-01-03,Italy,Europe,Consumer
C4246,2022-01-11,Germany,Europe,Consumer
C4247,2022-11-09,India,APAC,Small Business
C4248,2023-03-27,Brazil,LATAM,Consumer
C4249,2022-01-10,France,Europe,Consumer
C4250,2022-05-27,Argentina,LATAM,Consumer
C4251,2023-10-27,Italy,Europe,Consumer
C4252,2023-12-24,United Kingdom,Europe,Consumer
C4253,2023-04-14,Spain,Europe,Consumer
C4254,2023-01-16,United States,North America,Consumer
C4255,2023-03-02,India,APAC,Consumer
C4256,2022-09-28,United States,North America,Small Business
C4257,2022-05-28,United Kingdom,Europe,Consumer
C4258,2022-10-02,Italy,Europe,Enterprise
C4259,2023-05-26,United States,North America,Enterprise
C4260,2023-04-29,United States,North America,Consumer
C4261,2023-05-10,Australia,APAC,Consumer
C4262,2023-03-21,United States,North America,Consumer
C4263,2022-02-14,France,Europe,Small Business
C4264,2023-04-03,Germany,Europe,Consumer
C4265,2023-10-06,Mexico,North America,Consumer
C4266,2023-04-19,Mexico,North America,Consumer
C4267,2023-02-27,Singapore,APAC,Consumer
C4268,2022-06-13,Argentina,LATAM,Small Business
C4269,2023-08-02,Canada,North America,Small Business
C4270,2022-11-26,Argentina,LATAM,Consumer
C4271,2022-07-11,Japan,APAC,Consumer
C4272,2022-12-24,Japan,APAC,Consumer
C4273,2022-03-31,Australia,APAC,Consumer
C4274,2023-11-08,Australia,APAC,Consumer
C4275,2023-05-28,India,APAC,Consumer
C4276,2022-08-27,France,Europe,Small Business
C4277,2023-08-03,Spain,Europe,Consumer
C4278,2022-02-09,United Kingdom,Europe,Small Business
C4279,2022-10-09,United States,North America,Consumer
C4280,2023-04-21,Japan,APAC,Consumer
C4281,2022-01-18,United States,North America,Consumer
C4282,2023-06-02,United Kingdom,Europe,Consumer
C4283,2023-08-21,United States,North America,Consumer
C4284,2023-03-10,Mexico,North America,Enterprise
C4285,2022-05-31,Japan,APAC,Small Business
C4286,2023-07-01,Japan,APAC,Small Business
C4287,2022-09-05,France,Europe,Consumer
C4288,2023-06-22,United States,North America,Consumer
C4289,2023-04-04,France,Europe,Consumer
C4290,2022-03-10,Germany,Europe,Enterprise
C4291,2022-03-14,Australia,APAC,Small Business
C4292,2022-01-12,Italy,Europe,Consumer
C4293,2022-02-22,Spain,Europe,Enterprise
C4294,2022-08-07,France,Europe,Consumer
C4295,2022-01-19,Argentina,LATAM,Consumer
C4296,2023-11-17,Singapore,APAC,Consumer
C4297,2023-11-01,Spain,Europe,Consumer
C4298,2022-05-07,France,Europe,Enterprise
C4299,2022-08-16,United States,North America,Small Business
C4300,2023-06-26,Argentina,LATAM,Consumer
C4301,2023-04-28,United Kingdom,Europe,Consumer
C4302,2023-03-01,United Kingdom,Europe,Consumer
C4303,2023-12-24,Chile,LATAM,Consumer
C4304,2023-04-05,Australia,APAC,Consumer
C4305,2023-05-04,United States,North America,Consumer
C4306,2023-01-02,United States,North America,Consumer
C4307,2023-01-19,United States,North America,Consumer
C4308,2022-08-01,Japan,APAC,Consumer
C4309,2023-01-16,United States,North America,Enterprise
C4310,2023-11-02,Argentina,LATAM,Consumer
C4311,2022-10-03,Argentina,LATAM,Consumer
C4312,2022-04-08,Italy,Europe,Consumer
C4313,2023-03-14,Japan,APAC,Small Business
C4314,2023-07-28,United Kingdom,Europe,Consumer
C4315,2023-12-01,United States,North America,Consumer
C4316,2023-01-31,Australia,APAC,Small Business
C4317,2023-07-30,United States,North America,Small Business
C4318,2022-07-02,United States,North America,Consumer
C4319,2022-11-06,United Kingdom,Europe,Consumer
C4320,2022-11-02,United States,North America,Enterprise
C4321,2022-08-31,France,Europe,Consumer
C4322,2023-06-07,Australia,APAC,Consumer
C4323,2023-10-07,India,APAC,Consumer
C4324,2022-08-27,Japan,APAC,Consumer
C4325,2022-04-10,India,APAC,Consumer
C4326,2023-08-26,Germany,Europe,Consumer
C4327,2023-09-13,India,APAC,Consumer
C4328,2023-11-14,Spain,Europe,Consumer
C4329,2022-07-06,Mexico,North America,Consumer
C4330,2023-06-09,Argentina,LATAM,Small Business
C4331,2023-06-07,United Kingdom,Europe,Consumer
C4332,2023-07-31,United States,North America,Consumer
C4333,2023-08-12,United Kingdom,Europe,Consumer
C4334,2023-11-27,Germany,Europe,Consumer
C4335,2022-12-15,Germany,Europe,Consumer
C4336,2022-02-25,Spain,Europe,Consumer
C4337,2022-05-21,Brazil,LATAM,Small Business
C4338,2023-10-10,United Kingdom,Europe,Consumer
C4339,2023-09-09,Spain,Europe,Small Business
C4340,2022-01-09,Germany,Europe,Small Business
C4341,2022-09-26,India,APAC,Consumer
C4342,2022-06-28,Canada,North America,Consumer
C4343,2022-08-23,United States,North America,Small Business
C4344,2023-04-12,Spain,Europe,Consumer
C4345,2023-01-08,Japan,APAC,Enterprise
C4346,2022-12-18,India,APAC,Small Business
C4347,2022-11-14,Japan,APAC,Consumer
C4348,2023-04-14,Singapore,APAC,Small Business
C4349,2023-05-14,Germany,Europe,Consumer
C4350,2022-02-01,United States,North America,Consumer
C4351,2022-04-11,United States,North America,Consumer
C4352,2022-09-07,United States,North America,Consumer
C4353,2022-11-15,Germany,Europe,Small Business
C4354,2023-12-29,Spain,Europe,Small Business
C4355,2023-10-13,Germany,Europe,Consumer
C4356,2023-04-19,Italy,Europe,Consumer
C4357,2022-01-27,France,Europe,Consumer
C4358,2022-03-15,Australia,APAC,Consumer
C4359,2022-11-30,Japan,APAC,Consumer
C4360,2023-03-05,United Kingdom,Europe,Consumer
C4361,2023-04-28,Germany,Europe,Small Business
C4362,2022-04-14,Japan,APAC,Consumer
C4363,2023-10-11,Japan,APAC,Consumer
C4364,2022-12-27,United Kingdom,Europe,Consumer
C4365,2023-03-10,Germany,Europe,Consumer
C4366,2022-01-29,Australia,APAC,Consumer
C4367,2023-08-25,Japan,APAC,Consumer
C4368,2023-02-01,United States,North America,Consumer
C4369,2022-06-12,France,Europe,Enterprise
C4370,2022-08-21,Brazil,LATAM,Consumer
C4371,2022-09-15,United States,North America,Consumer
C4372,2022-01-20,India,APAC,Small Business
C4373,2023-11-19,Canada,North America,Consumer
C4374,2023-08-10,Spain,Europe,Enterprise
C4375,2023-10-09,France,Europe,Consumer
C4376,2022-09-16,United States,North America,Consumer
C4377,2023-02-12,Brazil,LATAM,Consumer
C4378,2022-12-01,France,Europe,Consumer
C4379,2022-12-14,Argentina,LATAM,Small Business
C4380,2023-03-06,United Kingdom,Europe,Consumer
C4381,2022-11-26,Brazil,LATAM,Small Business
C4382,2023-07-19,Brazil,LATAM,Small Business
C4383,2022-02-12,Italy,Europe,Small Business
C4384,2022-05-21,Mexico,North America,Small Business
C4385,2023-10-14,Australia,APAC,Consumer
C4386,2023-10-07,Italy,Europe,Consumer
C4387,2023-08-21,Argentina,LATAM,Small Business
C4388,2022-09-27,France,Europe,Consumer
C4389,2022-11-30,United Kingdom,Europe,Consumer
C4390,2022-01-19,United States,North America,Consumer
C4391,2022-07-23,Australia,APAC,Consumer
C4392,2023-06-15,Argentina,LATAM,Small Business
C4393,2022-09-08,United States,North America,Consumer
C4394,2022-12-17,Australia,APAC,Consumer
C4395,2022-03-31,Brazil,LATAM,Enterprise
C4396,2022-12-29,United States,North America,Consumer
C4397,2023-06-11,United States,North America,Small Business
C4398,2023-02-22,Australia,APAC,Consumer
C4399,2023-02-11,Japan,APAC,Consumer
C4400,2023-10-30,United States,North America,Consumer
C4401,2022-06-20,India,APAC,Consumer
C4402,2022-08-07,Spain,Europe,Consumer
C4403,2023-03-31,Brazil,LATAM,Consumer
C4404,2022-12-17,Brazil,LATAM,Consumer
C4405,2023-12-16,India,APAC,Consumer
C4406,2022-02-13,Spain,Europe,Consumer
C4407,2022-03-31,United Kingdom,Europe,Consumer
C4408,2022-09-07,Spain,Europe,Small Business
C4409,2022-12-01,United States,North America,Enterprise
C4410,2023-10-13,Japan,APAC,Small Business
C4411,2022-12-27,United States,North America,Consumer
C4412,2022-11-16,Spain,Europe,Consumer
C4413,2022-05-02,United States,North America,Consumer
C4414,2022-11-14,United Kingdom,Europe,Enterprise
C4415,2023-01-24,Mexico,North America,Enterprise
C4416,2023-03-03,Japan,APAC,Consumer
C4417,2023-03-19,Singapore,APAC,Consumer
C4418,2022-11-10,United States,North America,Small Business
C4419,2022-04-25,India,APAC,Consumer
C4420,2022-04-22,Brazil,LATAM,Consumer
C4421,2022-04-23,Germany,Europe,Consumer
C4422,2023-03-28,Japan,APAC,Small Business
C4423,2023-09-18,Germany,Europe,Consumer
C4424,2023-10-07,Canada,North America,Consumer
C4425,2022-08-16,Spain,Europe,Consumer
C4426,2022-02-28,United States,North America,Consumer
C4427,2023-04-06,Brazil,LATAM,Enterprise
C4428,2022-01-29,Brazil,LATAM,Small Business
C4429,2023-04-03,India,APAC,Consumer
C4430,2022-10-07,Italy,Europe,Consumer
C4431,2023-09-05,Italy,Europe,Small Business
C4432,2023-04-02,Chile,LATAM,Small Business
C4433,2023-06-25,United Kingdom,Europe,Consumer
C4434,2022-10-24,United States,North America,Consumer
C4435,2023-09-06,Italy,Europe,Consumer
C4436,2023-01-19,Germany,Europe,Small Business
C4437,2023-04-02,United Kingdom,Europe,Consumer
C4438,2022-09-21,United States,North America,Consumer
C4439,2022-11-25,Japan,APAC,Enterprise
C4440,2023-09-06,United Kingdom,Europe,Consumer
C4441,2022-10-15,Mexico,North America,Enterprise
C4442,2022-01-16,United States,North America,Consumer
C4443,2022-10-04,Germany,Europe,Consumer
C4444,2022-10-14,Brazil,LATAM,Enterprise
C4445,2022-11-02,Germany,Europe,Enterprise
C4446,2022-02-21,Australia,APAC,Enterprise
C4447,2022-04-05,Singapore,APAC,Small Business
C4448,2022-08-25,Germany,Europe,Consumer
C4449,2022-11-06,India,APAC,Consumer
C4450,2022-01-22,Australia,APAC,Consumer
C4451,2022-10-12,Italy,Europe,Enterprise
C4452,2022-08-22,United States,North America,Consumer
C4453,2022-01-26,United States,North America,Small Business
C4454,2022-07-02,Chile,LATAM,Enterprise
C4455,2022-07-20,Singapore,APAC,Enterprise
C4456,2022-04-15,Argentina,LATAM,Enterprise
C4457,2023-07-03,Brazil,LATAM,Consumer
C4458,2022-02-22,United States,North America,Consumer
C4459,2023-02-26,India,APAC,Enterprise
C4460,2023-05-01,France,Europe,Consumer
C4461,2023-08-12,Singapore,APAC,Consumer
C4462,2023-02-03,United States,North America,Enterprise
C4463,2023-02-01,United Kingdom,Europe,Consumer
C4464,2023-07-10,Singapore,APAC,Consumer
C4465,2023-09-16,India,APAC,Consumer
C4466,2022-06-03,Japan,APAC,Consumer
C4467,2023-08-05,United Kingdom,Europe,Enterprise
C4468,2022-12-04,United Kingdom,Europe,Consumer
C4469,2022-03-13,Argentina,LATAM,Consumer
C4470,2023-03-24,France,Europe,Consumer
C4471,2023-12-15,France,Europe,Small Business
C4472,2022-04-13,Italy,Europe,Enterprise
C4473,2022-01-11,Germany,Europe,Consumer
C4474,2023-11-01,Italy,Europe,Consumer
C4475,2023-03-12,France,Europe,Consumer
C4476,2022-06-09,India,APAC,Consumer
C4477,2023-08-02,Brazil,LATAM,Consumer
C4478,2022-10-15,Argentina,LATAM,Consumer
C4479,2022-08-31,Italy,Europe,Consumer
C4480,2022-07-31,France,Europe,Consumer
C4481,2023-03-13,Australia,APAC,Consumer
C4482,2022-04-09,India,APAC,Consumer
C4483,2022-09-22,Italy,Europe,Consumer
C4484,2022-08-11,Australia,APAC,Small Business
C4485,2022-02-14,Singapore,APAC,Consumer
C4486,2023-07-12,Australia,APAC,Consumer
C4487,2022-01-07,Singapore,APAC,Enterprise
C4488,2023-12-02,Mexico,North America,Consumer
C4489,2022-03-11,Spain,Europe,Small Business
C4490,2022-09-19,Japan,APAC,Consumer
C4491,2022-03-13,United States,North America,Small Business
C4492,2022-09-25,India,APAC,Consumer
C4493,2023-03-22,Japan,APAC,Consumer
C4494,2022-03-05,United States,North America,Small Business
C4495,2023-01-19,India,APAC,Small Business
C4496,2023-07-18,Australia,APAC,Consumer
C4497,2022-11-29,Singapore,APAC,Small Business
C4498,2022-03-24,Germany,Europe,Consumer
C4499,2023-05-21,India,APAC,Enterprise
C4500,2022-05-17,Germany,Europe,Small Business
C4501,2022-01-13,Italy,Europe,Consumer
C4502,2022-11-15,United States,North America,Small Business
C4503,2022-07-17,Japan,APAC,Enterprise
C4504,2022-01-21,Australia,APAC,Small Business
C4505,2023-07-22,Italy,Europe,Consumer
C4506,2023-03-14,Spain,Europe,Small Business
C4507,2023-10-27,India,APAC,Consumer
C4508,2022-12-17,Australia,APAC,Consumer
C4509,2022-11-16,United Kingdom,Europe,Small Business
C4510,2023-09-08,Argentina,LATAM,Consumer
C4511,2022-03-01,Australia,APAC,Small Business
C4512,2022-09-22,Chile,LATAM,Consumer
C4513,2023-08-07,Argentina,LATAM,Consumer
C4514,2022-08-02,Brazil,LATAM,Enterprise
C4515,2023-10-09,Singapore,APAC,Consumer
C4516,2022-07-27,Japan,APAC,Consumer
C4517,2022-10-29,Canada,North America,Consumer
C4518,2023-10-18,Italy,Europe,Consumer
C4519,2022-06-27,Singapore,APAC,Consumer
C4520,2023-12-08,Spain,Europe,Consumer
C4521,2022-02-02,Brazil,LATAM,Enterprise
C4522,2022-07-14,United States,North America,Enterprise
C4523,2023-03-08,Germany,Europe,Small Business
C4524,2023-03-10,Spain,Europe,Consumer
C4525,2023-10-27,France,Europe,Small Business
C4526,2023-12-02,United States,North America,Consumer
C4527,2023-05-10,Canada,North America,Small Business
C4528,2023-04-27,India,APAC,Consumer
C4529,2022-08-20,France,Europe,Enterprise
C4530,2023-08-12,United States,North America,Consumer
C4531,2023-04-15,United States,North America,Consumer
C4532,2022-01-18,France,Europe,Enterprise
C4533,2023-08-31,Canada,North America,Consumer
C4534,2022-09-20,Australia,APAC,Small Business
C4535,2022-12-14,India,APAC,Enterprise
C4536,2022-12-21,Mexico,North America,Consumer
C4537,2023-08-22,Japan,APAC,Consumer
C4538,2022-07-15,Canada,North America,Consumer
C4539,2022-10-14,United Kingdom,Europe,Small Business
C4540,2022-01-29,Brazil,LATAM,Enterprise
C4541,2022-09-12,Italy,Europe,Consumer
C4542,2022-03-06,Brazil,LATAM,Small Business
C4543,2023-03-02,Mexico,North America,Consumer
C4544,2023-10-15,Germany,Europe,Consumer
C4545,2022-12-06,France,Europe,Small Business
C4546,2023-10-28,France,Europe,Small Business
C4547,2023-12-15,Chile,LATAM,Consumer
C4548,2022-02-09,United States,North America,Consumer
C4549,2023-01-12,India,APAC,Consumer
C4550,2023-01-21,Brazil,LATAM,Consumer
C4551,2022-10-09,Italy,Europe,Consumer
C4552,2023-08-30,Germany,Europe,Small Business
C4553,2022-10-16,Spain,Europe,Consumer
C4554,2022-02-10,United Kingdom,Europe,Consumer
C4555,2023-02-04,India,APAC,Small Business
C4556,2022-05-28,Spain,Europe,Consumer
C4557,2022-09-17,Brazil,LATAM,Consumer
C4558,2023-01-02,Japan,APAC,Enterprise
C4559,2023-06-12,Spain,Europe,Consumer
C4560,2022-07-23,Australia,APAC,Consumer
C4561,2022-10-05,Spain,Europe,Consumer
C4562,2022-02-19,Brazil,LATAM,Consumer
C4563,2022-10-08,Canada,North America,Consumer
C4564,2023-02-28,Argentina,LATAM,Consumer
C4565,2023-03-27,India,APAC,Consumer
C4566,2022-08-03,Brazil,LATAM,Small Business
C4567,2022-02-14,France,Europe,Consumer
C4568,2023-02-26,India,APAC,Consumer
C4569,2023-04-24,United Kingdom,Europe,Consumer
C4570,2022-03-04,Singapore,APAC,Enterprise
C4571,2023-01-04,Canada,North America,Consumer
C4572,2022-03-11,United Kingdom,Europe,Small Business
C4573,2022-11-27,France,Europe,Consumer
C4574,2023-04-13,United Kingdom,Europe,Enterprise
C4575,2023-06-10,Germany,Europe,Consumer
C4576,2023-06-06,India,APAC,Consumer
C4577,2023-07-08,United Kingdom,Europe,Consumer
C4578,2022-06-26,Singapore,APAC,Consumer
C4579,2023-09-10,United States,North America,Small Business
C4580,2022-09-13,Singapore,APAC,Consumer
C4581,2022-10-01,India,APAC,Consumer
C4582,2023-07-29,Germany,Europe,Consumer
C4583,2022-08-27,Australia,APAC,Small Business
C4584,2022-02-24,Brazil,LATAM,Consumer
C4585,2023-06-06,India,APAC,Enterprise
C4586,2023-04-29,Germany,Europe,Small Business
C4587,2023-03-01,France,Europe,Consumer
C4588,2022-04-15,Singapore,APAC,Small Business
C4589,2023-04-07,United Kingdom,Europe,Consumer
C4590,2022-05-25,India,APAC,Consumer
C4591,2023-02-10,Germany,Europe,Consumer
C4592,2023-01-06,India,APAC,Consumer
C4593,2023-07-19,United States,North America,Consumer
C4594,2023-12-14,United States,North America,Consumer
C4595,2022-05-19,Chile,LATAM,Small Business
C4596,2022-03-25,Brazil,LATAM,Consumer
C4597,2023-02-10,Brazil,LATAM,Consumer
C4598,2023-11-26,Argentina,LATAM,Consumer
C4599,2022-04-26,France,Europe,Consumer
C4600,2022-12-22,United Kingdom,Europe,Small Business
C4601,2022-10-25,United States,North America,Consumer
C4602,2022-08-21,Spain,Europe,Consumer
C4603,2023-04-30,Mexico,North America,Consumer
C4604,2022-08-04,Argentina,LATAM,Small Business
C4605,2022-12-26,United States,North America,Consumer
C4606,2023-09-10,Canada,North America,Small Business
C4607,2022-10-05,United Kingdom,Europe,Consumer
C4608,2022-01-16,Mexico,North America,Consumer
C4609,2023-10-09,Mexico,North America,Consumer
C4610,2022-07-20,Japan,APAC,Consumer
C4611,2023-07-19,Germany,Europe,Consumer
C4612,2023-07-11,Japan,APAC,Consumer
C4613,2023-01-20,Brazil,LATAM,Consumer
C4614,2022-03-06,Japan,APAC,Consumer
C4615,2023-11-25,Australia,APAC,Consumer
C4616,2023-05-13,Germany,Europe,Consumer
C4617,2022-11-06,Canada,North America,Consumer
C4618,2023-09-16,United Kingdom,Europe,Consumer
C4619,2023-07-30,Argentina,LATAM,Consumer
C4620,2023-07-10,Japan,APAC,Enterprise
C4621,2022-05-03,United Kingdom,Europe,Consumer
C4622,2023-04-07,France,Europe,Consumer
C4623,2022-07-28,India,APAC,Consumer
C4624,2022-02-27,Japan,APAC,Enterprise
C4625,2022-09-04,Italy,Europe,Consumer
C4626,2022-03-17,Brazil,LATAM,Consumer
C4627,2022-03-19,Japan,APAC,Consumer
C4628,2023-06-15,Japan,APAC,Consumer
C4629,2023-01-02,Mexico,North America,Small Business
C4630,2022-10-18,United States,North America,Consumer
C4631,2022-05-21,Argentina,LATAM,Consumer
C4632,2023-07-17,Japan,APAC,Consumer
C4633,2023-04-08,Germany,Europe,Enterprise
C4634,2023-03-04,Japan,APAC,Small Business
C4635,2022-05-19,United States,North America,Enterprise
C4636,2022-04-01,India,APAC,Small Business
C4637,2022-04-01,Mexico,North America,Enterprise
C4638,2022-01-19,India,APAC,Consumer
C4639,2023-12-09,Spain,Europe,Consumer
C4640,2022-09-26,United Kingdom,Europe,Consumer
C4641,2023-04-26,United States,North America,Consumer
C4642,2023-12-19,India,APAC,Small Business
C4643,2023-11-15,Canada,North America,Consumer
C4644,2022-08-23,United States,North America,Consumer
C4645,2022-12-24,Singapore,APAC,Consumer
C4646,2022-12-05,Germany,Europe,Consumer
C4647,2022-01-25,Germany,Europe,Consumer
C4648,2023-07-15,United Kingdom,Europe,Consumer
C4649,2023-02-24,India,APAC,Consumer
C4650,2022-09-29,United Kingdom,Europe,Consumer
C4651,2023-02-12,Mexico,North America,Consumer
C4652,2023-06-21,United Kingdom,Europe,Consumer
C4653,2022-01-11,Mexico,North America,Small Business
C4654,2023-04-17,United Kingdom,Europe,Consumer
C4655,2023-09-21,United States,North America,Consumer
C4656,2023-06-15,Canada,North America,Enterprise
C4657,2023-03-29,Germany,Europe,Small Business
C4658,2022-03-08,Brazil,LATAM,Consumer
C4659,2023-06-28,United States,North America,Consumer
C4660,2023-07-02,Mexico,North America,Consumer
C4661,2022-12-27,Brazil,LATAM,Small Business
C4662,2023-03-02,Brazil,LATAM,Consumer
C4663,2023-03-28,Australia,APAC,Enterprise
C4664,2022-03-30,United Kingdom,Europe,Small Business
C4665,2022-07-07,France,Europe,Consumer
C4666,2023-08-02,Mexico,North America,Consumer
C4667,2023-12-12,United States,North America,Small Business
C4668,2022-07-17,Germany,Europe,Small Business
C4669,2022-10-20,Italy,Europe,Small Business
C4670,2023-10-31,Germany,Europe,Consumer
C4671,2022-04-29,Japan,APAC,Small Business
C4672,2022-07-10,United Kingdom,Europe,Small Business
C4673,2022-02-10,Germany,Europe,Enterprise
C4674,2022-06-21,Singapore,APAC,Consumer
C4675,2023-04-10,Brazil,LATAM,Consumer
C4676,2022-09-12,United Kingdom,Europe,Consumer
C4677,2023-12-19,Italy,Europe,Small Business
C4678,2023-10-13,United Kingdom,Europe,Enterprise
C4679,2023-10-16,United States,North America,Consumer
C4680,2023-06-15,Australia,APAC,Consumer
C4681,2023-05-28,Canada,North America,Consumer
C4682,2023-01-08,France,Europe,Consumer
C4683,2023-12-25,France,Europe,Small Business
C4684,2022-03-11,Canada,North America,Consumer
C4685,2023-06-12,United States,North America,Consumer
C4686,2022-04-13,Germany,Europe,Enterprise
C4687,2022-09-05,Argentina,LATAM,Consumer
C4688,2022-07-06,Japan,APAC,Consumer
C4689,2023-03-15,Germany,Europe,Consumer
C4690,2023-07-29,United States,North America,Consumer
C4691,2022-02-28,Japan,APAC,Consumer
C4692,2023-03-16,United States,North America,Consumer
C4693,2022-06-11,Italy,Europe,Consumer
C4694,2022-02-26,Singapore,APAC,Consumer
C4695,2022-11-01,France,Europe,Consumer
C4696,2023-03-01,United Kingdom,Europe,Consumer
C4697,2022-05-28,United States,North America,Consumer
C4698,2022-10-12,United States,North America,Consumer
C4699,2023-11-28,France,Europe,Consumer
C4700,2022-09-11,Brazil,LATAM,Small Business
C4701,2023-12-28,United Kingdom,Europe,Consumer
C4702,2023-09-01,Italy,Europe,Consumer
C4703,2022-09-28,Australia,APAC,Consumer
C4704,2023-02-26,United States,North America,Consumer
C4705,2023-06-02,Canada,North America,Consumer
C4706,2022-12-06,Germany,Europe,Consumer
C4707,2022-10-25,Japan,APAC,Consumer
C4708,2022-08-29,France,Europe,Small Business
C4709,2022-04-12,Australia,APAC,Consumer
C4710,2022-01-19,Brazil,LATAM,Consumer
C4711,2022-09-03,Singapore,APAC,Small Business
C4712,2023-08-04,Chile,LATAM,Consumer
C4713,2022-06-20,Singapore,APAC,Consumer
C4714,2022-05-12,India,APAC,Consumer
C4715,2022-08-28,India,APAC,Consumer
C4716,2023-03-14,Australia,APAC,Small Business
C4717,2022-06-06,India,APAC,Consumer
C4718,2022-06-10,Argentina,LATAM,Consumer
C4719,2022-03-24,France,Europe,Small Business
C4720,2022-08-31,Japan,APAC,Consumer
C4721,2022-06-08,Spain,Europe,Consumer
C4722,2023-08-30,India,APAC,Consumer
C4723,2023-10-24,France,Europe,Consumer
C4724,2022-09-28,India,APAC,Consumer
C4725,2022-03-04,India,APAC,Consumer
C4726,2022-03-05,Argentina,LATAM,Consumer
C4727,2022-08-26,United Kingdom,Europe,Small Business
C4728,2022-12-05,Australia,APAC,Consumer
C4729,2023-01-21,Singapore,APAC,Small Business
C4730,2022-08-11,Argentina,LATAM,Consumer
C4731,2022-09-16,Brazil,LATAM,Enterprise
C4732,2022-07-27,Italy,Europe,Consumer
C4733,2023-01-13,Italy,Europe,Small Business
C4734,2023-05-24,Canada,North America,Small Business
C4735,2022-02-01,Argentina,LATAM,Consumer
C4736,2022-12-16,United Kingdom,Europe,Consumer
C4737,2023-04-19,Australia,APAC,Small Business
C4738,2023-05-06,India,APAC,Small Business
C4739,2023-02-16,France,Europe,Consumer
C4740,2023-01-19,Mexico,North America,Small Business
C4741,2023-05-13,Mexico,North America,Consumer
C4742,2022-10-04,India,APAC,Consumer
C4743,2023-02-19,Spain,Europe,Consumer
C4744,2022-08-22,United States,North America,Small Business
C4745,2022-11-16,Australia,APAC,Consumer
C4746,2022-04-01,United Kingdom,Europe,Consumer
C4747,2022-09-13,Brazil,LATAM,Consumer
C4748,2022-04-14,United Kingdom,Europe,Consumer
C4749,2022-06-15,Mexico,North America,Consumer
C4750,2022-11-03,United States,North America,Consumer
C4751,2023-01-01,Spain,Europe,Small Business
C4752,2023-11-19,France,Europe,Consumer
C4753,2022-01-20,Singapore,APAC,Consumer
C4754,2023-10-18,France,Europe,Consumer
C4755,2022-08-28,Germany,Europe,Consumer
C4756,2023-06-13,United Kingdom,Europe,Consumer
C4757,2023-05-10,United Kingdom,Europe,Consumer
C4758,2023-12-10,Brazil,LATAM,Consumer
C4759,2022-03-21,Canada,North America,Consumer
C4760,2023-12-08,Chile,LATAM,Consumer
C4761,2022-02-15,Germany,Europe,Small Business
C4762,2023-10-03,United States,North America,Consumer
C4763,2023-04-22,United Kingdom,Europe,Consumer
C4764,2022-12-18,United States,North America,Consumer
C4765,2022-10-18,Singapore,APAC,Consumer
C4766,2022-03-10,Spain,Europe,Consumer
C4767,2023-08-09,Germany,Europe,Consumer
C4768,2023-06-16,Japan,APAC,Consumer
C4769,2023-11-16,Japan,APAC,Consumer
C4770,2023-06-18,Argentina,LATAM,Consumer
C4771,2023-11-30,Argentina,LATAM,Consumer
C4772,2023-10-10,Australia,APAC,Enterprise
C4773,2022-11-07,India,APAC,Consumer
C4774,2023-05-29,India,APAC,Consumer
C4775,2022-07-12,Spain,Europe,Consumer
C4776,2023-08-04,Australia,APAC,Consumer
C4777,2023-03-21,United States,North America,Consumer
C4778,2022-11-18,Singapore,APAC,Consumer
C4779,2023-04-04,Argentina,LATAM,Consumer
C4780,2022-07-22,United States,North America,Consumer
C4781,2023-03-31,India,APAC,Consumer
C4782,2022-12-13,Argentina,LATAM,Consumer
C4783,2022-08-23,Mexico,North America,Consumer
C4784,2023-12-14,Spain,Europe,Small Business
C4785,2022-02-16,Brazil,LATAM,Consumer
C4786,2023-07-08,Argentina,LATAM,Enterprise
C4787,2022-06-03,United States,North America,Enterprise
C4788,2022-06-12,Germany,Europe,Consumer
C4789,2022-04-23,Australia,APAC,Consumer
C4790,2022-03-16,Mexico,North America,Small Business
C4791,2022-04-01,United Kingdom,Europe,Consumer
C4792,2023-08-31,United States,North America,Consumer
C4793,2023-11-08,Canada,North America,Consumer
C4794,2023-03-03,Italy,Europe,Consumer
C4795,2022-01-11,Japan,APAC,Small Business
C4796,2023-09-24,Japan,APAC,Small Business
C4797,2023-03-16,Singapore,APAC,Small Business
C4798,2023-01-16,Germany,Europe,Small Business
C4799,2023-11-23,United Kingdom,Europe,Consumer
C4800,2022-10-27,United States,North America,Consumer
C4801,2022-09-20,Mexico,North America,Enterprise
C4802,2023-07-24,United Kingdom,Europe,Enterprise
C4803,2023-01-20,Canada,North America,Small Business
C4804,2023-06-08,United States,North America,Small Business
C4805,2023-05-23,Canada,North America,Consumer
C4806,2023-09-05,Japan,APAC,Consumer
C4807,2022-08-20,Japan,APAC,Small Business
C4808,2022-02-22,Argentina,LATAM,Consumer
C4809,2022-12-15,India,APAC,Consumer
C4810,2023-04-18,Italy,Europe,Consumer
C4811,2023-08-20,United States,North America,Consumer
C4812,2022-07-14,Italy,Europe,Consumer
C4813,2023-06-29,United States,North America,Consumer
C4814,2023-08-31,France,Europe,Consumer
C4815,2023-08-14,Germany,Europe,Consumer
C4816,2023-08-13,France,Europe,Consumer
C4817,2023-12-22,United Kingdom,Europe,Consumer
C4818,2023-04-28,Australia,APAC,Consumer
C4819,2022-09-28,India,APAC,Consumer
C4820,2022-11-15,Singapore,APAC,Consumer
C4821,2023-06-30,Japan,APAC,Consumer
C4822,2022-06-22,Italy,Europe,Consumer
C4823,2023-03-17,United States,North America,Small Business
C4824,2023-02-23,Australia,APAC,Consumer
C4825,2023-05-02,Italy,Europe,Consumer
C4826,2022-11-04,United Kingdom,Europe,Consumer
C4827,2023-06-25,Germany,Europe,Consumer
C4828,2022-02-22,Argentina,LATAM,Small Business
C4829,2023-07-02,Japan,APAC,Enterprise
C4830,2023-08-16,France,Europe,Consumer
C4831,2023-10-09,Japan,APAC,Enterprise
C4832,2023-11-05,Germany,Europe,Consumer
C4833,2022-09-13,France,Europe,Consumer
C4834,2022-02-03,United Kingdom,Europe,Consumer
C4835,2023-04-23,France,Europe,Consumer
C4836,2022-03-07,Australia,APAC,Consumer
C4837,2022-07-24,United States,North America,Consumer
C4838,2023-05-28,India,APAC,Consumer
C4839,2023-03-11,United Kingdom,Europe,Consumer
C4840,2023-03-19,Australia,APAC,Consumer
C4841,2023-07-03,Japan,APAC,Consumer
C4842,2022-05-01,Japan,APAC,Consumer
C4843,2023-08-01,Japan,APAC,Consumer
C4844,2023-03-05,Argentina,LATAM,Consumer
C4845,2022-11-03,Spain,Europe,Consumer
C4846,2022-12-05,Australia,APAC,Small Business
C4847,2023-01-07,Australia,APAC,Consumer
C4848,2023-02-06,United Kingdom,Europe,Consumer
C4849,2022-09-01,United Kingdom,Europe,Enterprise
C4850,2022-06-12,France,Europe,Consumer
C4851,2022-05-04,United Kingdom,Europe,Consumer
C4852,2022-09-06,Germany,Europe,Consumer
C4853,2022-07-10,Germany,Europe,Consumer
C4854,2023-01-12,Japan,APAC,Consumer
C4855,2023-10-28,Mexico,North America,Consumer
C4856,2022-03-20,India,APAC,Consumer
C4857,2022-08-14,France,Europe,Enterprise
C4858,2022-02-05,Australia,APAC,Consumer
C4859,2023-12-13,United States,North America,Consumer
C4860,2023-05-27,France,Europe,Small Business
C4861,2022-06-26,United States,North America,Consumer
C4862,2022-10-30,Australia,APAC,Small Business
C4863,2023-06-12,Germany,Europe,Consumer
C4864,2023-12-01,Argentina,LATAM,Consumer
C4865,2023-02-23,United Kingdom,Europe,Enterprise
C4866,2022-07-17,Italy,Europe,Consumer
C4867,2023-05-24,United Kingdom,Europe,Small Business
C4868,2023-05-16,Japan,APAC,Consumer
C4869,2023-04-16,France,Europe,Small Business
C4870,2022-02-03,Germany,Europe,Consumer
C4871,2023-05-31,Mexico,North America,Consumer
C4872,2022-01-15,United States,North America,Consumer
C4873,2023-10-24,United States,North America,Enterprise
C4874,2023-10-06,Chile,LATAM,Consumer
C4875,2023-02-16,Germany,Europe,Consumer
C4876,2023-04-17,United States,North America,Small Business
C4877,2022-02-19,Argentina,LATAM,Consumer
C4878,2023-10-01,United States,North America,Consumer
C4879,2022-07-17,Germany,Europe,Consumer
C4880,2022-07-11,Australia,APAC,Consumer
C4881,2023-06-01,Brazil,LATAM,Consumer
C4882,2023-11-17,Australia,APAC,Consumer
C4883,2022-12-27,France,Europe,Consumer
C4884,2023-01-06,Argentina,LATAM,Consumer
C4885,2023-02-05,United States,North America,Consumer
C4886,2022-08-01,Chile,LATAM,Consumer
C4887,2023-03-12,India,APAC,Small Business
C4888,2023-12-03,Brazil,LATAM,Consumer
C4889,2022-10-07,United Kingdom,Europe,Consumer
C4890,2023-07-19,Canada,North America,Consumer
C4891,2023-07-19,Japan,APAC,Consumer
C4892,2023-09-14,Spain,Europe,Small Business
C4893,2023-06-13,Spain,Europe,Consumer
C4894,2023-11-04,Brazil,LATAM,Small Business
C4895,2023-06-06,Japan,APAC,Consumer
C4896,2023-12-14,United Kingdom,Europe,Small Business
C4897,2023-06-07,Germany,Europe,Small Business
C4898,2023-09-03,United States,North America,Consumer
C4899,2023-10-12,Mexico,North America,Enterprise
C4900,2023-12-19,Canada,North America,Small Business
C4901,2023-03-11,India,APAC,Consumer
C4902,2023-06-03,Australia,APAC,Consumer
C4903,2023-12-07,Spain,Europe,Consumer
C4904,2022-10-05,Germany,Europe,Consumer
C4905,2022-03-29,Japan,APAC,Consumer
C4906,2023-10-08,India,APAC,Consumer
C4907,2023-04-07,Brazil,LATAM,Consumer
C4908,2022-11-09,Italy,Europe,Consumer
C4909,2023-06-08,India,APAC,Consumer
C4910,2022-01-24,Spain,Europe,Consumer
C4911,2022-12-15,France,Europe,Consumer
C4912,2022-07-13,Brazil,LATAM,Small Business
C4913,2022-07-30,Germany,Europe,Consumer
C4914,2023-12-09,Germany,Europe,Enterprise
C4915,2023-02-06,United Kingdom,Europe,Small Business
C4916,2022-04-13,Spain,Europe,Small Business
C4917,2022-09-24,Italy,Europe,Consumer
C4918,2022-06-27,Japan,APAC,Small Business
C4919,2023-10-26,France,Europe,Enterprise
C4920,2022-08-01,Mexico,North America,Small Business
C4921,2022-09-18,Brazil,LATAM,Consumer
C4922,2022-09-01,Germany,Europe,Consumer
C4923,2022-05-09,Brazil,LATAM,Consumer
C4924,2023-07-24,Mexico,North America,Consumer
C4925,2023-02-25,Italy,Europe,Consumer
C4926,2022-11-15,Italy,Europe,Small Business
C4927,2022-10-17,India,APAC,Consumer
C4928,2023-05-02,United States,North America,Consumer
C4929,2022-03-12,Brazil,LATAM,Small Business
C4930,2023-11-12,Spain,Europe,Consumer
C4931,2023-02-17,Japan,APAC,Consumer
C4932,2022-06-16,Spain,Europe,Small Business
C4933,2023-01-28,United States,North America,Small Business
C4934,2023-09-14,Spain,Europe,Consumer
C4935,2022-05-07,United Kingdom,Europe,Consumer
C4936,2023-01-18,Germany,Europe,Consumer
C4937,2023-03-13,Japan,APAC,Consumer
C4938,2023-08-15,Spain,Europe,Small Business
C4939,2023-02-19,United States,North America,Small Business
C4940,2023-06-22,United States,North America,Consumer
C4941,2023-07-19,Canada,North America,Consumer
C4942,2023-10-13,Mexico,North America,Consumer
C4943,2022-09-21,Japan,APAC,Consumer
C4944,2023-05-29,Canada,North America,Consumer
C4945,2022-07-01,Brazil,LATAM,Consumer
C4946,2023-09-09,Mexico,North America,Small Business
C4947,2023-11-26,United States,North America,Consumer
C4948,2022-08-03,Brazil,LATAM,Consumer
C4949,2023-02-14,United Kingdom,Europe,Consumer
C4950,2023-08-24,France,Europe,Small Business
C4951,2022-01-20,Argentina,LATAM,Enterprise
C4952,2023-05-30,Argentina,LATAM,Consumer
C4953,2023-08-23,Australia,APAC,Consumer
C4954,2023-09-28,United States,North America,Small Business
C4955,2022-05-24,Japan,APAC,Consumer
C4956,2023-07-07,Chile,LATAM,Consumer
C4957,2023-07-28,Argentina,LATAM,Consumer
C4958,2022-01-03,United States,North America,Small Business
C4959,2023-05-30,Germany,Europe,Consumer
C4960,2023-04-03,United Kingdom,Europe,Consumer
C4961,2023-12-09,United States,North America,Consumer
C4962,2022-02-01,Australia,APAC,Consumer
C4963,2023-12-06,United Kingdom,Europe,Consumer
C4964,2023-02-22,Germany,Europe,Small Business
C4965,2022-07-20,United States,North America,Small Business
C4966,2022-10-10,Spain,Europe,Consumer
C4967,2023-07-14,Canada,North America,Consumer
C4968,2023-12-29,France,Europe,Small Business
C4969,2022-08-20,Canada,North America,Small Business
C4970,2023-12-20,Argentina,LATAM,Consumer
C4971,2023-04-05,Canada,North America,Consumer
C4972,2022-05-21,Spain,Europe,Consumer
C4973,2023-03-13,Mexico,North America,Consumer
C4974,2023-08-09,United States,North America,Consumer
C4975,2022-02-09,Mexico,North America,Consumer
C4976,2022-02-27,United States,North America,Consumer
C4977,2022-01-04,United States,North America,Small Business
C4978,2023-02-21,Spain,Europe,Small Business
C4979,2022-02-12,Japan,APAC,Small Business
C4980,2023-11-12,United States,North America,Consumer
C4981,2022-04-04,France,Europe,Consumer
C4982,2022-02-22,Italy,Europe,Consumer
C4983,2022-07-08,United Kingdom,Europe,Consumer
C4984,2023-07-12,Germany,Europe,Consumer
C4985,2023-10-25,United States,North America,Consumer
C4986,2022-07-03,Mexico,North America,Enterprise
C4987,2023-01-14,France,Europe,Small Business
C4988,2023-07-19,Chile,LATAM,Consumer
C4989,2023-08-05,Chile,LATAM,Small Business
C4990,2022-04-22,Chile,LATAM,Consumer
C4991,2023-09-04,France,Europe,Consumer
C4992,2023-09-26,United States,North America,Consumer
C4993,2023-06-21,United Kingdom,Europe,Consumer
C4994,2023-01-20,United Kingdom,Europe,Consumer
C4995,2022-10-13,United States,North America,Consumer
C4996,2023-10-12,United States,North America,Consumer
C4997,2023-09-23,France,Europe,Enterprise
C4998,2023-01-14,Germany,Europe,Consumer
C4999,2023-06-26,Canada,North America,Consumer
C5000,2022-10-19,Australia,APAC,Consumer
C5001,2023-06-27,Germany,Europe,Consumer
C5002,2022-03-07,India,APAC,Consumer
C5003,2023-10-21,United Kingdom,Europe,Consumer
C5004,2023-01-12,Italy,Europe,Small Business
C5005,2023-03-14,Canada,North America,Consumer
C5006,2022-05-19,Spain,Europe,Consumer
C5007,2023-01-21,Canada,North America,Consumer
C5008,2022-01-03,Canada,North America,Small Business
C5009,2023-10-12,Japan,APAC,Consumer
C5010,2023-07-01,United Kingdom,Europe,Consumer
C5011,2022-11-28,Canada,North America,Enterprise
C5012,2023-09-03,Brazil,LATAM,Consumer
C5013,2023-08-16,United States,North America,Consumer
C5014,2022-03-28,Italy,Europe,Consumer
C5015,2022-02-09,Italy,Europe,Consumer
C5016,2022-07-05,United Kingdom,Europe,Enterprise
C5017,2022-01-01,France,Europe,Consumer
C5018,2023-02-23,United States,North America,Consumer
C5019,2023-01-21,Australia,APAC,Consumer
C5020,2023-01-28,Mexico,North America,Consumer
C5021,2022-02-23,Mexico,North America,Consumer
C5022,2023-11-02,United Kingdom,Europe,Small Business
C5023,2023-12-14,Brazil,LATAM,Consumer
C5024,2023-03-08,India,APAC,Small Business
C5025,2022-01-05,Argentina,LATAM,Small Business
C5026,2022-10-17,Japan,APAC,Consumer
C5027,2023-06-09,Japan,APAC,Small Business
C5028,2023-07-01,France,Europe,Small Business
C5029,2022-06-27,Brazil,LATAM,Consumer
C5030,2023-08-24,Spain,Europe,Consumer
C5031,2023-12-08,Germany,Europe,Consumer
C5032,2023-01-07,Japan,APAC,Consumer
C5033,2022-10-06,Italy,Europe,Small Business
C5034,2023-01-20,United States,North America,Consumer
C5035,2022-01-20,Germany,Europe,Consumer
C5036,2023-01-18,United Kingdom,Europe,Consumer
C5037,2022-01-20,India,APAC,Consumer
C5038,2022-01-26,Germany,Europe,Small Business
C5039,2023-02-08,India,APAC,Small Business
C5040,2023-01-08,France,Europe,Small Business
C5041,2023-12-22,Singapore,APAC,Consumer
C5042,2023-01-06,United States,North America,Consumer
C5043,2023-12-17,Brazil,LATAM,Small Business
C5044,2023-08-13,France,Europe,Consumer
C5045,2022-09-04,United Kingdom,Europe,Consumer
C5046,2023-11-08,United Kingdom,Europe,Consumer
C5047,2022-12-19,United Kingdom,Europe,Consumer
C5048,2023-03-11,Germany,Europe,Consumer
C5049,2022-03-15,Australia,APAC,Consumer
C5050,2022-06-05,Argentina,LATAM,Consumer
C5051,2023-01-17,Japan,APAC,Small Business
C5052,2022-07-18,Italy,Europe,Consumer
C5053,2023-03-14,France,Europe,Consumer
C5054,2022-02-28,India,APAC,Small Business
C5055,2022-07-03,India,APAC,Consumer
C5056,2023-05-01,United Kingdom,Europe,Consumer
C5057,2023-03-23,Argentina,LATAM,Enterprise
C5058,2023-12-20,Germany,Europe,Small Business
C5059,2023-10-19,India,APAC,Consumer
C5060,2023-08-15,Argentina,LATAM,Small Business
C5061,2022-01-01,Australia,APAC,Consumer
C5062,2023-03-16,Canada,North America,Consumer
C5063,2022-06-17,Japan,APAC,Consumer
C5064,2022-07-14,United States,North America,Consumer
C5065,2022-06-03,Singapore,APAC,Consumer
C5066,2022-11-29,United Kingdom,Europe,Consumer
C5067,2022-04-01,Australia,APAC,Small Business
C5068,2023-01-24,Brazil,LATAM,Consumer
C5069,2022-05-02,Canada,North America,Consumer
C5070,2023-01-01,Germany,Europe,Small Business
C5071,2023-04-02,Japan,APAC,Enterprise
C5072,2022-05-12,France,Europe,Consumer
C5073,2022-03-16,Canada,North America,Enterprise
C5074,2023-08-12,United States,North America,Small Business
C5075,2023-06-24,Germany,Europe,Consumer
C5076,2022-07-10,Japan,APAC,Consumer
C5077,2023-10-10,Italy,Europe,Consumer
C5078,2022-06-11,Canada,North America,Consumer
C5079,2023-11-08,France,Europe,Consumer
C5080,2022-03-24,Germany,Europe,Consumer
C5081,2023-04-27,United Kingdom,Europe,Small Business
C5082,2022-01-14,Australia,APAC,Consumer
C5083,2022-05-25,United Kingdom,Europe,Consumer
C5084,2022-10-23,Italy,Europe,Small Business
C5085,2022-03-04,Brazil,LATAM,Enterprise
C5086,2022-11-30,Italy,Europe,Small Business
C5087,2022-06-19,Japan,APAC,Consumer
C5088,2022-03-14,United States,North America,Consumer
C5089,2023-12-04,Canada,North America,Consumer
C5090,2023-12-18,United States,North America,Consumer
C5091,2023-12-04,Singapore,APAC,Consumer
C5092,2022-04-23,India,APAC,Enterprise
C5093,2022-10-06,Mexico,North America,Consumer
C5094,2022-08-28,Mexico,North America,Consumer
C5095,2022-08-26,United Kingdom,Europe,Consumer
C5096,2022-11-01,Japan,APAC,Consumer
C5097,2023-01-08,Japan,APAC,Consumer
C5098,2022-12-21,Australia,APAC,Small Business
C5099,2022-08-01,Brazil,LATAM,Consumer
C5100,2023-12-17,United Kingdom,Europe,Small Business
C5101,2023-12-17,Japan,APAC,Consumer
C5102,2022-08-30,Italy,Europe,Consumer
C5103,2022-06-11,United Kingdom,Europe,Enterprise
C5104,2023-01-24,Brazil,LATAM,Consumer
C5105,2022-09-27,United States,North America,Consumer
C5106,2023-12-22,Australia,APAC,Consumer
C5107,2022-11-10,Australia,APAC,Consumer
C5108,2022-01-30,Brazil,LATAM,Consumer
C5109,2022-04-02,Spain,Europe,Consumer
C5110,2022-02-24,United Kingdom,Europe,Consumer
C5111,2022-10-07,India,APAC,Consumer
C5112,2022-08-20,Singapore,APAC,Consumer
C5113,2023-09-18,Spain,Europe,Small Business
C5114,2023-10-13,Singapore,APAC,Small Business
C5115,2022-04-13,United Kingdom,Europe,Consumer
C5116,2023-11-21,Japan,APAC,Consumer
C5117,2023-03-03,Brazil,LATAM,Consumer
C5118,2022-08-12,United Kingdom,Europe,Consumer
C5119,2022-10-24,France,Europe,Consumer
C5120,2022-11-19,Argentina,LATAM,Small Business
C5121,2022-05-05,India,APAC,Consumer
C5122,2023-09-26,Brazil,LATAM,Consumer
C5123,2022-01-10,Germany,Europe,Consumer
C5124,2022-02-20,Chile,LATAM,Small Business
C5125,2022-07-19,Canada,North America,Consumer
C5126,2022-04-15,Spain,Europe,Consumer
C5127,2022-02-15,France,Europe,Enterprise
C5128,2022-10-07,India,APAC,Consumer
C5129,2022-10-03,Brazil,LATAM,Consumer
C5130,2022-04-02,Australia,APAC,Consumer
C5131,2023-08-15,Japan,APAC,Consumer
C5132,2023-10-07,France,Europe,Consumer
C5133,2023-06-10,Spain,Europe,Consumer
C5134,2023-01-17,Spain,Europe,Consumer
C5135,2023-11-23,United States,North America,Consumer
C5136,2022-09-13,Spain,Europe,Small Business
C5137,2022-11-08,India,APAC,Small Business
C5138,2022-01-11,Australia,APAC,Enterprise
C5139,2023-06-01,India,APAC,Enterprise
C5140,2022-03-09,Germany,Europe,Small Business
C5141,2023-05-01,Spain,Europe,Consumer
C5142,2023-07-26,United States,North America,Consumer
C5143,2022-06-08,Germany,Europe,Consumer
C5144,2023-03-23,France,Europe,Consumer
C5145,2022-08-10,United Kingdom,Europe,Consumer
C5146,2022-10-18,United States,North America,Consumer
C5147,2023-01-22,Australia,APAC,Consumer
C5148,2022-07-02,France,Europe,Consumer
C5149,2023-08-05,Germany,Europe,Small Business
C5150,2022-10-16,United Kingdom,Europe,Consumer
C5151,2022-12-04,Italy,Europe,Consumer
C5152,2023-08-18,France,Europe,Consumer
C5153,2022-06-16,France,Europe,Consumer
C5154,2022-11-27,Italy,Europe,Consumer
C5155,2023-12-27,United States,North America,Consumer
C5156,2022-10-19,Brazil,LATAM,Consumer
C5157,2022-03-26,United States,North America,Consumer
C5158,2022-07-27,France,Europe,Consumer
C5159,2023-11-29,Mexico,North America,Enterprise
C5160,2023-07-09,Spain,Europe,Small Business
C5161,2023-08-14,United Kingdom,Europe,Consumer
C5162,2022-07-05,India,APAC,Consumer
C5163,2023-09-05,Germany,Europe,Consumer
C5164,2022-10-15,Japan,APAC,Small Business
C5165,2023-08-04,United Kingdom,Europe,Consumer
C5166,2023-10-06,United States,North America,Small Business
C5167,2022-06-01,Germany,Europe,Small Business
C5168,2023-11-17,Italy,Europe,Consumer
C5169,2023-04-07,France,Europe,Consumer
C5170,2023-06-18,Argentina,LATAM,Consumer
C5171,2023-07-07,Australia,APAC,Consumer
C5172,2022-05-03,Chile,LATAM,Consumer
C5173,2023-06-29,United Kingdom,Europe,Small Business
C5174,2022-06-05,Singapore,APAC,Consumer
C5175,2022-07-18,Italy,Europe,Consumer
C5176,2022-03-27,Japan,APAC,Consumer
C5177,2022-05-13,Chile,LATAM,Enterprise
C5178,2023-12-16,Japan,APAC,Consumer
C5179,2022-08-28,Brazil,LATAM,Consumer
C5180,2022-10-10,Australia,APAC,Consumer
C5181,2022-12-17,United States,North America,Consumer
C5182,2023-06-05,Australia,APAC,Small Business
C5183,2023-02-23,France,Europe,Enterprise
C5184,2023-01-27,Brazil,LATAM,Small Business
C5185,2023-09-03,India,APAC,Small Business
C5186,2022-12-29,United States,North America,Consumer
C5187,2023-07-16,United States,North America,Consumer
C5188,2023-10-27,United States,North America,Consumer
C5189,2023-05-09,Spain,Europe,Consumer
C5190,2022-01-26,United States,North America,Consumer
C5191,2022-07-12,Australia,APAC,Small Business
C5192,2023-03-27,Italy,Europe,Consumer
C5193,2022-12-16,India,APAC,Consumer
C5194,2022-07-27,United Kingdom,Europe,Consumer
C5195,2022-09-02,Spain,Europe,Small Business
C5196,2022-02-27,United States,North America,Small Business
C5197,2022-06-21,Brazil,LATAM,Consumer
C5198,2023-07-26,Canada,North America,Small Business
C5199,2022-01-08,United States,North America,Small Business
C5200,2023-09-03,Mexico,North America,Consumer
C5201,2022-09-05,India,APAC,Small Business
C5202,2023-08-13,United States,North America,Consumer
C5203,2022-07-06,Japan,APAC,Consumer
C5204,2023-08-29,Singapore,APAC,Consumer
C5205,2023-02-22,Singapore,APAC,Consumer
C5206,2023-09-14,Mexico,North America,Consumer
C5207,2022-02-15,United States,North America,Consumer
C5208,2023-08-06,France,Europe,Consumer
C5209,2022-07-17,Mexico,North America,Consumer
C5210,2022-09-19,Australia,APAC,Consumer
C5211,2022-02-02,Germany,Europe,Consumer
C5212,2023-11-28,France,Europe,Consumer
C5213,2023-04-14,United States,North America,Consumer
C5214,2023-12-18,Italy,Europe,Small Business
C5215,2023-02-19,Canada,North America,Small Business
C5216,2022-04-26,Australia,APAC,Consumer
C5217,2022-09-04,United States,North America,Small Business
C5218,2022-11-18,Argentina,LATAM,Consumer
C5219,2022-04-18,Australia,APAC,Enterprise
C5220,2023-11-11,Canada,North America,Consumer
C5221,2023-12-01,United States,North America,Consumer
C5222,2023-02-16,Germany,Europe,Consumer
C5223,2023-03-03,Canada,North America,Consumer
C5224,2023-05-29,Mexico,North America,Consumer
C5225,2023-05-11,Brazil,LATAM,Consumer
C5226,2022-02-15,Japan,APAC,Consumer
C5227,2023-01-23,Canada,North America,Consumer
C5228,2023-07-22,Italy,Europe,Small Business
C5229,2023-08-12,United Kingdom,Europe,Consumer
C5230,2023-03-12,Argentina,LATAM,Small Business
C5231,2023-10-17,United States,North America,Consumer
C5232,2023-03-04,Australia,APAC,Enterprise
C5233,2022-10-07,Singapore,APAC,Consumer
C5234,2022-11-20,United States,North America,Small Business
C5235,2023-05-19,Canada,North America,Enterprise
C5236,2023-10-10,Germany,Europe,Small Business
C5237,2022-06-17,Brazil,LATAM,Small Business
C5238,2022-08-03,Italy,Europe,Consumer
C5239,2023-04-21,Japan,APAC,Small Business
C5240,2023-07-12,Singapore,APAC,Consumer
C5241,2022-10-19,India,APAC,Consumer
C5242,2023-04-15,France,Europe,Enterprise
C5243,2022-01-05,Spain,Europe,Consumer
C5244,2022-08-01,Australia,APAC,Consumer
C5245,2023-11-29,United Kingdom,Europe,Enterprise
C5246,2023-02-25,India,APAC,Consumer
C5247,2023-09-26,United States,North America,Consumer
C5248,2022-06-08,Mexico,North America,Consumer
C5249,2022-08-01,India,APAC,Small Business
C5250,2023-12-13,Germany,Europe,Small Business
C5251,2023-12-30,Canada,North America,Consumer
C5252,2023-10-03,Mexico,North America,Consumer
C5253,2022-08-20,Spain,Europe,Consumer
C5254,2023-08-09,India,APAC,Consumer
C5255,2022-12-01,United States,North America,Consumer
C5256,2023-09-09,United States,North America,Enterprise
C5257,2023-09-14,France,Europe,Consumer
C5258,2022-11-14,Argentina,LATAM,Consumer
C5259,2022-08-11,United Kingdom,Europe,Consumer
C5260,2023-12-13,Argentina,LATAM,Consumer
C5261,2022-11-25,Brazil,LATAM,Consumer
C5262,2022-11-12,United Kingdom,Europe,Consumer
C5263,2023-05-01,India,APAC,Consumer
C5264,2023-11-15,Australia,APAC,Enterprise
C5265,2022-04-06,Spain,Europe,Consumer
C5266,2023-12-20,France,Europe,Consumer
C5267,2022-11-05,India,APAC,Small Business
C5268,2022-01-19,India,APAC,Consumer
C5269,2022-08-14,Singapore,APAC,Consumer
C5270,2022-12-04,Chile,LATAM,Consumer
C5271,2023-05-10,France,Europe,Consumer
C5272,2023-02-18,India,APAC,Consumer
C5273,2022-04-10,Brazil,LATAM,Consumer
C5274,2022-12-23,Mexico,North America,Consumer
C5275,2022-06-19,United States,North America,Consumer
C5276,2022-07-16,Germany,Europe,Consumer
C5277,2023-06-04,India,APAC,Consumer
C5278,2023-08-10,United Kingdom,Europe,Consumer
C5279,2022-04-25,Australia,APAC,Enterprise
C5280,2023-03-16,United States,North America,Consumer
C5281,2022-11-05,Germany,Europe,Consumer
C5282,2022-09-03,Japan,APAC,Consumer
C5283,2023-06-05,United States,North America,Consumer
C5284,2022-07-01,Brazil,LATAM,Consumer
C5285,2023-07-13,Canada,North America,Consumer
C5286,2022-10-20,Brazil,LATAM,Consumer
C5287,2022-03-11,Mexico,North America,Consumer
C5288,2023-08-02,Chile,LATAM,Small Business
C5289,2023-09-14,Japan,APAC,Consumer
C5290,2023-02-16,United States,North America,Small Business
C5291,2023-06-13,United States,North America,Consumer
C5292,2022-04-18,United States,North America,Consumer
C5293,2022-09-05,Japan,APAC,Consumer
C5294,2022-09-13,India,APAC,Consumer
C5295,2023-07-12,Germany,Europe,Small Business
C5296,2022-09-14,France,Europe,Consumer
C5297,2023-06-16,Japan,APAC,Consumer
C5298,2022-08-12,Spain,Europe,Consumer
C5299,2023-03-15,Australia,APAC,Consumer
C5300,2022-06-03,France,Europe,Small Business
C5301,2023-02-12,Australia,APAC,Consumer
C5302,2022-02-28,Chile,LATAM,Small Business
C5303,2023-06-21,Germany,Europe,Small Business
C5304,2022-01-22,United States,North America,Consumer
C5305,2023-12-31,United States,North America,Consumer
C5306,2023-09-05,Italy,Europe,Consumer
C5307,2023-02-27,Germany,Europe,Consumer
C5308,2023-10-26,Argentina,LATAM,Consumer
C5309,2023-08-14,Japan,APAC,Small Business
C5310,2022-04-15,Spain,Europe,Enterprise
C5311,2023-06-28,India,APAC,Consumer
C5312,2022-10-03,United Kingdom,Europe,Enterprise
C5313,2023-09-17,India,APAC,Enterprise
C5314,2023-09-23,United States,North America,Consumer
C5315,2023-11-28,Japan,APAC,Small Business
C5316,2022-11-26,Argentina,LATAM,Consumer
C5317,2022-05-21,Singapore,APAC,Consumer
C5318,2022-04-02,India,APAC,Consumer
C5319,2022-05-01,Germany,Europe,Consumer
C5320,2023-12-26,India,APAC,Small Business
C5321,2023-03-05,Italy,Europe,Consumer
C5322,2022-09-14,Japan,APAC,Small Business
C5323,2022-11-24,United States,North America,Consumer
C5324,2022-05-07,Mexico,North America,Consumer
C5325,2023-02-21,Italy,Europe,Consumer
C5326,2022-11-07,United States,North America,Consumer
C5327,2023-08-06,Australia,APAC,Consumer
C5328,2022-01-16,India,APAC,Consumer
C5329,2023-11-12,Brazil,LATAM,Consumer
C5330,2022-02-14,United States,North America,Consumer
C5331,2022-11-01,Argentina,LATAM,Consumer
C5332,2022-09-06,United States,North America,Consumer
C5333,2023-06-09,France,Europe,Consumer
C5334,2023-04-26,India,APAC,Consumer
C5335,2022-05-24,United States,North America,Small Business
C5336,2022-12-25,United States,North America,Consumer
C5337,2023-01-26,United States,North America,Enterprise
C5338,2022-12-05,Spain,Europe,Consumer
C5339,2022-01-16,India,APAC,Consumer
C5340,2022-05-11,United States,North America,Enterprise
C5341,2023-01-03,United States,North America,Small Business
C5342,2022-07-10,Italy,Europe,Consumer
C5343,2023-02-03,United Kingdom,Europe,Consumer
C5344,2022-04-30,Australia,APAC,Consumer
C5345,2023-06-21,Argentina,LATAM,Consumer
C5346,2022-05-18,Singapore,APAC,Small Business
C5347,2023-04-20,Brazil,LATAM,Consumer
C5348,2023-09-03,Spain,Europe,Consumer
C5349,2022-09-19,India,APAC,Consumer
C5350,2022-04-12,Canada,North America,Consumer
C5351,2022-01-05,United States,North America,Consumer
C5352,2022-09-21,Japan,APAC,Consumer
C5353,2022-03-26,United States,North America,Small Business
C5354,2023-10-06,Brazil,LATAM,Consumer
C5355,2023-12-12,Australia,APAC,Consumer
C5356,2023-12-17,Argentina,LATAM,Consumer
C5357,2023-11-05,United Kingdom,Europe,Consumer
C5358,2023-03-05,France,Europe,Consumer
C5359,2022-08-26,Australia,APAC,Consumer
C5360,2022-11-22,United Kingdom,Europe,Enterprise
C5361,2022-07-08,Italy,Europe,Enterprise
C5362,2023-09-06,Japan,APAC,Small Business
C5363,2022-11-15,Chile,LATAM,Small Business
C5364,2022-10-09,Singapore,APAC,Consumer
C5365,2023-05-19,United States,North America,Consumer
C5366,2022-09-30,France,Europe,Consumer
C5367,2022-09-18,Japan,APAC,Small Business
C5368,2022-06-15,Canada,North America,Consumer
C5369,2022-02-19,France,Europe,Consumer
C5370,2022-01-28,United Kingdom,Europe,Consumer
C5371,2022-10-22,United States,North America,Consumer
C5372,2023-12-28,Spain,Europe,Consumer
C5373,2022-07-10,Canada,North America,Consumer
C5374,2023-04-13,Japan,APAC,Consumer
C5375,2022-08-26,Canada,North America,Consumer
C5376,2022-08-09,Australia,APAC,Small Business
C5377,2022-04-29,Mexico,North America,Consumer
C5378,2023-02-16,Brazil,LATAM,Consumer
C5379,2023-04-26,United States,North America,Consumer
C5380,2022-09-13,Spain,Europe,Consumer
C5381,2023-01-20,United Kingdom,Europe,Small Business
C5382,2022-12-14,Mexico,North America,Consumer
C5383,2022-07-17,France,Europe,Enterprise
C5384,2023-05-20,India,APAC,Consumer
C5385,2023-02-09,Brazil,LATAM,Consumer
C5386,2022-02-18,United Kingdom,Europe,Enterprise
C5387,2022-12-26,Canada,North America,Consumer
C5388,2022-10-12,Australia,APAC,Small Business
C5389,2023-08-05,Japan,APAC,Consumer
C5390,2022-08-12,Mexico,North America,Consumer
C5391,2023-11-29,Singapore,APAC,Consumer
C5392,2023-03-25,Spain,Europe,Consumer
C5393,2022-04-06,Japan,APAC,Small Business
C5394,2022-10-22,Germany,Europe,Consumer
C5395,2023-10-08,France,Europe,Consumer
C5396,2022-07-05,Canada,North America,Consumer
C5397,2023-05-30,Singapore,APAC,Consumer
C5398,2023-07-26,Canada,North America,Consumer
C5399,2023-05-21,Singapore,APAC,Enterprise
C5400,2022-03-07,India,APAC,Consumer
C5401,2022-10-01,Singapore,APAC,Consumer
C5402,2022-09-12,United States,North America,Consumer
C5403,2022-09-09,United Kingdom,Europe,Consumer
C5404,2023-10-04,France,Europe,Consumer
C5405,2022-01-05,Japan,APAC,Small Business
C5406,2023-01-29,Brazil,LATAM,Consumer
C5407,2023-12-19,Germany,Europe,Small Business
C5408,2023-10-02,Brazil,LATAM,Consumer
C5409,2023-03-19,Canada,North America,Consumer
C5410,2023-12-30,Germany,Europe,Small Business
C5411,2022-10-21,United States,North America,Small Business
C5412,2023-03-23,Australia,APAC,Enterprise
C5413,2023-02-01,Canada,North America,Consumer
C5414,2022-02-04,United Kingdom,Europe,Enterprise
C5415,2022-01-30,Singapore,APAC,Small Business
C5416,2023-10-17,Spain,Europe,Small Business
C5417,2022-05-07,United States,North America,Consumer
C5418,2022-09-17,United States,North America,Enterprise
C5419,2023-04-01,Spain,Europe,Consumer
C5420,2023-02-25,United Kingdom,Europe,Small Business
C5421,2023-01-11,Canada,North America,Consumer
C5422,2023-12-16,Japan,APAC,Small Business
C5423,2023-07-29,Mexico,North America,Small Business
C5424,2023-11-19,Japan,APAC,Consumer
C5425,2023-04-26,Germany,Europe,Consumer
C5426,2023-12-16,Mexico,North America,Consumer
C5427,2023-03-16,United States,North America,Small Business
C5428,2023-01-31,United Kingdom,Europe,Small Business
C5429,2023-08-19,United States,North America,Small Business
C5430,2023-09-27,United Kingdom,Europe,Small Business
C5431,2022-02-19,Brazil,LATAM,Consumer
C5432,2023-10-27,India,APAC,Consumer
C5433,2023-05-20,Germany,Europe,Consumer
C5434,2023-10-18,Italy,Europe,Small Business
C5435,2023-06-07,Italy,Europe,Consumer
C5436,2023-11-08,India,APAC,Small Business
C5437,2022-07-20,United Kingdom,Europe,Enterprise
C5438,2022-05-17,United Kingdom,Europe,Consumer
C5439,2022-05-23,United Kingdom,Europe,Small Business
C5440,2022-07-04,United States,North America,Consumer
C5441,2022-06-06,United Kingdom,Europe,Consumer
C5442,2022-11-19,Brazil,LATAM,Consumer
C5443,2022-05-25,Brazil,LATAM,Consumer
C5444,2022-04-26,United States,North America,Consumer
C5445,2023-01-18,France,Europe,Consumer
C5446,2023-08-03,Germany,Europe,Consumer
C5447,2022-04-10,Spain,Europe,Consumer
C5448,2023-01-09,Italy,Europe,Consumer
C5449,2023-04-27,United States,North America,Consumer
C5450,2023-05-31,India,APAC,Small Business
C5451,2022-03-18,Argentina,LATAM,Consumer
C5452,2023-06-20,Japan,APAC,Consumer
C5453,2022-01-20,Japan,APAC,Enterprise
C5454,2022-06-22,Spain,Europe,Small Business
C5455,2022-08-22,Germany,Europe,Consumer
C5456,2023-09-15,Canada,North America,Small Business
C5457,2022-05-21,Japan,APAC,Consumer
C5458,2023-07-26,United States,North America,Small Business
C5459,2023-12-23,India,APAC,Consumer
C5460,2023-12-02,France,Europe,Consumer
C5461,2022-08-10,Germany,Europe,Consumer
C5462,2022-03-11,Germany,Europe,Small Business
C5463,2022-06-12,Argentina,LATAM,Consumer
C5464,2023-07-16,Canada,North America,Consumer
C5465,2022-05-24,Canada,North America,Consumer
C5466,2023-04-17,Canada,North America,Small Business
C5467,2022-09-30,Japan,APAC,Consumer
C5468,2023-07-14,Chile,LATAM,Consumer
C5469,2023-03-19,United Kingdom,Europe,Consumer
C5470,2023-03-04,Brazil,LATAM,Small Business
C5471,2023-07-25,United Kingdom,Europe,Consumer
C5472,2023-11-29,Japan,APAC,Enterprise
C5473,2022-09-24,United States,North America,Consumer
C5474,2023-01-22,Spain,Europe,Consumer
C5475,2023-04-02,Japan,APAC,Consumer
C5476,2023-08-24,Italy,Europe,Consumer
C5477,2022-12-18,United Kingdom,Europe,Consumer
C5478,2022-10-01,India,APAC,Consumer
C5479,2023-09-10,Argentina,LATAM,Small Business
C5480,2023-11-27,France,Europe,Consumer
C5481,2023-02-20,Japan,APAC,Consumer
C5482,2022-03-17,Singapore,APAC,Consumer
C5483,2022-07-31,United Kingdom,Europe,Consumer
C5484,2022-12-04,Brazil,LATAM,Consumer
C5485,2023-05-29,United Kingdom,Europe,Consumer
C5486,2023-05-04,Singapore,APAC,Consumer
C5487,2023-08-22,United States,North America,Consumer
C5488,2022-01-22,United Kingdom,Europe,Enterprise
C5489,2022-12-06,Spain,Europe,Consumer
C5490,2023-05-27,Spain,Europe,Enterprise
C5491,2023-12-22,India,APAC,Consumer
C5492,2022-04-14,Chile,LATAM,Small Business
C5493,2023-10-04,United States,North America,Consumer
C5494,2022-01-06,United Kingdom,Europe,Consumer
C5495,2022-05-24,Germany,Europe,Small Business
C5496,2023-09-11,France,Europe,Consumer
C5497,2023-07-29,Spain,Europe,Consumer
C5498,2023-12-12,India,APAC,Small Business
C5499,2023-03-15,Singapore,APAC,Consumer
C5500,2023-03-26,United States,North America,Consumer
C5501,2023-01-26,France,Europe,Consumer
C5502,2023-01-09,Japan,APAC,Consumer
C5503,2023-01-11,France,Europe,Enterprise
C5504,2022-08-02,United States,North America,Consumer
C5505,2023-09-15,Germany,Europe,Consumer
C5506,2022-09-18,Germany,Europe,Consumer
C5507,2023-03-22,Mexico,North America,Enterprise
C5508,2023-05-04,Singapore,APAC,Small Business
C5509,2023-01-28,United Kingdom,Europe,Consumer
C5510,2023-03-23,Japan,APAC,Enterprise
C5511,2022-02-05,Spain,Europe,Consumer
C5512,2022-08-19,Brazil,LATAM,Small Business
C5513,2022-11-24,United States,North America,Consumer
C5514,2022-10-15,United States,North America,Consumer
C5515,2023-10-25,United Kingdom,Europe,Consumer
C5516,2023-10-17,France,Europe,Enterprise
C5517,2023-06-04,United Kingdom,Europe,Enterprise
C5518,2022-09-15,Singapore,APAC,Consumer
C5519,2022-02-07,United Kingdom,Europe,Consumer
C5520,2023-07-06,United States,North America,Consumer
C5521,2023-10-08,Germany,Europe,Consumer
C5522,2022-12-24,Singapore,APAC,Consumer
C5523,2023-08-27,India,APAC,Consumer
C5524,2023-11-11,Australia,APAC,Consumer
C5525,2023-02-04,Italy,Europe,Consumer
C5526,2022-06-02,Australia,APAC,Enterprise
C5527,2022-01-17,Australia,APAC,Consumer
C5528,2023-07-07,United Kingdom,Europe,Consumer
C5529,2023-02-15,Italy,Europe,Consumer
C5530,2022-04-23,Singapore,APAC,Consumer
C5531,2022-02-09,United Kingdom,Europe,Consumer
C5532,2023-12-09,Japan,APAC,Small Business
C5533,2022-08-22,France,Europe,Consumer
C5534,2022-08-27,Spain,Europe,Consumer
C5535,2023-04-05,United States,North America,Small Business
C5536,2022-09-24,Japan,APAC,Consumer
C5537,2023-10-29,Brazil,LATAM,Consumer
C5538,2023-05-13,Canada,North America,Small Business
C5539,2022-09-19,Germany,Europe,Consumer
C5540,2022-07-14,United States,North America,Consumer
C5541,2023-09-20,United States,North America,Small Business
C5542,2023-03-08,Chile,LATAM,Enterprise
C5543,2023-11-02,Spain,Europe,Consumer
C5544,2022-09-09,Germany,Europe,Consumer
C5545,2022-01-16,United Kingdom,Europe,Small Business
C5546,2023-10-19,Chile,LATAM,Consumer
C5547,2022-06-24,United Kingdom,Europe,Consumer
C5548,2023-09-10,Australia,APAC,Consumer
C5549,2023-06-03,United Kingdom,Europe,Small Business
C5550,2022-06-19,United States,North America,Consumer
C5551,2023-07-07,Australia,APAC,Consumer
C5552,2022-03-01,United States,North America,Consumer
C5553,2022-10-14,Australia,APAC,Consumer
C5554,2022-09-18,United Kingdom,Europe,Enterprise
C5555,2023-04-25,Singapore,APAC,Consumer
C5556,2023-01-26,Singapore,APAC,Consumer
C5557,2023-03-23,Australia,APAC,Enterprise
C5558,2022-12-14,United States,North America,Consumer
C5559,2023-06-25,Australia,APAC,Consumer
C5560,2022-04-27,Chile,LATAM,Consumer
C5561,2023-06-09,United Kingdom,Europe,Small Business
C5562,2022-02-06,United Kingdom,Europe,Small Business
C5563,2022-03-04,India,APAC,Small Business
C5564,2023-06-13,Canada,North America,Consumer
C5565,2022-04-26,Japan,APAC,Consumer
C5566,2023-07-17,Singapore,APAC,Consumer
C5567,2022-04-07,United States,North America,Enterprise
C5568,2022-04-18,Italy,Europe,Consumer
C5569,2023-11-12,Italy,Europe,Consumer
C5570,2022-05-10,United Kingdom,Europe,Small Business
C5571,2023-10-29,Brazil,LATAM,Consumer
C5572,2022-09-12,Canada,North America,Consumer
C5573,2023-08-06,Germany,Europe,Consumer
C5574,2023-11-17,India,APAC,Consumer
C5575,2022-03-27,Mexico,North America,Enterprise
C5576,2022-08-30,India,APAC,Consumer
C5577,2023-02-24,United States,North America,Enterprise
C5578,2023-09-24,Spain,Europe,Consumer
C5579,2022-05-17,United States,North America,Consumer
C5580,2022-05-17,Australia,APAC,Enterprise
C5581,2022-09-26,Singapore,APAC,Small Business
C5582,2022-05-30,India,APAC,Consumer
C5583,2022-07-14,Chile,LATAM,Consumer
C5584,2022-04-05,Japan,APAC,Small Business
C5585,2023-08-29,Singapore,APAC,Small Business
C5586,2023-08-05,Spain,Europe,Consumer
C5587,2022-04-16,Brazil,LATAM,Consumer
C5588,2023-01-27,Japan,APAC,Consumer
C5589,2023-04-17,Brazil,LATAM,Consumer
C5590,2023-04-04,United Kingdom,Europe,Consumer
C5591,2023-12-20,Spain,Europe,Consumer
C5592,2023-04-14,Australia,APAC,Consumer
C5593,2023-05-17,Mexico,North America,Consumer
C5594,2022-01-24,Mexico,North America,Consumer
C5595,2022-02-27,Chile,LATAM,Consumer
C5596,2023-03-28,France,Europe,Consumer
C5597,2023-10-25,Canada,North America,Consumer
C5598,2022-10-19,Germany,Europe,Small Business
C5599,2023-04-15,Germany,Europe,Consumer
C5600,2022-06-03,Japan,APAC,Consumer
C5601,2022-11-30,Brazil,LATAM,Consumer
C5602,2023-07-03,Chile,LATAM,Consumer
C5603,2023-04-27,Japan,APAC,Consumer
C5604,2022-03-25,Australia,APAC,Consumer
C5605,2023-10-04,United Kingdom,Europe,Consumer
C5606,2023-11-08,India,APAC,Consumer
C5607,2022-12-15,Mexico,North America,Consumer
C5608,2022-09-06,United States,North America,Consumer
C5609,2023-01-23,Argentina,LATAM,Consumer
C5610,2023-08-08,Brazil,LATAM,Consumer
C5611,2022-11-27,United Kingdom,Europe,Consumer
C5612,2022-01-22,Australia,APAC,Small Business
C5613,2022-02-22,France,Europe,Consumer
C5614,2023-08-16,United Kingdom,Europe,Consumer
C5615,2023-07-29,United Kingdom,Europe,Consumer
C5616,2023-07-18,United States,North America,Consumer
C5617,2022-04-03,Italy,Europe,Small Business
C5618,2022-05-05,France,Europe,Consumer
C5619,2022-10-16,Spain,Europe,Consumer
C5620,2022-06-18,Mexico,North America,Consumer
C5621,2022-10-10,Argentina,LATAM,Small Business
C5622,2023-02-12,Japan,APAC,Consumer
C5623,2022-07-24,Brazil,LATAM,Enterprise
C5624,2022-04-01,United States,North America,Enterprise
C5625,2022-10-21,Japan,APAC,Small Business
C5626,2023-06-12,India,APAC,Consumer
C5627,2023-03-28,Germany,Europe,Consumer
C5628,2022-08-23,Mexico,North America,Consumer
C5629,2022-08-16,United Kingdom,Europe,Small Business
C5630,2023-03-03,United Kingdom,Europe,Consumer
C5631,2022-05-06,France,Europe,Consumer
C5632,2023-09-01,Germany,Europe,Consumer
C5633,2023-09-27,United Kingdom,Europe,Small Business
C5634,2022-01-19,Japan,APAC,Small Business
C5635,2023-12-10,United States,North America,Consumer
C5636,2022-01-18,Germany,Europe,Consumer
C5637,2022-12-01,Australia,APAC,Small Business
C5638,2023-05-03,Canada,North America,Small Business
C5639,2022-08-27,Mexico,North America,Small Business
C5640,2022-05-29,Mexico,North America,Consumer
C5641,2022-02-04,United States,North America,Consumer
C5642,2023-06-15,France,Europe,Small Business
C5643,2022-01-27,United States,North America,Consumer
C5644,2022-12-20,United Kingdom,Europe,Consumer
C5645,2022-10-14,Chile,LATAM,Consumer
C5646,2023-12-08,Brazil,LATAM,Consumer
C5647,2023-11-11,Mexico,North America,Small Business
C5648,2023-08-20,United Kingdom,Europe,Consumer
C5649,2023-06-18,France,Europe,Consumer
C5650,2023-02-01,India,APAC,Consumer
C5651,2022-09-12,India,APAC,Small Business
C5652,2022-05-02,United States,North America,Small Business
C5653,2023-12-08,United States,North America,Consumer
C5654,2022-10-08,Germany,Europe,Small Business
C5655,2022-11-09,Brazil,LATAM,Consumer
C5656,2022-04-14,Brazil,LATAM,Small Business
C5657,2022-07-22,United States,North America,Small Business
C5658,2023-04-09,Italy,Europe,Consumer
C5659,2022-11-08,Canada,North America,Enterprise
C5660,2023-03-04,Australia,APAC,Consumer
C5661,2022-06-04,Brazil,LATAM,Consumer
C5662,2022-03-01,France,Europe,Consumer
C5663,2023-10-09,United States,North America,Small Business
C5664,2022-11-12,Italy,Europe,Consumer
C5665,2022-09-21,Germany,Europe,Consumer
C5666,2022-07-28,India,APAC,Consumer
C5667,2023-04-26,Germany,Europe,Enterprise
C5668,2023-02-16,Brazil,LATAM,Consumer
C5669,2022-10-12,United Kingdom,Europe,Consumer
C5670,2023-11-11,Canada,North America,Consumer
C5671,2023-10-21,United Kingdom,Europe,Small Business
C5672,2022-05-25,United States,North America,Consumer
C5673,2023-04-14,United Kingdom,Europe,Consumer
C5674,2023-12-08,Japan,APAC,Enterprise
C5675,2022-12-23,Canada,North America,Consumer
C5676,2022-01-23,United States,North America,Consumer
C5677,2022-04-07,United States,North America,Small Business
C5678,2023-05-03,United States,North America,Consumer
C5679,2023-10-21,Brazil,LATAM,Consumer
C5680,2022-04-04,Argentina,LATAM,Consumer
C5681,2023-02-04,United States,North America,Small Business
C5682,2022-12-29,Singapore,APAC,Enterprise
C5683,2022-07-28,Australia,APAC,Consumer
C5684,2023-04-07,Chile,LATAM,Consumer
C5685,2023-10-03,Germany,Europe,Consumer
C5686,2022-06-24,United Kingdom,Europe,Consumer
C5687,2022-02-09,France,Europe,Consumer
C5688,2022-09-20,India,APAC,Consumer
C5689,2022-08-18,Australia,APAC,Consumer
C5690,2023-06-15,France,Europe,Consumer
C5691,2023-01-27,United Kingdom,Europe,Consumer
C5692,2022-01-14,Australia,APAC,Consumer
C5693,2022-09-06,India,APAC,Consumer
C5694,2023-06-21,Germany,Europe,Consumer
C5695,2022-12-15,Japan,APAC,Consumer
C5696,2023-02-15,Germany,Europe,Consumer
C5697,2022-07-12,France,Europe,Consumer
C5698,2022-08-22,Spain,Europe,Consumer
C5699,2022-04-05,Singapore,APAC,Small Business
C5700,2022-03-01,Chile,LATAM,Small Business
C5701,2022-01-27,France,Europe,Small Business
C5702,2023-04-01,Germany,Europe,Consumer
C5703,2022-04-26,Germany,Europe,Enterprise
C5704,2023-02-23,United States,North America,Consumer
C5705,2023-11-27,United Kingdom,Europe,Consumer
C5706,2023-05-24,United States,North America,Consumer
C5707,2023-02-25,France,Europe,Consumer
C5708,2022-03-27,Canada,North America,Consumer
C5709,2022-12-23,Germany,Europe,Consumer
C5710,2023-10-13,India,APAC,Small Business
C5711,2022-10-08,United Kingdom,Europe,Consumer
C5712,2023-08-27,Japan,APAC,Consumer
C5713,2023-06-02,Brazil,LATAM,Small Business
C5714,2022-07-14,Italy,Europe,Consumer
C5715,2022-04-14,Mexico,North America,Consumer
C5716,2022-01-13,Germany,Europe,Consumer
C5717,2022-07-21,Japan,APAC,Consumer
C5718,2022-09-01,Spain,Europe,Enterprise
C5719,2023-04-24,Canada,North America,Consumer
C5720,2023-02-22,France,Europe,Small Business
C5721,2022-12-16,Italy,Europe,Consumer
C5722,2023-06-12,United Kingdom,Europe,Small Business
C5723,2023-07-17,Japan,APAC,Small Business
C5724,2023-06-05,United States,North America,Consumer
C5725,2023-10-17,Germany,Europe,Consumer
C5726,2022-09-20,India,APAC,Consumer
C5727,2023-08-25,United Kingdom,Europe,Consumer
C5728,2022-11-04,Japan,APAC,Small Business
C5729,2022-05-15,Germany,Europe,Consumer
C5730,2022-04-17,United Kingdom,Europe,Consumer
C5731,2022-03-08,Brazil,LATAM,Enterprise
C5732,2023-11-29,Germany,Europe,Consumer
C5733,2022-05-04,United Kingdom,Europe,Consumer
C5734,2023-09-02,Brazil,LATAM,Enterprise
C5735,2023-07-26,Singapore,APAC,Enterprise
C5736,2022-11-17,Australia,APAC,Consumer
C5737,2023-10-30,United States,North America,Consumer
C5738,2023-10-26,United States,North America,Enterprise
C5739,2023-11-07,Japan,APAC,Small Business
C5740,2022-12-29,Mexico,North America,Consumer
C5741,2022-08-06,Mexico,North America,Consumer
C5742,2022-02-01,Singapore,APAC,Consumer
C5743,2023-09-06,United Kingdom,Europe,Small Business
C5744,2023-09-30,United States,North America,Small Business
C5745,2023-01-27,United States,North America,Consumer
C5746,2022-02-21,France,Europe,Consumer
C5747,2023-08-24,Japan,APAC,Consumer
C5748,2022-08-06,Brazil,LATAM,Consumer
C5749,2023-02-05,United States,North America,Consumer
C5750,2023-04-27,Mexico,North America,Consumer
C5751,2022-04-17,Spain,Europe,Consumer
C5752,2022-02-15,Germany,Europe,Small Business
C5753,2022-02-27,France,Europe,Consumer
C5754,2023-12-02,Brazil,LATAM,Consumer
C5755,2023-11-30,Italy,Europe,Enterprise
C5756,2022-11-08,Germany,Europe,Small Business
C5757,2022-11-07,Chile,LATAM,Consumer
C5758,2022-10-24,United States,North America,Consumer
C5759,2022-09-13,Argentina,LATAM,Small Business
C5760,2023-02-01,Spain,Europe,Consumer
C5761,2022-09-18,Spain,Europe,Consumer
C5762,2023-03-26,Brazil,LATAM,Consumer
C5763,2022-10-04,Spain,Europe,Consumer
C5764,2023-04-05,France,Europe,Small Business
C5765,2023-11-21,United Kingdom,Europe,Consumer
C5766,2022-05-31,Japan,APAC,Consumer
C5767,2022-02-15,Italy,Europe,Consumer
C5768,2023-01-20,Mexico,North America,Consumer
C5769,2022-03-28,Australia,APAC,Consumer
C5770,2022-06-18,Japan,APAC,Small Business
C5771,2023-07-31,Germany,Europe,Consumer
C5772,2022-11-02,United States,North America,Consumer
C5773,2023-02-06,France,Europe,Consumer
C5774,2023-07-21,United States,North America,Small Business
C5775,2022-04-04,United States,North America,Consumer
C5776,2022-12-16,France,Europe,Enterprise
C5777,2022-01-26,United States,North America,Consumer
C5778,2022-12-31,United Kingdom,Europe,Consumer
C5779,2022-06-13,Japan,APAC,Consumer
C5780,2023-10-28,United Kingdom,Europe,Consumer
C5781,2022-07-10,Chile,LATAM,Enterprise
C5782,2022-05-27,Brazil,LATAM,Enterprise
C5783,2022-01-11,Japan,APAC,Consumer
C5784,2022-04-08,Argentina,LATAM,Consumer
C5785,2022-06-07,Brazil,LATAM,Consumer
C5786,2022-06-16,United Kingdom,Europe,Consumer
C5787,2023-06-23,Singapore,APAC,Small Business
C5788,2023-10-10,United States,North America,Enterprise
C5789,2023-09-17,Australia,APAC,Consumer
C5790,2023-11-30,Spain,Europe,Consumer
C5791,2023-10-18,United States,North America,Small Business
C5792,2022-11-29,United Kingdom,Europe,Consumer
C5793,2022-10-12,Argentina,LATAM,Consumer
C5794,2023-04-19,United Kingdom,Europe,Consumer
C5795,2022-08-22,Canada,North America,Small Business
C5796,2023-03-17,Mexico,North America,Enterprise
C5797,2023-12-31,France,Europe,Consumer
C5798,2022-05-25,India,APAC,Consumer
C5799,2023-07-16,Singapore,APAC,Consumer
C5800,2023-11-14,France,Europe,Consumer
C5801,2023-01-28,Mexico,North America,Consumer
C5802,2022-09-17,United States,North America,Small Business
C5803,2022-07-05,France,Europe,Consumer
C5804,2022-05-03,India,APAC,Consumer
C5805,2022-08-23,Australia,APAC,Consumer
C5806,2023-06-29,Germany,Europe,Consumer
C5807,2023-01-12,Japan,APAC,Small Business
C5808,2022-06-11,France,Europe,Consumer
C5809,2023-01-31,Italy,Europe,Consumer
C5810,2023-08-14,Spain,Europe,Enterprise
C5811,2022-01-10,Australia,APAC,Consumer
C5812,2022-01-16,Spain,Europe,Consumer
C5813,2023-12-02,Argentina,LATAM,Consumer
C5814,2023-07-01,France,Europe,Consumer
C5815,2023-02-25,United States,North America,Consumer
C5816,2023-10-24,United Kingdom,Europe,Small Business
C5817,2023-03-07,Spain,Europe,Consumer
C5818,2023-01-16,Italy,Europe,Consumer
C5819,2022-06-04,Italy,Europe,Small Business
C5820,2023-08-15,Australia,APAC,Consumer
C5821,2023-07-13,United Kingdom,Europe,Consumer
C5822,2022-08-04,Japan,APAC,Consumer
C5823,2023-06-23,Australia,APAC,Consumer
C5824,2023-06-15,Germany,Europe,Consumer
C5825,2022-03-11,Germany,Europe,Consumer
C5826,2022-04-28,Canada,North America,Consumer
C5827,2023-03-11,Germany,Europe,Consumer
C5828,2023-04-01,Singapore,APAC,Consumer
C5829,2023-04-26,Brazil,LATAM,Consumer
C5830,2022-09-30,Japan,APAC,Consumer
C5831,2023-09-02,United Kingdom,Europe,Consumer
C5832,2022-11-22,Australia,APAC,Consumer
C5833,2022-05-31,Australia,APAC,Consumer
C5834,2022-03-26,Germany,Europe,Consumer
C5835,2023-10-03,India,APAC,Consumer
C5836,2023-06-01,United States,North America,Consumer
C5837,2022-12-03,United States,North America,Consumer
C5838,2022-06-02,United States,North America,Small Business
C5839,2022-03-12,Canada,North America,Consumer
C5840,2022-04-22,Brazil,LATAM,Consumer
C5841,2022-03-19,France,Europe,Enterprise
C5842,2023-01-22,United Kingdom,Europe,Consumer
C5843,2022-05-25,France,Europe,Small Business
C5844,2022-04-04,Germany,Europe,Small Business
C5845,2022-07-26,United Kingdom,Europe,Consumer
C5846,2023-05-26,United States,North America,Consumer
C5847,2022-12-29,Japan,APAC,Consumer
C5848,2022-04-23,United States,North America,Enterprise
C5849,2023-07-01,Singapore,APAC,Consumer
C5850,2022-12-24,Mexico,North America,Small Business
C5851,2022-05-17,Australia,APAC,Consumer
C5852,2023-05-20,India,APAC,Consumer
C5853,2023-12-26,United States,North America,Consumer
C5854,2023-01-30,United States,North America,Consumer
C5855,2022-04-28,Argentina,LATAM,Consumer
C5856,2022-08-14,France,Europe,Enterprise
C5857,2023-03-14,Japan,APAC,Consumer
C5858,2023-12-31,United States,North America,Enterprise
C5859,2023-11-10,United Kingdom,Europe,Enterprise
C5860,2023-11-13,Spain,Europe,Consumer
C5861,2023-08-31,Brazil,LATAM,Consumer
C5862,2023-02-24,United Kingdom,Europe,Consumer
C5863,2023-04-18,Singapore,APAC,Consumer
C5864,2023-06-20,Japan,APAC,Enterprise
C5865,2023-06-07,United States,North America,Small Business
C5866,2023-04-12,United Kingdom,Europe,Enterprise
C5867,2022-04-08,United Kingdom,Europe,Consumer
C5868,2023-10-05,France,Europe,Consumer
C5869,2022-01-08,Japan,APAC,Consumer
C5870,2022-11-07,France,Europe,Small Business
C5871,2022-11-13,United Kingdom,Europe,Consumer
C5872,2023-12-29,Australia,APAC,Consumer
C5873,2022-03-07,Japan,APAC,Consumer
C5874,2022-12-14,Spain,Europe,Consumer
C5875,2022-09-19,Italy,Europe,Consumer
C5876,2022-03-13,Mexico,North America,Consumer
C5877,2022-06-13,Australia,APAC,Small Business
C5878,2022-11-05,Germany,Europe,Small Business
C5879,2023-10-31,Germany,Europe,Consumer
C5880,2022-10-11,Canada,North America,Small Business
C5881,2023-10-05,Japan,APAC,Consumer
C5882,2023-06-20,Japan,APAC,Small Business
C5883,2023-08-21,Germany,Europe,Consumer
C5884,2023-09-16,India,APAC,Consumer
C5885,2023-06-06,India,APAC,Consumer
C5886,2023-06-20,United States,North America,Consumer
C5887,2022-04-23,Australia,APAC,Consumer
C5888,2023-06-08,Germany,Europe,Small Business
C5889,2022-02-05,Chile,LATAM,Small Business
C5890,2023-06-23,Mexico,North America,Consumer
C5891,2023-04-23,United Kingdom,Europe,Consumer
C5892,2023-07-07,France,Europe,Small Business
C5893,2023-04-14,United Kingdom,Europe,Consumer
C5894,2022-09-27,Australia,APAC,Consumer
C5895,2022-09-27,France,Europe,Consumer
C5896,2023-03-12,Mexico,North America,Consumer
C5897,2022-12-12,Spain,Europe,Consumer
C5898,2022-09-06,Brazil,LATAM,Consumer
C5899,2022-12-24,India,APAC,Consumer
C5900,2023-01-27,Spain,Europe,Consumer
C5901,2022-06-25,United Kingdom,Europe,Small Business
C5902,2023-04-11,Canada,North America,Consumer
C5903,2022-08-18,Brazil,LATAM,Consumer
C5904,2022-07-15,Australia,APAC,Enterprise
C5905,2022-11-02,Italy,Europe,Small Business
C5906,2022-03-17,Brazil,LATAM,Consumer
C5907,2023-03-17,United States,North America,Consumer
C5908,2023-06-20,Australia,APAC,Consumer
C5909,2023-11-29,Mexico,North America,Consumer
C5910,2022-07-27,United States,North America,Consumer
C5911,2023-01-29,France,Europe,Small Business
C5912,2023-01-03,Germany,Europe,Enterprise
C5913,2023-06-18,Argentina,LATAM,Enterprise
C5914,2023-04-02,United Kingdom,Europe,Consumer
C5915,2023-08-13,India,APAC,Enterprise
C5916,2023-09-13,Singapore,APAC,Enterprise
C5917,2022-03-24,Japan,APAC,Consumer
C5918,2022-09-17,Brazil,LATAM,Consumer
C5919,2023-04-22,Germany,Europe,Consumer
C5920,2023-02-01,Germany,Europe,Consumer
C5921,2022-12-18,Canada,North America,Consumer
C5922,2022-05-07,United Kingdom,Europe,Consumer
C5923,2023-02-22,Brazil,LATAM,Consumer
C5924,2023-06-25,France,Europe,Consumer
C5925,2022-01-29,Germany,Europe,Consumer
C5926,2023-03-08,Mexico,North America,Consumer
C5927,2023-10-24,France,Europe,Small Business
C5928,2023-02-23,Australia,APAC,Enterprise
C5929,2023-11-27,United Kingdom,Europe,Consumer
C5930,2022-09-15,Singapore,APAC,Consumer
C5931,2022-01-03,Japan,APAC,Small Business
C5932,2023-05-13,Singapore,APAC,Consumer
C5933,2022-06-05,United Kingdom,Europe,Enterprise
C5934,2022-01-08,Japan,APAC,Small Business
C5935,2022-05-12,Canada,North America,Consumer
C5936,2023-11-13,Germany,Europe,Consumer
C5937,2023-07-25,Australia,APAC,Consumer
C5938,2022-07-20,Japan,APAC,Consumer
C5939,2023-03-13,Mexico,North America,Consumer
C5940,2022-09-05,India,APAC,Small Business
C5941,2022-05-10,United States,North America,Consumer
C5942,2023-12-23,Japan,APAC,Consumer
C5943,2023-08-18,Chile,LATAM,Consumer
C5944,2022-09-23,Spain,Europe,Consumer
C5945,2022-09-16,India,APAC,Consumer
C5946,2023-08-19,Japan,APAC,Consumer
C5947,2022-12-03,Singapore,APAC,Consumer
C5948,2022-10-03,Japan,APAC,Small Business
C5949,2022-10-10,Australia,APAC,Consumer
C5950,2022-11-23,Mexico,North America,Consumer
C5951,2023-01-16,Australia,APAC,Small Business
C5952,2022-01-30,United Kingdom,Europe,Consumer
C5953,2022-12-17,Chile,LATAM,Small Business
C5954,2022-11-18,Mexico,North America,Consumer
C5955,2022-07-20,United Kingdom,Europe,Small Business
C5956,2022-09-17,India,APAC,Consumer
C5957,2022-11-06,United Kingdom,Europe,Consumer
C5958,2022-09-25,Germany,Europe,Small Business
C5959,2023-10-26,Australia,APAC,Consumer
C5960,2023-01-21,Canada,North America,Small Business
C5961,2023-01-03,Canada,North America,Consumer
C5962,2022-07-11,France,Europe,Consumer
C5963,2023-10-31,United Kingdom,Europe,Consumer
C5964,2022-01-17,United Kingdom,Europe,Small Business
C5965,2023-02-06,United States,North America,Small Business
C5966,2022-05-04,Germany,Europe,Consumer
C5967,2023-07-16,United Kingdom,Europe,Consumer
C5968,2022-10-04,United States,North America,Consumer
C5969,2022-08-03,Japan,APAC,Consumer
C5970,2022-02-12,Japan,APAC,Small Business
C5971,2023-08-01,United States,North America,Consumer
C5972,2022-10-17,United Kingdom,Europe,Consumer
C5973,2022-07-12,Brazil,LATAM,Consumer
C5974,2023-09-09,Japan,APAC,Consumer
C5975,2022-01-15,Germany,Europe,Consumer
C5976,2022-12-09,France,Europe,Consumer
C5977,2022-04-28,Mexico,North America,Consumer
C5978,2022-04-03,India,APAC,Enterprise
C5979,2022-01-16,Brazil,LATAM,Consumer
C5980,2022-05-17,Brazil,LATAM,Small Business
C5981,2023-11-23,Mexico,North America,Consumer
C5982,2022-11-22,United Kingdom,Europe,Consumer
C5983,2023-12-31,Canada,North America,Small Business
C5984,2022-07-15,United Kingdom,Europe,Consumer
C5985,2023-07-11,Germany,Europe,Consumer
C5986,2022-03-07,Japan,APAC,Consumer
C5987,2022-03-20,Mexico,North America,Consumer
C5988,2022-01-12,Brazil,LATAM,Small Business
C5989,2023-10-19,United States,North America,Consumer
C5990,2023-05-06,United States,North America,Consumer
C5991,2023-06-27,India,APAC,Consumer
C5992,2023-11-08,Australia,APAC,Consumer
C5993,2022-08-31,Germany,Europe,Small Business
C5994,2023-06-12,Japan,APAC,Consumer
C5995,2023-01-02,Mexico,North America,Enterprise
C5996,2023-02-01,Canada,North America,Consumer
C5997,2023-04-29,France,Europe,Consumer
C5998,2022-12-10,Germany,Europe,Consumer
C5999,2022-01-18,Japan,APAC,Consumer
